taste_id,인테리어_스타일,메이트_구성,우선순위,예산_범위,선호_라인업,리뷰_기반_추천문구,AI_기반_추천문구
1,모던 & 미니멀 (Modern & Minimal),나 혼자 산다 (1인 가구),인테리어를 완성하는 디자인,500만원 미만 (실속형),500만원 미만 (실속형),"혼자만의만의 모던 & 미니멀 무드

인테리어를 완성하는 디자인을 중시하는 당신을 위해

LG 트롬 오브제컬렉션 세탁기21kg1등급, LG 트롬 오브제컬렉션 세탁기21kg1등급를 골라봤어요.

리뷰에서 역시, 세탁기, 조용하고, 세탁, 좋아요 등의 긍정적 피드백이 많았어요.

500만원 미만 (실속형) 예산으로 완벽한 조합을 제안합니다.","모던 & 미니멀 감성으로 채우는 혼자만의 공간

인테리어를 완성하는 디자인에 최적화된

오브제컬렉션 소형 냉장고, 스타일리시 인덕션, 세련된 식기세척기를 엄선했어요.
500만원 미만 (실속형) 범위에서 인테리어를 완성하는 디자인를 최대화했어요."
2,모던 & 미니멀 (Modern & Minimal),나 혼자 산다 (1인 가구),인테리어를 완성하는 디자인,500만원 미만 (실속형),"500만원 ~ 1,500만원 (표준형)","혼자만의 라이프스타일에 맞는 모던 & 미니멀 인테리어

당신의 인테리어를 완성하는 디자인를 반영해

LG 디오스 AI 오브제컬렉션 STEM 베이직 냉장고 (매직스페이스)854L1등급, LG 디오스 오브제컬렉션 STEM 얼음정수 냉장고 (노크온 매직스페이스)817L2등급로 구성한 패키지입니다.

얼음정수, 얼음, 냉장고, 얼음을, 좋아요 등의 장점이 리뷰에서 자주 나타나요.

/ 한 달
LG 디오스 AI 오브제컬렉션 STEM 냉장고를 사용하고 있는데요,
가족 모두 너무 만족하고 있어서
지인들에게 만날 때마다 추천을 하고 있어요 ^^

직수형 냉장고라 직수관 연결이 필요한데, 깔끔한 설치부터
매일 깨끗한 물과 얼음을
내가 원할 땐 언제든 편하게 사용할 수 있다는 점에서
생각보다 큰 만족감을 주더라고요 효율적인 수납은 물론 디자인 면에 있어서도
포인트가 되어주는 노크온 디스플레이 덕분에 내부 식재료도 확인 가능해서
그만큼 애정이 생기는 디자인입니다 😊

아이스 음료 너무 좋아하고
냉장고 교체 계획이 있으신 분들이라면
저는 정말로 강추!!

500만원 미만 (실속형) 범위에서 실용성과 인테리어를 완성하는 디자인를 모두 고려했습니다.

혼자 사는 공간을 완벽하게 채워드립니다.","모던 & 미니멀로 완성하는 혼자만의 공간

당신의 공간 분위기와 인테리어를 완성하는 디자인를 반영해

오브제컬렉션 소형 냉장고, 스타일리시 인덕션, 세련된 식기세척기 중심으로 구성했어요.
예산은 500만원 미만 (실속형)이지만, 선호 라인업인 500만원 ~ 1,500만원 (표준형) 제품도 고려했어요.
500만원 미만 (실속형) 예산 안에서 인테리어를 완성하는 디자인와 기능성을 모두 담았어요."
3,모던 & 미니멀 (Modern & Minimal),나 혼자 산다 (1인 가구),인테리어를 완성하는 디자인,500만원 미만 (실속형),"1,500만원 ~ 3,000만원 (고급형)","혼자만의 라이프스타일에 맞는 모던 & 미니멀 인테리어

인테리어를 완성하는 디자인을 최우선으로 고려해

LG 트롬 오브제컬렉션 세탁기21kg1등급, LG 트롬 오브제컬렉션 세탁기25kg1등급 중심으로 구성했어요.

세탁기, 조용하고, 세탁, 좋아요, 있어 등의 장점이 리뷰에서 자주 나타나요.

500만원 미만 (실속형) 범위에서 최적의 가성비를 찾았어요.

혼자 사는 공간을 완벽하게 채워드립니다.","모던 & 미니멀 감성으로 채우는 혼자만의 공간

당신의 인테리어를 완성하는 디자인를 고려해

오브제컬렉션 소형 냉장고, 스타일리시 인덕션, 세련된 식기세척기 중심의 조합
500만원 미만 (실속형) 예산 안에서 1,500만원 ~ 3,000만원 (고급형) 스타일을 반영했습니다.
500만원 미만 (실속형) 예산으로 완벽한 조합을 제안합니다.

1인 가구에 최적화된 구성입니다."
4,모던 & 미니멀 (Modern & Minimal),나 혼자 산다 (1인 가구),인테리어를 완성하는 디자인,500만원 미만 (실속형),"3,000만원 이상 (하이엔드)","혼자만의만의 모던 & 미니멀 무드

인테리어를 완성하는 디자인을 중시하는 당신을 위해

LG 트롬 오브제컬렉션 세탁기21kg1등급, LG 트롬 오브제컬렉션 세탁기21kg1등급 중심으로 구성했어요.

리뷰에서 역시, 세탁기, 조용하고, 세탁, 좋아요 등의 긍정적 피드백이 많았어요.

500만원 미만 (실속형) 범위에서 실용성과 인테리어를 완성하는 디자인를 모두 고려했습니다.","모던 & 미니멀 스타일의 혼자만의 홈을 위한

인테리어를 완성하는 디자인에 맞춘

오브제컬렉션 소형 냉장고, 스타일리시 인덕션, 세련된 식기세척기를 골라봤어요.
예산은 500만원 미만 (실속형)이지만, 선호 라인업인 3,000만원 이상 (하이엔드) 제품도 고려했어요.
500만원 미만 (실속형) 예산으로 최고의 선택을 제안드립니다."
5,모던 & 미니멀 (Modern & Minimal),나 혼자 산다 (1인 가구),인테리어를 완성하는 디자인,"500만원 ~ 1,500만원 (표준형)",500만원 미만 (실속형),"모던 & 미니멀 감성으로 채우는 혼자만의 공간

인테리어를 완성하는 디자인을 중시하는 당신을 위해

LG 디오스 오브제컬렉션 냉장고 Fit & Max + LG 디오스 오브제컬렉션 김치톡톡(본체), LG 디오스 AI 오브제컬렉션 STEM 얼음정수 냉장고 (노크온 매직스페이스)817L2등급 중심으로 구성했어요.

실제 사용자들이 냉장고, 얼음, 냉장고를, 정말, 분들은 등을 강점으로 꼽았어요.

한눈에 다 보여서
사용하기 편리하고
김치 냉장고 상칸은 야채,과일로,
하칸은 냉동으로 사용하니 수납 걱정할 필요가 없네요
이사가서 나란히 놓으면 더 예쁘겠죠~ / 디자인이 깔끔하고 이뻐요
양문형쓰다가 핏앤믹스 냉장고 써보니까 냉동실이
작아요' 라는 의견이 반복적으로 나타나 이 모델을 추천할 만합니다.

500만원 ~ 1,500만원 (표준형) 예산으로 인테리어를 완성하는 디자인를 만족시켜드려요.","혼자만의만의 모던 & 미니멀 스타일

인테리어를 완성하는 디자인에 특화된

오브제컬렉션 소형 냉장고, 스타일리시 인덕션, 세련된 식기세척기를 엄선했어요.
예산은 500만원 ~ 1,500만원 (표준형)이지만, 선호 라인업인 500만원 미만 (실속형) 제품도 고려했어요.
500만원 ~ 1,500만원 (표준형) 예산으로 완벽한 조합을 제안합니다."
6,모던 & 미니멀 (Modern & Minimal),나 혼자 산다 (1인 가구),인테리어를 완성하는 디자인,"500만원 ~ 1,500만원 (표준형)","500만원 ~ 1,500만원 (표준형)","혼자만의 라이프스타일에 맞는 모던 & 미니멀 인테리어

인테리어를 완성하는 디자인을 최우선으로 고려해

LG 디오스 오브제컬렉션 냉장고 Fit & Max + LG 디오스 오브제컬렉션 김치톡톡(본체), LG 디오스 AI 오브제컬렉션 STEM 얼음정수 냉장고 (노크온 매직스페이스)817L2등급 중심으로 구성했어요.

냉장고, 얼음, 냉장고를, 정말, 분들은 등의 장점이 리뷰에서 자주 나타나요.

실제 사용자들이 한눈에 다 보여서
사용하기 편리하고
김치 냉장고 상칸은 야채,과일로,
하칸은 냉동으로 사용하니 수납 걱정할 필요가 없네요
이사가서 나란히 놓으면 더 예쁘겠죠~ / 디자인이 깔끔하고 이뻐요
양문형쓰다가 핏앤믹스 냉장고 써보니까 냉동실이
작아요' 라는 의견이 반복적으로 나타나 이 모델을 추천할 만합니다.라고 평가했어요.

500만원 ~ 1,500만원 (표준형) 범위에서 최적의 가성비를 찾았어요.

혼자 사는 공간을 완벽하게 채워드립니다.","혼자만의 모던 & 미니멀 스타일의

인테리어를 완성하는 디자인에 맞춘

오브제컬렉션 소형 냉장고, 스타일리시 인덕션, 세련된 식기세척기 중심으로 구성했어요.
500만원 ~ 1,500만원 (표준형) 안에서 오브제컬렉션의 가치를 느껴보세요.

1인 가구에 최적화된 구성입니다."
7,모던 & 미니멀 (Modern & Minimal),나 혼자 산다 (1인 가구),인테리어를 완성하는 디자인,"500만원 ~ 1,500만원 (표준형)","1,500만원 ~ 3,000만원 (고급형)","모던 & 미니멀 스타일의 혼자만의 홈

인테리어를 완성하는 디자인을 중시하는 당신을 위해

LG 디오스 오브제컬렉션 냉장고 Fit & Max + LG 디오스 오브제컬렉션 김치톡톡(본체), LG 디오스 AI 오브제컬렉션 STEM 얼음정수 냉장고 (노크온 매직스페이스)817L2등급로 구성한 패키지입니다.

사용자들이 냉장고, 얼음, 냉장고를, 정말, 분들은 등을 높이 평가했어요.

리뷰에서 한눈에 다 보여서
사용하기 편리하고
김치 냉장고 상칸은 야채,과일로,
하칸은 냉동으로 사용하니 수납 걱정할 필요가 없네요
이사가서 나란히 놓으면 더 예쁘겠죠~ / 디자인이 깔끔하고 이뻐요
양문형쓰다가 핏앤믹스 냉장고 써보니까 냉동실이
작아요' 라는 의견이 반복적으로 나타나 이 모델을 추천할 만합니다.라는 피드백이 많았습니다.

500만원 ~ 1,500만원 (표준형) 예산으로 인테리어를 완성하는 디자인를 충족하는 솔루션입니다.","모던 & 미니멀 감성의 혼자만의 홈

인테리어를 완성하는 디자인을 최우선으로 한

오브제컬렉션 소형 냉장고, 스타일리시 인덕션, 세련된 식기세척기를 엄선했어요.
500만원 ~ 1,500만원 (표준형) 예산 안에서 1,500만원 ~ 3,000만원 (고급형) 스타일을 반영했습니다.
500만원 ~ 1,500만원 (표준형) 예산으로 완벽한 조합을 제안합니다."
8,모던 & 미니멀 (Modern & Minimal),나 혼자 산다 (1인 가구),인테리어를 완성하는 디자인,"500만원 ~ 1,500만원 (표준형)","3,000만원 이상 (하이엔드)","혼자만의 모던 & 미니멀 무드를 완성하는 스타일

당신의 인테리어를 완성하는 디자인 니즈를 충족시키기 위해

LG 디오스 오브제컬렉션 냉장고 Fit & Max + LG 디오스 오브제컬렉션 김치톡톡(본체), LG 디오스 AI 오브제컬렉션 STEM 얼음정수 냉장고 (노크온 매직스페이스)817L2등급를 골라봤어요.

리뷰에서 자주 언급되는 냉장고, 얼음, 냉장고를, 정말, 분들은 등의 특징이 돋보여요.

한눈에 다 보여서
사용하기 편리하고
김치 냉장고 상칸은 야채,과일로,
하칸은 냉동으로 사용하니 수납 걱정할 필요가 없네요
이사가서 나란히 놓으면 더 예쁘겠죠~ / 디자인이 깔끔하고 이뻐요
양문형쓰다가 핏앤믹스 냉장고 써보니까 냉동실이
작아요' 라는 의견이 반복적으로 나타나 이 모델을 추천할 만합니다.

500만원 ~ 1,500만원 (표준형) 범위에서 최적의 가성비를 찾았어요.

혼자 사는 공간을 완벽하게 채워드립니다.","모던 & 미니멀 감성으로 채우는 혼자만의 공간

인테리어를 완성하는 디자인에 최적화된

오브제컬렉션 소형 냉장고, 스타일리시 인덕션, 세련된 식기세척기로 완성합니다.
500만원 ~ 1,500만원 (표준형) 예산 안에서 3,000만원 이상 (하이엔드) 스타일을 반영했습니다.
500만원 ~ 1,500만원 (표준형) 안에서 디자인과 기능의 균형을 맞췄어요."
9,모던 & 미니멀 (Modern & Minimal),나 혼자 산다 (1인 가구),인테리어를 완성하는 디자인,"1,500만원 ~ 3,000만원 (고급형)",500만원 미만 (실속형),"모던 & 미니멀 스타일의 혼자만의 홈

당신의 인테리어를 완성하는 디자인를 반영해

LG 트롬 오브제컬렉션 세탁기21kg1등급, LG 트롬 오브제컬렉션 세탁기24kg1등급 중심으로 구성했어요.

사용자들이 세탁기, 사용하고, 좋아요, 기존, 좋습니다 등을 높이 평가했어요.

1,500만원 ~ 3,000만원 (고급형) 안에서 인테리어를 완성하는 디자인와 실용성을 모두 고려했어요.","혼자만의 모던 & 미니멀 스타일의

인테리어를 완성하는 디자인을 우선시하는

시그니처 소형 냉장고, 프리미엄 인덕션, 디자인 식기세척기 조합을 제안드려요.
1,500만원 ~ 3,000만원 (고급형) 예산 안에서 500만원 미만 (실속형) 스타일을 반영했습니다.
1,500만원 ~ 3,000만원 (고급형) 예산으로 최고의 선택을 제안드립니다."
10,모던 & 미니멀 (Modern & Minimal),나 혼자 산다 (1인 가구),인테리어를 완성하는 디자인,"1,500만원 ~ 3,000만원 (고급형)","500만원 ~ 1,500만원 (표준형)","모던 & 미니멀 스타일의 혼자만의 홈

인테리어를 완성하는 디자인을 중시하는 당신을 위해

LG 디오스 오브제컬렉션 STEM 베이직 냉장고 Fit & Max + LG 디오스 오브제컬렉션 김치톡톡 Fit & Max, LG 디오스 오브제컬렉션 STEM 베이직 냉장고 Fit & Max + LG 디오스 오브제컬렉션 김치톡톡 Fit & Max 중심으로 구성했어요.

사용자들이 냉장고, 깔끔하고, 들어요, 좋아요, 분들은 등을 높이 평가했어요.

너무 예쁘고 기능도 좋아요 / 냉장고가 심플하고 깔끔해서 너무 좋고~
종류별 냉장온도 많은 사용자 리뷰에서 '예쁘고 맘에 들어요 / 너무 마음에 들어요 굿 / 와이파이로 핸드폰에 알려주는 기능도 너무 좋고 수납공간이 생각보다 넓어서 너무 만족스럽습니다' 라는 의견이 반복적으로 나타나 이 모델을 추천할 만합니다.

1,500만원 ~ 3,000만원 (고급형) 범위에서 실용성과 인테리어를 완성하는 디자인를 모두 고려했습니다.","모던 & 미니멀로 완성하는 혼자만의 공간

인테리어를 완성하는 디자인을 우선시하는

시그니처 소형 냉장고, 프리미엄 인덕션, 디자인 식기세척기 세트
예산은 1,500만원 ~ 3,000만원 (고급형)이지만, 선호 라인업인 500만원 ~ 1,500만원 (표준형) 제품도 고려했어요.
1,500만원 ~ 3,000만원 (고급형) 예산으로 인테리어를 완성하는 디자인를 만족시켜드려요."
11,모던 & 미니멀 (Modern & Minimal),나 혼자 산다 (1인 가구),인테리어를 완성하는 디자인,"1,500만원 ~ 3,000만원 (고급형)","1,500만원 ~ 3,000만원 (고급형)","모던 & 미니멀 스타일의 혼자만의 홈

인테리어를 완성하는 디자인을 중시하는 당신을 위해

LG 트롬 오브제컬렉션 세탁기21kg1등급, LG 트롬 오브제컬렉션 세탁기24kg1등급 조합을 제안합니다.

사용자들이 세탁기, 사용하고, 좋아요, 기존, 좋습니다 등을 높이 평가했어요.

1,500만원 ~ 3,000만원 (고급형) 예산으로 최고의 선택을 제안드립니다.

1인 생활에 맞춘 실용적인 선택입니다.","혼자만의 라이프스타일에 맞는 모던 & 미니멀 인테리어

당신의 인테리어를 완성하는 디자인를 고려해

시그니처 소형 냉장고, 프리미엄 인덕션, 디자인 식기세척기를 엄선했어요.
1,500만원 ~ 3,000만원 (고급형) 예산으로 완벽한 조합을 제안합니다.

혼자 사는 공간을 완벽하게 채워드립니다."
12,모던 & 미니멀 (Modern & Minimal),나 혼자 산다 (1인 가구),인테리어를 완성하는 디자인,"1,500만원 ~ 3,000만원 (고급형)","3,000만원 이상 (하이엔드)","혼자만의만의 모던 & 미니멀 무드

인테리어를 완성하는 디자인을 중시하는 당신을 위해

LG 트롬 오브제컬렉션 세탁기21kg1등급, LG 트롬 오브제컬렉션 세탁기24kg1등급를 엄선해 추천드려요.

리뷰에서 세탁기, 사용하고, 좋아요, 기존, 좋습니다 등의 긍정적 피드백이 많았어요.

1,500만원 ~ 3,000만원 (고급형) 범위에서 최적의 가성비를 찾았어요.","혼자만의 모던 & 미니멀 무드를 완성하는 오브제컬렉션 스타일

인테리어를 완성하는 디자인을 중심으로

시그니처 소형 냉장고, 프리미엄 인덕션, 디자인 식기세척기 조합을 제안드려요.
예산은 1,500만원 ~ 3,000만원 (고급형)이지만, 선호 라인업인 3,000만원 이상 (하이엔드) 제품도 고려했어요.
1,500만원 ~ 3,000만원 (고급형) 예산으로 완벽한 조합을 제안합니다.

혼자만의 공간을 더욱 특별하게 만들어드려요."
13,모던 & 미니멀 (Modern & Minimal),나 혼자 산다 (1인 가구),인테리어를 완성하는 디자인,"3,000만원 이상 (하이엔드)",500만원 미만 (실속형),"혼자만의 라이프스타일에 맞는 모던 & 미니멀 인테리어

당신의 인테리어를 완성하는 디자인 니즈를 충족시키기 위해

LG 트롬 오브제컬렉션 세탁기21kg1등급, LG 트롬 오브제컬렉션 세탁기24kg1등급로 구성한 패키지입니다.

세탁기, 사용하고, 좋아요, 기존, 좋습니다 등의 장점이 리뷰에서 자주 나타나요.

3,000만원 이상 (하이엔드) 예산으로 최고의 선택을 제안드립니다.

혼자 사는 공간을 완벽하게 채워드립니다.","혼자만의 모던 & 미니멀 무드를 완성하는

인테리어를 완성하는 디자인을 우선시하는

시그니처 소형 냉장고, 프리미엄 인덕션, 디자인 식기세척기를 엄선했어요.
3,000만원 이상 (하이엔드) 예산 안에서 500만원 미만 (실속형) 스타일을 반영했습니다.
3,000만원 이상 (하이엔드) 예산으로 완벽한 조합을 제안합니다.

1인 가구에 최적화된 구성입니다."
14,모던 & 미니멀 (Modern & Minimal),나 혼자 산다 (1인 가구),인테리어를 완성하는 디자인,"3,000만원 이상 (하이엔드)","500만원 ~ 1,500만원 (표준형)","혼자만의 모던 & 미니멀 무드를 완성하는 스타일

당신의 인테리어를 완성하는 디자인를 반영해

LG 디오스 오브제컬렉션 STEM 베이직 냉장고 Fit & Max + LG 디오스 오브제컬렉션 김치톡톡 Fit & Max, LG 디오스 오브제컬렉션 냉장고 Fit & Max + LG 디오스 오브제컬렉션 김치톡톡(본체) 조합을 제안합니다.

리뷰에서 자주 언급되는 냉장고, 들어요, 얼음, 냉장고를, 분들은 등의 특징이 돋보여요.

많은 사용자 리뷰에서 '예쁘고 맘에 들어요 / 너무 마음에 들어요 굿 / 와이파이로 핸드폰에 알려주는 기능도 너무 좋고 수납공간이 생각보다 넓어서 너무 만족스럽습니다' 라는 의견이 반복적으로 나타나 이 모델을 추천할 만합니다. 한눈에 다 보여서
사용하기 편리하고
김치 냉장고 상칸은 야채,과일로,
하칸은 냉동으로 사용하니 수납 걱정할 필요가 없네요
이사가서 나란히 놓으면 더 예쁘겠죠~ / 디자인이 깔끔하고 이뻐요
양문형쓰다가 핏앤믹스 냉장고 써보니까 냉동실이
작아요' 라는 의견이 반복적으로 나타나 이 모델을 추천할 만합니다.

3,000만원 이상 (하이엔드) 범위에서 최적의 가성비를 찾았어요.","혼자만의 라이프스타일에 맞는 모던 & 미니멀 인테리어

인테리어를 완성하는 디자인을 중시하는 당신을 위해

시그니처 소형 냉장고, 프리미엄 인덕션, 디자인 식기세척기로 완성합니다.
예산 범위는 3,000만원 이상 (하이엔드)이며, 500만원 ~ 1,500만원 (표준형) 제품을 우선 추천드려요.
3,000만원 이상 (하이엔드) 예산으로 인테리어를 완성하는 디자인를 만족시켜드려요."
15,모던 & 미니멀 (Modern & Minimal),나 혼자 산다 (1인 가구),인테리어를 완성하는 디자인,"3,000만원 이상 (하이엔드)","1,500만원 ~ 3,000만원 (고급형)","혼자만의만의 모던 & 미니멀 무드

인테리어를 완성하는 디자인을 중시하는 당신을 위해

LG 트롬 오브제컬렉션 세탁기24kg1등급, LG 트롬 오브제컬렉션 세탁기19kg1등급를 골라봤어요.

리뷰에서 세탁기, 예쁘고, 좋아요, 기존, 좋습니다 등의 긍정적 피드백이 많았어요.

3,000만원 이상 (하이엔드) 안에서 인테리어를 완성하는 디자인와 디자인의 균형을 맞췄어요.","혼자만의 모던 & 미니멀 스타일의

인테리어를 완성하는 디자인을 반영한

시그니처 소형 냉장고, 프리미엄 인덕션, 디자인 식기세척기를 엄선했어요.
3,000만원 이상 (하이엔드) 예산 안에서 1,500만원 ~ 3,000만원 (고급형) 스타일을 반영했습니다.
3,000만원 이상 (하이엔드) 범위에서 인테리어를 완성하는 디자인를 최대화했어요."
16,모던 & 미니멀 (Modern & Minimal),나 혼자 산다 (1인 가구),인테리어를 완성하는 디자인,"3,000만원 이상 (하이엔드)","3,000만원 이상 (하이엔드)","혼자만의 모던 & 미니멀 무드를 완성하는 스타일

당신의 인테리어를 완성하는 디자인 니즈를 충족시키기 위해

LG 트롬 오브제컬렉션 세탁기21kg1등급, LG 트롬 오브제컬렉션 세탁기24kg1등급로 구성한 패키지입니다.

리뷰에서 자주 언급되는 세탁기, 사용하고, 좋아요, 기존, 좋습니다 등의 특징이 돋보여요.

3,000만원 이상 (하이엔드) 범위에서 최적의 가성비를 찾았어요.

혼자만의 공간을 더욱 특별하게 만들어드려요.","혼자만의 라이프스타일에 맞는 모던 & 미니멀 인테리어

당신의 인테리어를 완성하는 디자인 니즈를 충족시키는

시그니처 소형 냉장고, 프리미엄 인덕션, 디자인 식기세척기 패키지
3,000만원 이상 (하이엔드) 안에서 오브제컬렉션의 가치를 느껴보세요."
17,모던 & 미니멀 (Modern & Minimal),나 혼자 산다 (1인 가구),삶을 편하게 해주는 AI/스마트 기능,500만원 미만 (실속형),500만원 미만 (실속형),"혼자만의 모던 & 미니멀 무드를 완성하는 스타일

삶을 편하게 해주는 AI/스마트 기능에 최적화해

LG 디오스 AI 오브제컬렉션 냉장고 (양문형)832L2등급, LG 디오스 AI 오브제컬렉션 냉장고 (양문형)832L1등급를 엄선해 추천드려요.

리뷰에서 자주 언급되는 성능, 냉장고, 좋아요, 기존, 무엇보다 등의 특징이 돋보여요.

500만원 미만 (실속형) 안에서 삶을 편하게 해주는 AI/스마트 기능와 실용성을 모두 고려했어요.","모던 & 미니멀 스타일의 혼자만의 홈을 위한

삶을 편하게 해주는 AI/스마트 기능을 반영한

AI 소형 냉장고, 스마트 TV, 음성인식 가전를 골라봤어요.
500만원 미만 (실속형) 범위에서 삶을 편하게 해주는 AI/스마트 기능를 최대화했어요."
18,모던 & 미니멀 (Modern & Minimal),나 혼자 산다 (1인 가구),삶을 편하게 해주는 AI/스마트 기능,500만원 미만 (실속형),"500만원 ~ 1,500만원 (표준형)","모던 & 미니멀 스타일의 혼자만의 홈

삶을 편하게 해주는 AI/스마트 기능을 중시하는 당신을 위해

LG 디오스 AI 오브제컬렉션 STEM 얼음정수 냉장고 (노크온 매직스페이스)817L2등급, LG 디오스 AI 오브제컬렉션 STEM 베이직 냉장고 (매직스페이스)854L1등급로 구성한 패키지입니다.

사용자들이 얼음, 냉장고, 냉장고를, 얼음을, 좋아요 등을 높이 평가했어요.

500만원 미만 (실속형) 범위에서 최적의 가성비를 찾았어요.","혼자만의 모던 & 미니멀 스타일의

삶을 편하게 해주는 AI/스마트 기능을 최우선으로 한

AI 소형 냉장고, 스마트 TV, 음성인식 가전로 완성합니다.
500만원 미만 (실속형) 예산 안에서 500만원 ~ 1,500만원 (표준형) 스타일을 반영했습니다.
500만원 미만 (실속형) 예산으로 완벽한 조합을 제안합니다."
19,모던 & 미니멀 (Modern & Minimal),나 혼자 산다 (1인 가구),삶을 편하게 해주는 AI/스마트 기능,500만원 미만 (실속형),"1,500만원 ~ 3,000만원 (고급형)","모던 & 미니멀 스타일의 혼자만의 홈

삶을 편하게 해주는 AI/스마트 기능을 최우선으로 고려해

LG 디오스 AI 오브제컬렉션 냉장고 (양문형)832L2등급, LG 디오스 AI 오브제컬렉션 냉장고 (양문형)832L1등급로 구성한 패키지입니다.

사용자들이 성능, 냉장고, 좋아요, 기존, 무엇보다 등을 높이 평가했어요.

500만원 미만 (실속형) 범위에서 삶을 편하게 해주는 AI/스마트 기능를 최대화했어요.","혼자만의 모던 & 미니멀 무드를 완성하는

삶을 편하게 해주는 AI/스마트 기능을 중시하는 당신을 위해

AI 소형 냉장고, 스마트 TV, 음성인식 가전로 구성했습니다.
500만원 미만 (실속형) 예산 안에서 1,500만원 ~ 3,000만원 (고급형) 스타일을 반영했습니다.
500만원 미만 (실속형) 예산으로 최고의 선택을 제안드립니다."
20,모던 & 미니멀 (Modern & Minimal),나 혼자 산다 (1인 가구),삶을 편하게 해주는 AI/스마트 기능,500만원 미만 (실속형),"3,000만원 이상 (하이엔드)","모던 & 미니멀 스타일의 혼자만의 홈

삶을 편하게 해주는 AI/스마트 기능을 최우선으로 고려해

LG 디오스 AI 오브제컬렉션 냉장고 (양문형)832L2등급, LG 디오스 AI 오브제컬렉션 냉장고 (양문형)832L1등급를 엄선해 추천드려요.

사용자들이 성능, 냉장고, 좋아요, 기존, 무엇보다 등을 높이 평가했어요.

500만원 미만 (실속형) 범위에서 실용성과 삶을 편하게 해주는 AI/스마트 기능를 모두 고려했습니다.

1인 생활에 맞춘 실용적인 선택입니다.","모던 & 미니멀 스타일의 혼자만의 홈을 위한

당신의 삶을 편하게 해주는 AI/스마트 기능 니즈를 충족시키는

AI 소형 냉장고, 스마트 TV, 음성인식 가전 세트
예산은 500만원 미만 (실속형)이지만, 선호 라인업인 3,000만원 이상 (하이엔드) 제품도 고려했어요.
500만원 미만 (실속형) 범위에서 삶을 편하게 해주는 AI/스마트 기능를 최대화했어요."
