순위,Taste ID,제품 ID,모델명,카테고리,점수,가격
1,2,1279,LG 디오스 오브제컬렉션 와인셀러8병,KITCHEN,0.830,329000
2,2,1074,LG 일반냉장고 오브제컬렉션215L3등급,KITCHEN,0.830,500000
3,2,917,LG 디오스 오브제컬렉션 전자레인지23L,KITCHEN,0.830,184000
4,2,916,LG 디오스 오브제컬렉션 전자레인지25L,KITCHEN,0.830,269000
5,2,914,LG 디오스 오브제컬렉션 전자레인지23L,KITCHEN,0.830,180000
6,2,913,LG 디오스 오브제컬렉션 광파오븐39L,KITCHEN,0.830,427000
7,2,912,LG 디오스 오브제컬렉션 전자레인지20L,KITCHEN,0.830,152000
8,2,911,LG 디오스 오브제컬렉션 광파오븐39L,KITCHEN,0.830,399000
9,11,1330,LG 퓨리케어 오브제컬렉션 얼음정수기,KITCHEN,0.830,2282000
10,11,1282,LG 디오스 오브제컬렉션 와인셀러77병,KITCHEN,0.830,2000000
11,11,1281,LG 디오스 오브제컬렉션 와인셀러121병,KITCHEN,0.830,2000000
12,11,1280,LG 디오스 오브제컬렉션 와인셀러81병,KITCHEN,0.830,2500000
13,11,1270,LG 디오스 오브제컬렉션 식기세척기열풍+스팀,KITCHEN,0.830,2140000
14,11,1267,LG 디오스 오브제컬렉션 식기세척기열풍+스팀,KITCHEN,0.830,2140000
15,11,1259,LG 디오스 오브제컬렉션 식기세척기열풍+스팀,KITCHEN,0.830,2040000
16,11,1258,LG 디오스 오브제컬렉션 식기세척기열풍+스팀,KITCHEN,0.830,2140000
17,11,1257,LG 디오스 AI 오브제컬렉션 식기세척기 + LG 디오스 인덕션,KITCHEN,0.830,2631000
18,11,1256,LG 디오스 AI 오브제컬렉션 식기세척기 + LG 디오스 오브제컬렉션 인덕션,KITCHEN,0.830,2474000
19,12,1330,LG 퓨리케어 오브제컬렉션 얼음정수기,KITCHEN,0.830,2282000
20,12,1282,LG 디오스 오브제컬렉션 와인셀러77병,KITCHEN,0.830,2000000
21,12,1281,LG 디오스 오브제컬렉션 와인셀러121병,KITCHEN,0.830,2000000
22,12,1280,LG 디오스 오브제컬렉션 와인셀러81병,KITCHEN,0.830,2500000
23,12,1270,LG 디오스 오브제컬렉션 식기세척기열풍+스팀,KITCHEN,0.830,2140000
24,12,1267,LG 디오스 오브제컬렉션 식기세척기열풍+스팀,KITCHEN,0.830,2140000
25,12,1259,LG 디오스 오브제컬렉션 식기세척기열풍+스팀,KITCHEN,0.830,2040000
26,12,1258,LG 디오스 오브제컬렉션 식기세척기열풍+스팀,KITCHEN,0.830,2140000
27,12,1257,LG 디오스 AI 오브제컬렉션 식기세척기 + LG 디오스 인덕션,KITCHEN,0.830,2631000
28,12,1256,LG 디오스 AI 오브제컬렉션 식기세척기 + LG 디오스 오브제컬렉션 인덕션,KITCHEN,0.830,2474000
29,13,1330,LG 퓨리케어 오브제컬렉션 얼음정수기,KITCHEN,0.830,2282000
30,13,1282,LG 디오스 오브제컬렉션 와인셀러77병,KITCHEN,0.830,2000000
31,13,1281,LG 디오스 오브제컬렉션 와인셀러121병,KITCHEN,0.830,2000000
32,13,1280,LG 디오스 오브제컬렉션 와인셀러81병,KITCHEN,0.830,2500000
33,13,1270,LG 디오스 오브제컬렉션 식기세척기열풍+스팀,KITCHEN,0.830,2140000
34,13,1267,LG 디오스 오브제컬렉션 식기세척기열풍+스팀,KITCHEN,0.830,2140000
35,13,1259,LG 디오스 오브제컬렉션 식기세척기열풍+스팀,KITCHEN,0.830,2040000
36,13,1258,LG 디오스 오브제컬렉션 식기세척기열풍+스팀,KITCHEN,0.830,2140000
37,13,1257,LG 디오스 AI 오브제컬렉션 식기세척기 + LG 디오스 인덕션,KITCHEN,0.830,2631000
38,13,1256,LG 디오스 AI 오브제컬렉션 식기세척기 + LG 디오스 오브제컬렉션 인덕션,KITCHEN,0.830,2474000
39,17,1279,LG 디오스 오브제컬렉션 와인셀러8병,KITCHEN,0.830,329000
40,17,1074,LG 일반냉장고 오브제컬렉션215L3등급,KITCHEN,0.830,500000
41,17,917,LG 디오스 오브제컬렉션 전자레인지23L,KITCHEN,0.830,184000
42,17,916,LG 디오스 오브제컬렉션 전자레인지25L,KITCHEN,0.830,269000
43,17,914,LG 디오스 오브제컬렉션 전자레인지23L,KITCHEN,0.830,180000
44,17,913,LG 디오스 오브제컬렉션 광파오븐39L,KITCHEN,0.830,427000
45,17,912,LG 디오스 오브제컬렉션 전자레인지20L,KITCHEN,0.830,152000
46,17,911,LG 디오스 오브제컬렉션 광파오븐39L,KITCHEN,0.830,399000
47,18,1279,LG 디오스 오브제컬렉션 와인셀러8병,KITCHEN,0.830,329000
48,18,1074,LG 일반냉장고 오브제컬렉션215L3등급,KITCHEN,0.830,500000
49,18,917,LG 디오스 오브제컬렉션 전자레인지23L,KITCHEN,0.830,184000
50,18,916,LG 디오스 오브제컬렉션 전자레인지25L,KITCHEN,0.830,269000
51,18,914,LG 디오스 오브제컬렉션 전자레인지23L,KITCHEN,0.830,180000
52,18,913,LG 디오스 오브제컬렉션 광파오븐39L,KITCHEN,0.830,427000
53,18,912,LG 디오스 오브제컬렉션 전자레인지20L,KITCHEN,0.830,152000
54,18,911,LG 디오스 오브제컬렉션 광파오븐39L,KITCHEN,0.830,399000
55,28,1330,LG 퓨리케어 오브제컬렉션 얼음정수기,KITCHEN,0.830,2282000
56,28,1282,LG 디오스 오브제컬렉션 와인셀러77병,KITCHEN,0.830,2000000
57,28,1281,LG 디오스 오브제컬렉션 와인셀러121병,KITCHEN,0.830,2000000
58,28,1280,LG 디오스 오브제컬렉션 와인셀러81병,KITCHEN,0.830,2500000
59,28,1270,LG 디오스 오브제컬렉션 식기세척기열풍+스팀,KITCHEN,0.830,2140000
60,28,1267,LG 디오스 오브제컬렉션 식기세척기열풍+스팀,KITCHEN,0.830,2140000
61,28,1259,LG 디오스 오브제컬렉션 식기세척기열풍+스팀,KITCHEN,0.830,2040000
62,28,1258,LG 디오스 오브제컬렉션 식기세척기열풍+스팀,KITCHEN,0.830,2140000
63,28,1257,LG 디오스 AI 오브제컬렉션 식기세척기 + LG 디오스 인덕션,KITCHEN,0.830,2631000
64,28,1256,LG 디오스 AI 오브제컬렉션 식기세척기 + LG 디오스 오브제컬렉션 인덕션,KITCHEN,0.830,2474000
65,32,1330,LG 퓨리케어 오브제컬렉션 얼음정수기,KITCHEN,0.830,2282000
66,32,1282,LG 디오스 오브제컬렉션 와인셀러77병,KITCHEN,0.830,2000000
67,32,1281,LG 디오스 오브제컬렉션 와인셀러121병,KITCHEN,0.830,2000000
68,32,1280,LG 디오스 오브제컬렉션 와인셀러81병,KITCHEN,0.830,2500000
69,32,1270,LG 디오스 오브제컬렉션 식기세척기열풍+스팀,KITCHEN,0.830,2140000
70,32,1267,LG 디오스 오브제컬렉션 식기세척기열풍+스팀,KITCHEN,0.830,2140000
71,32,1259,LG 디오스 오브제컬렉션 식기세척기열풍+스팀,KITCHEN,0.830,2040000
72,32,1258,LG 디오스 오브제컬렉션 식기세척기열풍+스팀,KITCHEN,0.830,2140000
73,32,1257,LG 디오스 AI 오브제컬렉션 식기세척기 + LG 디오스 인덕션,KITCHEN,0.830,2631000
74,32,1256,LG 디오스 AI 오브제컬렉션 식기세척기 + LG 디오스 오브제컬렉션 인덕션,KITCHEN,0.830,2474000
75,41,1330,LG 퓨리케어 오브제컬렉션 얼음정수기,KITCHEN,0.830,2282000
76,41,1282,LG 디오스 오브제컬렉션 와인셀러77병,KITCHEN,0.830,2000000
77,41,1281,LG 디오스 오브제컬렉션 와인셀러121병,KITCHEN,0.830,2000000
78,41,1280,LG 디오스 오브제컬렉션 와인셀러81병,KITCHEN,0.830,2500000
79,41,1270,LG 디오스 오브제컬렉션 식기세척기열풍+스팀,KITCHEN,0.830,2140000
80,41,1267,LG 디오스 오브제컬렉션 식기세척기열풍+스팀,KITCHEN,0.830,2140000
81,41,1259,LG 디오스 오브제컬렉션 식기세척기열풍+스팀,KITCHEN,0.830,2040000
82,41,1258,LG 디오스 오브제컬렉션 식기세척기열풍+스팀,KITCHEN,0.830,2140000
83,41,1257,LG 디오스 AI 오브제컬렉션 식기세척기 + LG 디오스 인덕션,KITCHEN,0.830,2631000
84,41,1256,LG 디오스 AI 오브제컬렉션 식기세척기 + LG 디오스 오브제컬렉션 인덕션,KITCHEN,0.830,2474000
85,49,1279,LG 디오스 오브제컬렉션 와인셀러8병,KITCHEN,0.830,329000
86,49,1074,LG 일반냉장고 오브제컬렉션215L3등급,KITCHEN,0.830,500000
87,49,917,LG 디오스 오브제컬렉션 전자레인지23L,KITCHEN,0.830,184000
88,49,916,LG 디오스 오브제컬렉션 전자레인지25L,KITCHEN,0.830,269000
89,49,914,LG 디오스 오브제컬렉션 전자레인지23L,KITCHEN,0.830,180000
90,49,913,LG 디오스 오브제컬렉션 광파오븐39L,KITCHEN,0.830,427000
91,49,912,LG 디오스 오브제컬렉션 전자레인지20L,KITCHEN,0.830,152000
92,49,911,LG 디오스 오브제컬렉션 광파오븐39L,KITCHEN,0.830,399000
93,50,1279,LG 디오스 오브제컬렉션 와인셀러8병,KITCHEN,0.830,329000
94,50,1074,LG 일반냉장고 오브제컬렉션215L3등급,KITCHEN,0.830,500000
95,50,917,LG 디오스 오브제컬렉션 전자레인지23L,KITCHEN,0.830,184000
96,50,916,LG 디오스 오브제컬렉션 전자레인지25L,KITCHEN,0.830,269000
97,50,914,LG 디오스 오브제컬렉션 전자레인지23L,KITCHEN,0.830,180000
98,50,913,LG 디오스 오브제컬렉션 광파오븐39L,KITCHEN,0.830,427000
99,50,912,LG 디오스 오브제컬렉션 전자레인지20L,KITCHEN,0.830,152000
100,50,911,LG 디오스 오브제컬렉션 광파오븐39L,KITCHEN,0.830,399000
101,59,1330,LG 퓨리케어 오브제컬렉션 얼음정수기,KITCHEN,0.830,2282000
102,59,1282,LG 디오스 오브제컬렉션 와인셀러77병,KITCHEN,0.830,2000000
103,59,1281,LG 디오스 오브제컬렉션 와인셀러121병,KITCHEN,0.830,2000000
104,59,1280,LG 디오스 오브제컬렉션 와인셀러81병,KITCHEN,0.830,2500000
105,59,1270,LG 디오스 오브제컬렉션 식기세척기열풍+스팀,KITCHEN,0.830,2140000
106,59,1267,LG 디오스 오브제컬렉션 식기세척기열풍+스팀,KITCHEN,0.830,2140000
107,59,1259,LG 디오스 오브제컬렉션 식기세척기열풍+스팀,KITCHEN,0.830,2040000
108,59,1258,LG 디오스 오브제컬렉션 식기세척기열풍+스팀,KITCHEN,0.830,2140000
109,59,1257,LG 디오스 AI 오브제컬렉션 식기세척기 + LG 디오스 인덕션,KITCHEN,0.830,2631000
110,59,1256,LG 디오스 AI 오브제컬렉션 식기세척기 + LG 디오스 오브제컬렉션 인덕션,KITCHEN,0.830,2474000
111,62,1330,LG 퓨리케어 오브제컬렉션 얼음정수기,KITCHEN,0.830,2282000
112,62,1282,LG 디오스 오브제컬렉션 와인셀러77병,KITCHEN,0.830,2000000
113,62,1281,LG 디오스 오브제컬렉션 와인셀러121병,KITCHEN,0.830,2000000
114,62,1280,LG 디오스 오브제컬렉션 와인셀러81병,KITCHEN,0.830,2500000
115,62,1270,LG 디오스 오브제컬렉션 식기세척기열풍+스팀,KITCHEN,0.830,2140000
116,62,1267,LG 디오스 오브제컬렉션 식기세척기열풍+스팀,KITCHEN,0.830,2140000
117,62,1259,LG 디오스 오브제컬렉션 식기세척기열풍+스팀,KITCHEN,0.830,2040000
118,62,1258,LG 디오스 오브제컬렉션 식기세척기열풍+스팀,KITCHEN,0.830,2140000
119,62,1257,LG 디오스 AI 오브제컬렉션 식기세척기 + LG 디오스 인덕션,KITCHEN,0.830,2631000
120,62,1256,LG 디오스 AI 오브제컬렉션 식기세척기 + LG 디오스 오브제컬렉션 인덕션,KITCHEN,0.830,2474000
121,67,1279,LG 디오스 오브제컬렉션 와인셀러8병,KITCHEN,0.830,329000
122,67,1074,LG 일반냉장고 오브제컬렉션215L3등급,KITCHEN,0.830,500000
123,67,917,LG 디오스 오브제컬렉션 전자레인지23L,KITCHEN,0.830,184000
124,67,916,LG 디오스 오브제컬렉션 전자레인지25L,KITCHEN,0.830,269000
125,67,914,LG 디오스 오브제컬렉션 전자레인지23L,KITCHEN,0.830,180000
126,67,913,LG 디오스 오브제컬렉션 광파오븐39L,KITCHEN,0.830,427000
127,67,912,LG 디오스 오브제컬렉션 전자레인지20L,KITCHEN,0.830,152000
128,67,911,LG 디오스 오브제컬렉션 광파오븐39L,KITCHEN,0.830,399000
129,76,1330,LG 퓨리케어 오브제컬렉션 얼음정수기,KITCHEN,0.830,2282000
130,76,1282,LG 디오스 오브제컬렉션 와인셀러77병,KITCHEN,0.830,2000000
131,76,1281,LG 디오스 오브제컬렉션 와인셀러121병,KITCHEN,0.830,2000000
132,76,1280,LG 디오스 오브제컬렉션 와인셀러81병,KITCHEN,0.830,2500000
133,76,1270,LG 디오스 오브제컬렉션 식기세척기열풍+스팀,KITCHEN,0.830,2140000
134,76,1267,LG 디오스 오브제컬렉션 식기세척기열풍+스팀,KITCHEN,0.830,2140000
135,76,1259,LG 디오스 오브제컬렉션 식기세척기열풍+스팀,KITCHEN,0.830,2040000
136,76,1258,LG 디오스 오브제컬렉션 식기세척기열풍+스팀,KITCHEN,0.830,2140000
137,76,1257,LG 디오스 AI 오브제컬렉션 식기세척기 + LG 디오스 인덕션,KITCHEN,0.830,2631000
138,76,1256,LG 디오스 AI 오브제컬렉션 식기세척기 + LG 디오스 오브제컬렉션 인덕션,KITCHEN,0.830,2474000
139,77,1330,LG 퓨리케어 오브제컬렉션 얼음정수기,KITCHEN,0.830,2282000
140,77,1282,LG 디오스 오브제컬렉션 와인셀러77병,KITCHEN,0.830,2000000
141,77,1281,LG 디오스 오브제컬렉션 와인셀러121병,KITCHEN,0.830,2000000
142,77,1280,LG 디오스 오브제컬렉션 와인셀러81병,KITCHEN,0.830,2500000
143,77,1270,LG 디오스 오브제컬렉션 식기세척기열풍+스팀,KITCHEN,0.830,2140000
144,77,1267,LG 디오스 오브제컬렉션 식기세척기열풍+스팀,KITCHEN,0.830,2140000
145,77,1259,LG 디오스 오브제컬렉션 식기세척기열풍+스팀,KITCHEN,0.830,2040000
146,77,1258,LG 디오스 오브제컬렉션 식기세척기열풍+스팀,KITCHEN,0.830,2140000
147,77,1257,LG 디오스 AI 오브제컬렉션 식기세척기 + LG 디오스 인덕션,KITCHEN,0.830,2631000
148,77,1256,LG 디오스 AI 오브제컬렉션 식기세척기 + LG 디오스 오브제컬렉션 인덕션,KITCHEN,0.830,2474000
149,81,1279,LG 디오스 오브제컬렉션 와인셀러8병,KITCHEN,0.830,329000
150,81,1074,LG 일반냉장고 오브제컬렉션215L3등급,KITCHEN,0.830,500000
151,81,917,LG 디오스 오브제컬렉션 전자레인지23L,KITCHEN,0.830,184000
152,81,916,LG 디오스 오브제컬렉션 전자레인지25L,KITCHEN,0.830,269000
153,81,914,LG 디오스 오브제컬렉션 전자레인지23L,KITCHEN,0.830,180000
154,81,913,LG 디오스 오브제컬렉션 광파오븐39L,KITCHEN,0.830,427000
155,81,912,LG 디오스 오브제컬렉션 전자레인지20L,KITCHEN,0.830,152000
156,81,911,LG 디오스 오브제컬렉션 광파오븐39L,KITCHEN,0.830,399000
157,84,1279,LG 디오스 오브제컬렉션 와인셀러8병,KITCHEN,0.830,329000
158,84,1074,LG 일반냉장고 오브제컬렉션215L3등급,KITCHEN,0.830,500000
159,84,917,LG 디오스 오브제컬렉션 전자레인지23L,KITCHEN,0.830,184000
160,84,916,LG 디오스 오브제컬렉션 전자레인지25L,KITCHEN,0.830,269000
161,84,914,LG 디오스 오브제컬렉션 전자레인지23L,KITCHEN,0.830,180000
162,84,913,LG 디오스 오브제컬렉션 광파오븐39L,KITCHEN,0.830,427000
163,84,912,LG 디오스 오브제컬렉션 전자레인지20L,KITCHEN,0.830,152000
164,84,911,LG 디오스 오브제컬렉션 광파오븐39L,KITCHEN,0.830,399000
165,92,1330,LG 퓨리케어 오브제컬렉션 얼음정수기,KITCHEN,0.830,2282000
166,92,1282,LG 디오스 오브제컬렉션 와인셀러77병,KITCHEN,0.830,2000000
167,92,1281,LG 디오스 오브제컬렉션 와인셀러121병,KITCHEN,0.830,2000000
168,92,1280,LG 디오스 오브제컬렉션 와인셀러81병,KITCHEN,0.830,2500000
169,92,1270,LG 디오스 오브제컬렉션 식기세척기열풍+스팀,KITCHEN,0.830,2140000
170,92,1267,LG 디오스 오브제컬렉션 식기세척기열풍+스팀,KITCHEN,0.830,2140000
171,92,1259,LG 디오스 오브제컬렉션 식기세척기열풍+스팀,KITCHEN,0.830,2040000
172,92,1258,LG 디오스 오브제컬렉션 식기세척기열풍+스팀,KITCHEN,0.830,2140000
173,92,1257,LG 디오스 AI 오브제컬렉션 식기세척기 + LG 디오스 인덕션,KITCHEN,0.830,2631000
174,92,1256,LG 디오스 AI 오브제컬렉션 식기세척기 + LG 디오스 오브제컬렉션 인덕션,KITCHEN,0.830,2474000
175,95,1330,LG 퓨리케어 오브제컬렉션 얼음정수기,KITCHEN,0.830,2282000
176,95,1282,LG 디오스 오브제컬렉션 와인셀러77병,KITCHEN,0.830,2000000
177,95,1281,LG 디오스 오브제컬렉션 와인셀러121병,KITCHEN,0.830,2000000
178,95,1280,LG 디오스 오브제컬렉션 와인셀러81병,KITCHEN,0.830,2500000
179,95,1270,LG 디오스 오브제컬렉션 식기세척기열풍+스팀,KITCHEN,0.830,2140000
180,95,1267,LG 디오스 오브제컬렉션 식기세척기열풍+스팀,KITCHEN,0.830,2140000
181,95,1259,LG 디오스 오브제컬렉션 식기세척기열풍+스팀,KITCHEN,0.830,2040000
182,95,1258,LG 디오스 오브제컬렉션 식기세척기열풍+스팀,KITCHEN,0.830,2140000
183,95,1257,LG 디오스 AI 오브제컬렉션 식기세척기 + LG 디오스 인덕션,KITCHEN,0.830,2631000
184,95,1256,LG 디오스 AI 오브제컬렉션 식기세척기 + LG 디오스 오브제컬렉션 인덕션,KITCHEN,0.830,2474000
185,100,1279,LG 디오스 오브제컬렉션 와인셀러8병,KITCHEN,0.830,329000
186,100,1074,LG 일반냉장고 오브제컬렉션215L3등급,KITCHEN,0.830,500000
187,100,917,LG 디오스 오브제컬렉션 전자레인지23L,KITCHEN,0.830,184000
188,100,916,LG 디오스 오브제컬렉션 전자레인지25L,KITCHEN,0.830,269000
189,100,914,LG 디오스 오브제컬렉션 전자레인지23L,KITCHEN,0.830,180000
190,100,913,LG 디오스 오브제컬렉션 광파오븐39L,KITCHEN,0.830,427000
191,100,912,LG 디오스 오브제컬렉션 전자레인지20L,KITCHEN,0.830,152000
192,100,911,LG 디오스 오브제컬렉션 광파오븐39L,KITCHEN,0.830,399000
193,131,1279,LG 디오스 오브제컬렉션 와인셀러8병,KITCHEN,0.830,329000
194,131,1074,LG 일반냉장고 오브제컬렉션215L3등급,KITCHEN,0.830,500000
195,131,917,LG 디오스 오브제컬렉션 전자레인지23L,KITCHEN,0.830,184000
196,131,916,LG 디오스 오브제컬렉션 전자레인지25L,KITCHEN,0.830,269000
197,131,914,LG 디오스 오브제컬렉션 전자레인지23L,KITCHEN,0.830,180000
198,131,913,LG 디오스 오브제컬렉션 광파오븐39L,KITCHEN,0.830,427000
199,131,912,LG 디오스 오브제컬렉션 전자레인지20L,KITCHEN,0.830,152000
200,131,911,LG 디오스 오브제컬렉션 광파오븐39L,KITCHEN,0.830,399000
201,132,1279,LG 디오스 오브제컬렉션 와인셀러8병,KITCHEN,0.830,329000
202,132,1074,LG 일반냉장고 오브제컬렉션215L3등급,KITCHEN,0.830,500000
203,132,917,LG 디오스 오브제컬렉션 전자레인지23L,KITCHEN,0.830,184000
204,132,916,LG 디오스 오브제컬렉션 전자레인지25L,KITCHEN,0.830,269000
205,132,914,LG 디오스 오브제컬렉션 전자레인지23L,KITCHEN,0.830,180000
206,132,913,LG 디오스 오브제컬렉션 광파오븐39L,KITCHEN,0.830,427000
207,132,912,LG 디오스 오브제컬렉션 전자레인지20L,KITCHEN,0.830,152000
208,132,911,LG 디오스 오브제컬렉션 광파오븐39L,KITCHEN,0.830,399000
209,140,1330,LG 퓨리케어 오브제컬렉션 얼음정수기,KITCHEN,0.830,2282000
210,140,1282,LG 디오스 오브제컬렉션 와인셀러77병,KITCHEN,0.830,2000000
211,140,1281,LG 디오스 오브제컬렉션 와인셀러121병,KITCHEN,0.830,2000000
212,140,1280,LG 디오스 오브제컬렉션 와인셀러81병,KITCHEN,0.830,2500000
213,140,1270,LG 디오스 오브제컬렉션 식기세척기열풍+스팀,KITCHEN,0.830,2140000
214,140,1267,LG 디오스 오브제컬렉션 식기세척기열풍+스팀,KITCHEN,0.830,2140000
215,140,1259,LG 디오스 오브제컬렉션 식기세척기열풍+스팀,KITCHEN,0.830,2040000
216,140,1258,LG 디오스 오브제컬렉션 식기세척기열풍+스팀,KITCHEN,0.830,2140000
217,140,1257,LG 디오스 AI 오브제컬렉션 식기세척기 + LG 디오스 인덕션,KITCHEN,0.830,2631000
218,140,1256,LG 디오스 AI 오브제컬렉션 식기세척기 + LG 디오스 오브제컬렉션 인덕션,KITCHEN,0.830,2474000
219,143,1330,LG 퓨리케어 오브제컬렉션 얼음정수기,KITCHEN,0.830,2282000
220,143,1282,LG 디오스 오브제컬렉션 와인셀러77병,KITCHEN,0.830,2000000
221,143,1281,LG 디오스 오브제컬렉션 와인셀러121병,KITCHEN,0.830,2000000
222,143,1280,LG 디오스 오브제컬렉션 와인셀러81병,KITCHEN,0.830,2500000
223,143,1270,LG 디오스 오브제컬렉션 식기세척기열풍+스팀,KITCHEN,0.830,2140000
224,143,1267,LG 디오스 오브제컬렉션 식기세척기열풍+스팀,KITCHEN,0.830,2140000
225,143,1259,LG 디오스 오브제컬렉션 식기세척기열풍+스팀,KITCHEN,0.830,2040000
226,143,1258,LG 디오스 오브제컬렉션 식기세척기열풍+스팀,KITCHEN,0.830,2140000
227,143,1257,LG 디오스 AI 오브제컬렉션 식기세척기 + LG 디오스 인덕션,KITCHEN,0.830,2631000
228,143,1256,LG 디오스 AI 오브제컬렉션 식기세척기 + LG 디오스 오브제컬렉션 인덕션,KITCHEN,0.830,2474000
229,147,1279,LG 디오스 오브제컬렉션 와인셀러8병,KITCHEN,0.830,329000
230,147,1074,LG 일반냉장고 오브제컬렉션215L3등급,KITCHEN,0.830,500000
231,147,917,LG 디오스 오브제컬렉션 전자레인지23L,KITCHEN,0.830,184000
232,147,916,LG 디오스 오브제컬렉션 전자레인지25L,KITCHEN,0.830,269000
233,147,914,LG 디오스 오브제컬렉션 전자레인지23L,KITCHEN,0.830,180000
234,147,913,LG 디오스 오브제컬렉션 광파오븐39L,KITCHEN,0.830,427000
235,147,912,LG 디오스 오브제컬렉션 전자레인지20L,KITCHEN,0.830,152000
236,147,911,LG 디오스 오브제컬렉션 광파오븐39L,KITCHEN,0.830,399000
237,155,1330,LG 퓨리케어 오브제컬렉션 얼음정수기,KITCHEN,0.830,2282000
238,155,1282,LG 디오스 오브제컬렉션 와인셀러77병,KITCHEN,0.830,2000000
239,155,1281,LG 디오스 오브제컬렉션 와인셀러121병,KITCHEN,0.830,2000000
240,155,1280,LG 디오스 오브제컬렉션 와인셀러81병,KITCHEN,0.830,2500000
241,155,1270,LG 디오스 오브제컬렉션 식기세척기열풍+스팀,KITCHEN,0.830,2140000
242,155,1267,LG 디오스 오브제컬렉션 식기세척기열풍+스팀,KITCHEN,0.830,2140000
243,155,1259,LG 디오스 오브제컬렉션 식기세척기열풍+스팀,KITCHEN,0.830,2040000
244,155,1258,LG 디오스 오브제컬렉션 식기세척기열풍+스팀,KITCHEN,0.830,2140000
245,155,1257,LG 디오스 AI 오브제컬렉션 식기세척기 + LG 디오스 인덕션,KITCHEN,0.830,2631000
246,155,1256,LG 디오스 AI 오브제컬렉션 식기세척기 + LG 디오스 오브제컬렉션 인덕션,KITCHEN,0.830,2474000
247,175,1330,LG 퓨리케어 오브제컬렉션 얼음정수기,KITCHEN,0.830,2282000
248,175,1282,LG 디오스 오브제컬렉션 와인셀러77병,KITCHEN,0.830,2000000
249,175,1281,LG 디오스 오브제컬렉션 와인셀러121병,KITCHEN,0.830,2000000
250,175,1280,LG 디오스 오브제컬렉션 와인셀러81병,KITCHEN,0.830,2500000
251,175,1270,LG 디오스 오브제컬렉션 식기세척기열풍+스팀,KITCHEN,0.830,2140000
252,175,1267,LG 디오스 오브제컬렉션 식기세척기열풍+스팀,KITCHEN,0.830,2140000
253,175,1259,LG 디오스 오브제컬렉션 식기세척기열풍+스팀,KITCHEN,0.830,2040000
254,175,1258,LG 디오스 오브제컬렉션 식기세척기열풍+스팀,KITCHEN,0.830,2140000
255,175,1257,LG 디오스 AI 오브제컬렉션 식기세척기 + LG 디오스 인덕션,KITCHEN,0.830,2631000
256,175,1256,LG 디오스 AI 오브제컬렉션 식기세척기 + LG 디오스 오브제컬렉션 인덕션,KITCHEN,0.830,2474000
257,178,1279,LG 디오스 오브제컬렉션 와인셀러8병,KITCHEN,0.830,329000
258,178,1074,LG 일반냉장고 오브제컬렉션215L3등급,KITCHEN,0.830,500000
259,178,917,LG 디오스 오브제컬렉션 전자레인지23L,KITCHEN,0.830,184000
260,178,916,LG 디오스 오브제컬렉션 전자레인지25L,KITCHEN,0.830,269000
261,178,914,LG 디오스 오브제컬렉션 전자레인지23L,KITCHEN,0.830,180000
262,178,913,LG 디오스 오브제컬렉션 광파오븐39L,KITCHEN,0.830,427000
263,178,912,LG 디오스 오브제컬렉션 전자레인지20L,KITCHEN,0.830,152000
264,178,911,LG 디오스 오브제컬렉션 광파오븐39L,KITCHEN,0.830,399000
265,180,1279,LG 디오스 오브제컬렉션 와인셀러8병,KITCHEN,0.830,329000
266,180,1074,LG 일반냉장고 오브제컬렉션215L3등급,KITCHEN,0.830,500000
267,180,917,LG 디오스 오브제컬렉션 전자레인지23L,KITCHEN,0.830,184000
268,180,916,LG 디오스 오브제컬렉션 전자레인지25L,KITCHEN,0.830,269000
269,180,914,LG 디오스 오브제컬렉션 전자레인지23L,KITCHEN,0.830,180000
270,180,913,LG 디오스 오브제컬렉션 광파오븐39L,KITCHEN,0.830,427000
271,180,912,LG 디오스 오브제컬렉션 전자레인지20L,KITCHEN,0.830,152000
272,180,911,LG 디오스 오브제컬렉션 광파오븐39L,KITCHEN,0.830,399000
273,578,1279,LG 디오스 오브제컬렉션 와인셀러8병,KITCHEN,0.830,329000
274,578,1074,LG 일반냉장고 오브제컬렉션215L3등급,KITCHEN,0.830,500000
275,578,917,LG 디오스 오브제컬렉션 전자레인지23L,KITCHEN,0.830,184000
276,578,916,LG 디오스 오브제컬렉션 전자레인지25L,KITCHEN,0.830,269000
277,578,914,LG 디오스 오브제컬렉션 전자레인지23L,KITCHEN,0.830,180000
278,578,913,LG 디오스 오브제컬렉션 광파오븐39L,KITCHEN,0.830,427000
279,578,912,LG 디오스 오브제컬렉션 전자레인지20L,KITCHEN,0.830,152000
280,578,911,LG 디오스 오브제컬렉션 광파오븐39L,KITCHEN,0.830,399000
281,579,1279,LG 디오스 오브제컬렉션 와인셀러8병,KITCHEN,0.830,329000
282,579,1074,LG 일반냉장고 오브제컬렉션215L3등급,KITCHEN,0.830,500000
283,579,917,LG 디오스 오브제컬렉션 전자레인지23L,KITCHEN,0.830,184000
284,579,916,LG 디오스 오브제컬렉션 전자레인지25L,KITCHEN,0.830,269000
285,579,914,LG 디오스 오브제컬렉션 전자레인지23L,KITCHEN,0.830,180000
286,579,913,LG 디오스 오브제컬렉션 광파오븐39L,KITCHEN,0.830,427000
287,579,912,LG 디오스 오브제컬렉션 전자레인지20L,KITCHEN,0.830,152000
288,579,911,LG 디오스 오브제컬렉션 광파오븐39L,KITCHEN,0.830,399000
289,580,1279,LG 디오스 오브제컬렉션 와인셀러8병,KITCHEN,0.830,329000
290,580,1074,LG 일반냉장고 오브제컬렉션215L3등급,KITCHEN,0.830,500000
291,580,917,LG 디오스 오브제컬렉션 전자레인지23L,KITCHEN,0.830,184000
292,580,916,LG 디오스 오브제컬렉션 전자레인지25L,KITCHEN,0.830,269000
293,580,914,LG 디오스 오브제컬렉션 전자레인지23L,KITCHEN,0.830,180000
294,580,913,LG 디오스 오브제컬렉션 광파오븐39L,KITCHEN,0.830,427000
295,580,912,LG 디오스 오브제컬렉션 전자레인지20L,KITCHEN,0.830,152000
296,580,911,LG 디오스 오브제컬렉션 광파오븐39L,KITCHEN,0.830,399000
297,585,1330,LG 퓨리케어 오브제컬렉션 얼음정수기,KITCHEN,0.830,2282000
298,585,1282,LG 디오스 오브제컬렉션 와인셀러77병,KITCHEN,0.830,2000000
299,585,1281,LG 디오스 오브제컬렉션 와인셀러121병,KITCHEN,0.830,2000000
300,585,1280,LG 디오스 오브제컬렉션 와인셀러81병,KITCHEN,0.830,2500000
301,585,1270,LG 디오스 오브제컬렉션 식기세척기열풍+스팀,KITCHEN,0.830,2140000
302,585,1267,LG 디오스 오브제컬렉션 식기세척기열풍+스팀,KITCHEN,0.830,2140000
303,585,1259,LG 디오스 오브제컬렉션 식기세척기열풍+스팀,KITCHEN,0.830,2040000
304,585,1258,LG 디오스 오브제컬렉션 식기세척기열풍+스팀,KITCHEN,0.830,2140000
305,585,1257,LG 디오스 AI 오브제컬렉션 식기세척기 + LG 디오스 인덕션,KITCHEN,0.830,2631000
306,585,1256,LG 디오스 AI 오브제컬렉션 식기세척기 + LG 디오스 오브제컬렉션 인덕션,KITCHEN,0.830,2474000
307,586,1330,LG 퓨리케어 오브제컬렉션 얼음정수기,KITCHEN,0.830,2282000
308,586,1282,LG 디오스 오브제컬렉션 와인셀러77병,KITCHEN,0.830,2000000
309,586,1281,LG 디오스 오브제컬렉션 와인셀러121병,KITCHEN,0.830,2000000
310,586,1280,LG 디오스 오브제컬렉션 와인셀러81병,KITCHEN,0.830,2500000
311,586,1270,LG 디오스 오브제컬렉션 식기세척기열풍+스팀,KITCHEN,0.830,2140000
312,586,1267,LG 디오스 오브제컬렉션 식기세척기열풍+스팀,KITCHEN,0.830,2140000
313,586,1259,LG 디오스 오브제컬렉션 식기세척기열풍+스팀,KITCHEN,0.830,2040000
314,586,1258,LG 디오스 오브제컬렉션 식기세척기열풍+스팀,KITCHEN,0.830,2140000
315,586,1257,LG 디오스 AI 오브제컬렉션 식기세척기 + LG 디오스 인덕션,KITCHEN,0.830,2631000
316,586,1256,LG 디오스 AI 오브제컬렉션 식기세척기 + LG 디오스 오브제컬렉션 인덕션,KITCHEN,0.830,2474000
317,592,1330,LG 퓨리케어 오브제컬렉션 얼음정수기,KITCHEN,0.830,2282000
318,592,1282,LG 디오스 오브제컬렉션 와인셀러77병,KITCHEN,0.830,2000000
319,592,1281,LG 디오스 오브제컬렉션 와인셀러121병,KITCHEN,0.830,2000000
320,592,1280,LG 디오스 오브제컬렉션 와인셀러81병,KITCHEN,0.830,2500000
321,592,1270,LG 디오스 오브제컬렉션 식기세척기열풍+스팀,KITCHEN,0.830,2140000
322,592,1267,LG 디오스 오브제컬렉션 식기세척기열풍+스팀,KITCHEN,0.830,2140000
323,592,1259,LG 디오스 오브제컬렉션 식기세척기열풍+스팀,KITCHEN,0.830,2040000
324,592,1258,LG 디오스 오브제컬렉션 식기세척기열풍+스팀,KITCHEN,0.830,2140000
325,592,1257,LG 디오스 AI 오브제컬렉션 식기세척기 + LG 디오스 인덕션,KITCHEN,0.830,2631000
326,592,1256,LG 디오스 AI 오브제컬렉션 식기세척기 + LG 디오스 오브제컬렉션 인덕션,KITCHEN,0.830,2474000
327,596,1279,LG 디오스 오브제컬렉션 와인셀러8병,KITCHEN,0.830,329000
328,596,1074,LG 일반냉장고 오브제컬렉션215L3등급,KITCHEN,0.830,500000
329,596,917,LG 디오스 오브제컬렉션 전자레인지23L,KITCHEN,0.830,184000
330,596,916,LG 디오스 오브제컬렉션 전자레인지25L,KITCHEN,0.830,269000
331,596,914,LG 디오스 오브제컬렉션 전자레인지23L,KITCHEN,0.830,180000
332,596,913,LG 디오스 오브제컬렉션 광파오븐39L,KITCHEN,0.830,427000
333,596,912,LG 디오스 오브제컬렉션 전자레인지20L,KITCHEN,0.830,152000
334,596,911,LG 디오스 오브제컬렉션 광파오븐39L,KITCHEN,0.830,399000
335,607,1330,LG 퓨리케어 오브제컬렉션 얼음정수기,KITCHEN,0.830,2282000
336,607,1282,LG 디오스 오브제컬렉션 와인셀러77병,KITCHEN,0.830,2000000
337,607,1281,LG 디오스 오브제컬렉션 와인셀러121병,KITCHEN,0.830,2000000
338,607,1280,LG 디오스 오브제컬렉션 와인셀러81병,KITCHEN,0.830,2500000
339,607,1270,LG 디오스 오브제컬렉션 식기세척기열풍+스팀,KITCHEN,0.830,2140000
340,607,1267,LG 디오스 오브제컬렉션 식기세척기열풍+스팀,KITCHEN,0.830,2140000
341,607,1259,LG 디오스 오브제컬렉션 식기세척기열풍+스팀,KITCHEN,0.830,2040000
342,607,1258,LG 디오스 오브제컬렉션 식기세척기열풍+스팀,KITCHEN,0.830,2140000
343,607,1257,LG 디오스 AI 오브제컬렉션 식기세척기 + LG 디오스 인덕션,KITCHEN,0.830,2631000
344,607,1256,LG 디오스 AI 오브제컬렉션 식기세척기 + LG 디오스 오브제컬렉션 인덕션,KITCHEN,0.830,2474000
345,610,1279,LG 디오스 오브제컬렉션 와인셀러8병,KITCHEN,0.830,329000
346,610,1074,LG 일반냉장고 오브제컬렉션215L3등급,KITCHEN,0.830,500000
347,610,917,LG 디오스 오브제컬렉션 전자레인지23L,KITCHEN,0.830,184000
348,610,916,LG 디오스 오브제컬렉션 전자레인지25L,KITCHEN,0.830,269000
349,610,914,LG 디오스 오브제컬렉션 전자레인지23L,KITCHEN,0.830,180000
350,610,913,LG 디오스 오브제컬렉션 광파오븐39L,KITCHEN,0.830,427000
351,610,912,LG 디오스 오브제컬렉션 전자레인지20L,KITCHEN,0.830,152000
352,610,911,LG 디오스 오브제컬렉션 광파오븐39L,KITCHEN,0.830,399000
353,612,1279,LG 디오스 오브제컬렉션 와인셀러8병,KITCHEN,0.830,329000
354,612,1074,LG 일반냉장고 오브제컬렉션215L3등급,KITCHEN,0.830,500000
355,612,917,LG 디오스 오브제컬렉션 전자레인지23L,KITCHEN,0.830,184000
356,612,916,LG 디오스 오브제컬렉션 전자레인지25L,KITCHEN,0.830,269000
357,612,914,LG 디오스 오브제컬렉션 전자레인지23L,KITCHEN,0.830,180000
358,612,913,LG 디오스 오브제컬렉션 광파오븐39L,KITCHEN,0.830,427000
359,612,912,LG 디오스 오브제컬렉션 전자레인지20L,KITCHEN,0.830,152000
360,612,911,LG 디오스 오브제컬렉션 광파오븐39L,KITCHEN,0.830,399000
361,636,1330,LG 퓨리케어 오브제컬렉션 얼음정수기,KITCHEN,0.830,2282000
362,636,1282,LG 디오스 오브제컬렉션 와인셀러77병,KITCHEN,0.830,2000000
363,636,1281,LG 디오스 오브제컬렉션 와인셀러121병,KITCHEN,0.830,2000000
364,636,1280,LG 디오스 오브제컬렉션 와인셀러81병,KITCHEN,0.830,2500000
365,636,1270,LG 디오스 오브제컬렉션 식기세척기열풍+스팀,KITCHEN,0.830,2140000
366,636,1267,LG 디오스 오브제컬렉션 식기세척기열풍+스팀,KITCHEN,0.830,2140000
367,636,1259,LG 디오스 오브제컬렉션 식기세척기열풍+스팀,KITCHEN,0.830,2040000
368,636,1258,LG 디오스 오브제컬렉션 식기세척기열풍+스팀,KITCHEN,0.830,2140000
369,636,1257,LG 디오스 AI 오브제컬렉션 식기세척기 + LG 디오스 인덕션,KITCHEN,0.830,2631000
370,636,1256,LG 디오스 AI 오브제컬렉션 식기세척기 + LG 디오스 오브제컬렉션 인덕션,KITCHEN,0.830,2474000
371,638,1330,LG 퓨리케어 오브제컬렉션 얼음정수기,KITCHEN,0.830,2282000
372,638,1282,LG 디오스 오브제컬렉션 와인셀러77병,KITCHEN,0.830,2000000
373,638,1281,LG 디오스 오브제컬렉션 와인셀러121병,KITCHEN,0.830,2000000
374,638,1280,LG 디오스 오브제컬렉션 와인셀러81병,KITCHEN,0.830,2500000
375,638,1270,LG 디오스 오브제컬렉션 식기세척기열풍+스팀,KITCHEN,0.830,2140000
376,638,1267,LG 디오스 오브제컬렉션 식기세척기열풍+스팀,KITCHEN,0.830,2140000
377,638,1259,LG 디오스 오브제컬렉션 식기세척기열풍+스팀,KITCHEN,0.830,2040000
378,638,1258,LG 디오스 오브제컬렉션 식기세척기열풍+스팀,KITCHEN,0.830,2140000
379,638,1257,LG 디오스 AI 오브제컬렉션 식기세척기 + LG 디오스 인덕션,KITCHEN,0.830,2631000
380,638,1256,LG 디오스 AI 오브제컬렉션 식기세척기 + LG 디오스 오브제컬렉션 인덕션,KITCHEN,0.830,2474000
381,642,1279,LG 디오스 오브제컬렉션 와인셀러8병,KITCHEN,0.830,329000
382,642,1074,LG 일반냉장고 오브제컬렉션215L3등급,KITCHEN,0.830,500000
383,642,917,LG 디오스 오브제컬렉션 전자레인지23L,KITCHEN,0.830,184000
384,642,916,LG 디오스 오브제컬렉션 전자레인지25L,KITCHEN,0.830,269000
385,642,914,LG 디오스 오브제컬렉션 전자레인지23L,KITCHEN,0.830,180000
386,642,913,LG 디오스 오브제컬렉션 광파오븐39L,KITCHEN,0.830,427000
387,642,912,LG 디오스 오브제컬렉션 전자레인지20L,KITCHEN,0.830,152000
388,642,911,LG 디오스 오브제컬렉션 광파오븐39L,KITCHEN,0.830,399000
389,649,1330,LG 퓨리케어 오브제컬렉션 얼음정수기,KITCHEN,0.830,2282000
390,649,1282,LG 디오스 오브제컬렉션 와인셀러77병,KITCHEN,0.830,2000000
391,649,1281,LG 디오스 오브제컬렉션 와인셀러121병,KITCHEN,0.830,2000000
392,649,1280,LG 디오스 오브제컬렉션 와인셀러81병,KITCHEN,0.830,2500000
393,649,1270,LG 디오스 오브제컬렉션 식기세척기열풍+스팀,KITCHEN,0.830,2140000
394,649,1267,LG 디오스 오브제컬렉션 식기세척기열풍+스팀,KITCHEN,0.830,2140000
395,649,1259,LG 디오스 오브제컬렉션 식기세척기열풍+스팀,KITCHEN,0.830,2040000
396,649,1258,LG 디오스 오브제컬렉션 식기세척기열풍+스팀,KITCHEN,0.830,2140000
397,649,1257,LG 디오스 AI 오브제컬렉션 식기세척기 + LG 디오스 인덕션,KITCHEN,0.830,2631000
398,649,1256,LG 디오스 AI 오브제컬렉션 식기세척기 + LG 디오스 오브제컬렉션 인덕션,KITCHEN,0.830,2474000
399,653,1330,LG 퓨리케어 오브제컬렉션 얼음정수기,KITCHEN,0.830,2282000
400,653,1282,LG 디오스 오브제컬렉션 와인셀러77병,KITCHEN,0.830,2000000
401,653,1281,LG 디오스 오브제컬렉션 와인셀러121병,KITCHEN,0.830,2000000
402,653,1280,LG 디오스 오브제컬렉션 와인셀러81병,KITCHEN,0.830,2500000
403,653,1270,LG 디오스 오브제컬렉션 식기세척기열풍+스팀,KITCHEN,0.830,2140000
404,653,1267,LG 디오스 오브제컬렉션 식기세척기열풍+스팀,KITCHEN,0.830,2140000
405,653,1259,LG 디오스 오브제컬렉션 식기세척기열풍+스팀,KITCHEN,0.830,2040000
406,653,1258,LG 디오스 오브제컬렉션 식기세척기열풍+스팀,KITCHEN,0.830,2140000
407,653,1257,LG 디오스 AI 오브제컬렉션 식기세척기 + LG 디오스 인덕션,KITCHEN,0.830,2631000
408,653,1256,LG 디오스 AI 오브제컬렉션 식기세척기 + LG 디오스 오브제컬렉션 인덕션,KITCHEN,0.830,2474000
409,655,1330,LG 퓨리케어 오브제컬렉션 얼음정수기,KITCHEN,0.830,2282000
410,655,1282,LG 디오스 오브제컬렉션 와인셀러77병,KITCHEN,0.830,2000000
411,655,1281,LG 디오스 오브제컬렉션 와인셀러121병,KITCHEN,0.830,2000000
412,655,1280,LG 디오스 오브제컬렉션 와인셀러81병,KITCHEN,0.830,2500000
413,655,1270,LG 디오스 오브제컬렉션 식기세척기열풍+스팀,KITCHEN,0.830,2140000
414,655,1267,LG 디오스 오브제컬렉션 식기세척기열풍+스팀,KITCHEN,0.830,2140000
415,655,1259,LG 디오스 오브제컬렉션 식기세척기열풍+스팀,KITCHEN,0.830,2040000
416,655,1258,LG 디오스 오브제컬렉션 식기세척기열풍+스팀,KITCHEN,0.830,2140000
417,655,1257,LG 디오스 AI 오브제컬렉션 식기세척기 + LG 디오스 인덕션,KITCHEN,0.830,2631000
418,655,1256,LG 디오스 AI 오브제컬렉션 식기세척기 + LG 디오스 오브제컬렉션 인덕션,KITCHEN,0.830,2474000
419,656,1330,LG 퓨리케어 오브제컬렉션 얼음정수기,KITCHEN,0.830,2282000
420,656,1282,LG 디오스 오브제컬렉션 와인셀러77병,KITCHEN,0.830,2000000
421,656,1281,LG 디오스 오브제컬렉션 와인셀러121병,KITCHEN,0.830,2000000
422,656,1280,LG 디오스 오브제컬렉션 와인셀러81병,KITCHEN,0.830,2500000
423,656,1270,LG 디오스 오브제컬렉션 식기세척기열풍+스팀,KITCHEN,0.830,2140000
424,656,1267,LG 디오스 오브제컬렉션 식기세척기열풍+스팀,KITCHEN,0.830,2140000
425,656,1259,LG 디오스 오브제컬렉션 식기세척기열풍+스팀,KITCHEN,0.830,2040000
426,656,1258,LG 디오스 오브제컬렉션 식기세척기열풍+스팀,KITCHEN,0.830,2140000
427,656,1257,LG 디오스 AI 오브제컬렉션 식기세척기 + LG 디오스 인덕션,KITCHEN,0.830,2631000
428,656,1256,LG 디오스 AI 오브제컬렉션 식기세척기 + LG 디오스 오브제컬렉션 인덕션,KITCHEN,0.830,2474000
429,670,1330,LG 퓨리케어 오브제컬렉션 얼음정수기,KITCHEN,0.830,2282000
430,670,1282,LG 디오스 오브제컬렉션 와인셀러77병,KITCHEN,0.830,2000000
431,670,1281,LG 디오스 오브제컬렉션 와인셀러121병,KITCHEN,0.830,2000000
432,670,1280,LG 디오스 오브제컬렉션 와인셀러81병,KITCHEN,0.830,2500000
433,670,1270,LG 디오스 오브제컬렉션 식기세척기열풍+스팀,KITCHEN,0.830,2140000
434,670,1267,LG 디오스 오브제컬렉션 식기세척기열풍+스팀,KITCHEN,0.830,2140000
435,670,1259,LG 디오스 오브제컬렉션 식기세척기열풍+스팀,KITCHEN,0.830,2040000
436,670,1258,LG 디오스 오브제컬렉션 식기세척기열풍+스팀,KITCHEN,0.830,2140000
437,670,1257,LG 디오스 AI 오브제컬렉션 식기세척기 + LG 디오스 인덕션,KITCHEN,0.830,2631000
438,670,1256,LG 디오스 AI 오브제컬렉션 식기세척기 + LG 디오스 오브제컬렉션 인덕션,KITCHEN,0.830,2474000
439,675,1279,LG 디오스 오브제컬렉션 와인셀러8병,KITCHEN,0.830,329000
440,675,1074,LG 일반냉장고 오브제컬렉션215L3등급,KITCHEN,0.830,500000
441,675,917,LG 디오스 오브제컬렉션 전자레인지23L,KITCHEN,0.830,184000
442,675,916,LG 디오스 오브제컬렉션 전자레인지25L,KITCHEN,0.830,269000
443,675,914,LG 디오스 오브제컬렉션 전자레인지23L,KITCHEN,0.830,180000
444,675,913,LG 디오스 오브제컬렉션 광파오븐39L,KITCHEN,0.830,427000
445,675,912,LG 디오스 오브제컬렉션 전자레인지20L,KITCHEN,0.830,152000
446,675,911,LG 디오스 오브제컬렉션 광파오븐39L,KITCHEN,0.830,399000
447,684,1330,LG 퓨리케어 오브제컬렉션 얼음정수기,KITCHEN,0.830,2282000
448,684,1282,LG 디오스 오브제컬렉션 와인셀러77병,KITCHEN,0.830,2000000
449,684,1281,LG 디오스 오브제컬렉션 와인셀러121병,KITCHEN,0.830,2000000
450,684,1280,LG 디오스 오브제컬렉션 와인셀러81병,KITCHEN,0.830,2500000
451,684,1270,LG 디오스 오브제컬렉션 식기세척기열풍+스팀,KITCHEN,0.830,2140000
452,684,1267,LG 디오스 오브제컬렉션 식기세척기열풍+스팀,KITCHEN,0.830,2140000
453,684,1259,LG 디오스 오브제컬렉션 식기세척기열풍+스팀,KITCHEN,0.830,2040000
454,684,1258,LG 디오스 오브제컬렉션 식기세척기열풍+스팀,KITCHEN,0.830,2140000
455,684,1257,LG 디오스 AI 오브제컬렉션 식기세척기 + LG 디오스 인덕션,KITCHEN,0.830,2631000
456,684,1256,LG 디오스 AI 오브제컬렉션 식기세척기 + LG 디오스 오브제컬렉션 인덕션,KITCHEN,0.830,2474000
457,686,1330,LG 퓨리케어 오브제컬렉션 얼음정수기,KITCHEN,0.830,2282000
458,686,1282,LG 디오스 오브제컬렉션 와인셀러77병,KITCHEN,0.830,2000000
459,686,1281,LG 디오스 오브제컬렉션 와인셀러121병,KITCHEN,0.830,2000000
460,686,1280,LG 디오스 오브제컬렉션 와인셀러81병,KITCHEN,0.830,2500000
461,686,1270,LG 디오스 오브제컬렉션 식기세척기열풍+스팀,KITCHEN,0.830,2140000
462,686,1267,LG 디오스 오브제컬렉션 식기세척기열풍+스팀,KITCHEN,0.830,2140000
463,686,1259,LG 디오스 오브제컬렉션 식기세척기열풍+스팀,KITCHEN,0.830,2040000
464,686,1258,LG 디오스 오브제컬렉션 식기세척기열풍+스팀,KITCHEN,0.830,2140000
465,686,1257,LG 디오스 AI 오브제컬렉션 식기세척기 + LG 디오스 인덕션,KITCHEN,0.830,2631000
466,686,1256,LG 디오스 AI 오브제컬렉션 식기세척기 + LG 디오스 오브제컬렉션 인덕션,KITCHEN,0.830,2474000
467,691,1279,LG 디오스 오브제컬렉션 와인셀러8병,KITCHEN,0.830,329000
468,691,1074,LG 일반냉장고 오브제컬렉션215L3등급,KITCHEN,0.830,500000
469,691,917,LG 디오스 오브제컬렉션 전자레인지23L,KITCHEN,0.830,184000
470,691,916,LG 디오스 오브제컬렉션 전자레인지25L,KITCHEN,0.830,269000
471,691,914,LG 디오스 오브제컬렉션 전자레인지23L,KITCHEN,0.830,180000
472,691,913,LG 디오스 오브제컬렉션 광파오븐39L,KITCHEN,0.830,427000
473,691,912,LG 디오스 오브제컬렉션 전자레인지20L,KITCHEN,0.830,152000
474,691,911,LG 디오스 오브제컬렉션 광파오븐39L,KITCHEN,0.830,399000
475,701,1330,LG 퓨리케어 오브제컬렉션 얼음정수기,KITCHEN,0.830,2282000
476,701,1282,LG 디오스 오브제컬렉션 와인셀러77병,KITCHEN,0.830,2000000
477,701,1281,LG 디오스 오브제컬렉션 와인셀러121병,KITCHEN,0.830,2000000
478,701,1280,LG 디오스 오브제컬렉션 와인셀러81병,KITCHEN,0.830,2500000
479,701,1270,LG 디오스 오브제컬렉션 식기세척기열풍+스팀,KITCHEN,0.830,2140000
480,701,1267,LG 디오스 오브제컬렉션 식기세척기열풍+스팀,KITCHEN,0.830,2140000
481,701,1259,LG 디오스 오브제컬렉션 식기세척기열풍+스팀,KITCHEN,0.830,2040000
482,701,1258,LG 디오스 오브제컬렉션 식기세척기열풍+스팀,KITCHEN,0.830,2140000
483,701,1257,LG 디오스 AI 오브제컬렉션 식기세척기 + LG 디오스 인덕션,KITCHEN,0.830,2631000
484,701,1256,LG 디오스 AI 오브제컬렉션 식기세척기 + LG 디오스 오브제컬렉션 인덕션,KITCHEN,0.830,2474000
485,702,1330,LG 퓨리케어 오브제컬렉션 얼음정수기,KITCHEN,0.830,2282000
486,702,1282,LG 디오스 오브제컬렉션 와인셀러77병,KITCHEN,0.830,2000000
487,702,1281,LG 디오스 오브제컬렉션 와인셀러121병,KITCHEN,0.830,2000000
488,702,1280,LG 디오스 오브제컬렉션 와인셀러81병,KITCHEN,0.830,2500000
489,702,1270,LG 디오스 오브제컬렉션 식기세척기열풍+스팀,KITCHEN,0.830,2140000
490,702,1267,LG 디오스 오브제컬렉션 식기세척기열풍+스팀,KITCHEN,0.830,2140000
491,702,1259,LG 디오스 오브제컬렉션 식기세척기열풍+스팀,KITCHEN,0.830,2040000
492,702,1258,LG 디오스 오브제컬렉션 식기세척기열풍+스팀,KITCHEN,0.830,2140000
493,702,1257,LG 디오스 AI 오브제컬렉션 식기세척기 + LG 디오스 인덕션,KITCHEN,0.830,2631000
494,702,1256,LG 디오스 AI 오브제컬렉션 식기세척기 + LG 디오스 오브제컬렉션 인덕션,KITCHEN,0.830,2474000
495,707,1279,LG 디오스 오브제컬렉션 와인셀러8병,KITCHEN,0.830,329000
496,707,1074,LG 일반냉장고 오브제컬렉션215L3등급,KITCHEN,0.830,500000
497,707,917,LG 디오스 오브제컬렉션 전자레인지23L,KITCHEN,0.830,184000
498,707,916,LG 디오스 오브제컬렉션 전자레인지25L,KITCHEN,0.830,269000
499,707,914,LG 디오스 오브제컬렉션 전자레인지23L,KITCHEN,0.830,180000
500,707,913,LG 디오스 오브제컬렉션 광파오븐39L,KITCHEN,0.830,427000
501,707,912,LG 디오스 오브제컬렉션 전자레인지20L,KITCHEN,0.830,152000
502,707,911,LG 디오스 오브제컬렉션 광파오븐39L,KITCHEN,0.830,399000
503,713,1330,LG 퓨리케어 오브제컬렉션 얼음정수기,KITCHEN,0.830,2282000
504,713,1282,LG 디오스 오브제컬렉션 와인셀러77병,KITCHEN,0.830,2000000
505,713,1281,LG 디오스 오브제컬렉션 와인셀러121병,KITCHEN,0.830,2000000
506,713,1280,LG 디오스 오브제컬렉션 와인셀러81병,KITCHEN,0.830,2500000
507,713,1270,LG 디오스 오브제컬렉션 식기세척기열풍+스팀,KITCHEN,0.830,2140000
508,713,1267,LG 디오스 오브제컬렉션 식기세척기열풍+스팀,KITCHEN,0.830,2140000
509,713,1259,LG 디오스 오브제컬렉션 식기세척기열풍+스팀,KITCHEN,0.830,2040000
510,713,1258,LG 디오스 오브제컬렉션 식기세척기열풍+스팀,KITCHEN,0.830,2140000
511,713,1257,LG 디오스 AI 오브제컬렉션 식기세척기 + LG 디오스 인덕션,KITCHEN,0.830,2631000
512,713,1256,LG 디오스 AI 오브제컬렉션 식기세척기 + LG 디오스 오브제컬렉션 인덕션,KITCHEN,0.830,2474000
513,715,1330,LG 퓨리케어 오브제컬렉션 얼음정수기,KITCHEN,0.830,2282000
514,715,1282,LG 디오스 오브제컬렉션 와인셀러77병,KITCHEN,0.830,2000000
515,715,1281,LG 디오스 오브제컬렉션 와인셀러121병,KITCHEN,0.830,2000000
516,715,1280,LG 디오스 오브제컬렉션 와인셀러81병,KITCHEN,0.830,2500000
517,715,1270,LG 디오스 오브제컬렉션 식기세척기열풍+스팀,KITCHEN,0.830,2140000
518,715,1267,LG 디오스 오브제컬렉션 식기세척기열풍+스팀,KITCHEN,0.830,2140000
519,715,1259,LG 디오스 오브제컬렉션 식기세척기열풍+스팀,KITCHEN,0.830,2040000
520,715,1258,LG 디오스 오브제컬렉션 식기세척기열풍+스팀,KITCHEN,0.830,2140000
521,715,1257,LG 디오스 AI 오브제컬렉션 식기세척기 + LG 디오스 인덕션,KITCHEN,0.830,2631000
522,715,1256,LG 디오스 AI 오브제컬렉션 식기세척기 + LG 디오스 오브제컬렉션 인덕션,KITCHEN,0.830,2474000
523,716,1330,LG 퓨리케어 오브제컬렉션 얼음정수기,KITCHEN,0.830,2282000
524,716,1282,LG 디오스 오브제컬렉션 와인셀러77병,KITCHEN,0.830,2000000
525,716,1281,LG 디오스 오브제컬렉션 와인셀러121병,KITCHEN,0.830,2000000
526,716,1280,LG 디오스 오브제컬렉션 와인셀러81병,KITCHEN,0.830,2500000
527,716,1270,LG 디오스 오브제컬렉션 식기세척기열풍+스팀,KITCHEN,0.830,2140000
528,716,1267,LG 디오스 오브제컬렉션 식기세척기열풍+스팀,KITCHEN,0.830,2140000
529,716,1259,LG 디오스 오브제컬렉션 식기세척기열풍+스팀,KITCHEN,0.830,2040000
530,716,1258,LG 디오스 오브제컬렉션 식기세척기열풍+스팀,KITCHEN,0.830,2140000
531,716,1257,LG 디오스 AI 오브제컬렉션 식기세척기 + LG 디오스 인덕션,KITCHEN,0.830,2631000
532,716,1256,LG 디오스 AI 오브제컬렉션 식기세척기 + LG 디오스 오브제컬렉션 인덕션,KITCHEN,0.830,2474000
533,729,1330,LG 퓨리케어 오브제컬렉션 얼음정수기,KITCHEN,0.830,2282000
534,729,1282,LG 디오스 오브제컬렉션 와인셀러77병,KITCHEN,0.830,2000000
535,729,1281,LG 디오스 오브제컬렉션 와인셀러121병,KITCHEN,0.830,2000000
536,729,1280,LG 디오스 오브제컬렉션 와인셀러81병,KITCHEN,0.830,2500000
537,729,1270,LG 디오스 오브제컬렉션 식기세척기열풍+스팀,KITCHEN,0.830,2140000
538,729,1267,LG 디오스 오브제컬렉션 식기세척기열풍+스팀,KITCHEN,0.830,2140000
539,729,1259,LG 디오스 오브제컬렉션 식기세척기열풍+스팀,KITCHEN,0.830,2040000
540,729,1258,LG 디오스 오브제컬렉션 식기세척기열풍+스팀,KITCHEN,0.830,2140000
541,729,1257,LG 디오스 AI 오브제컬렉션 식기세척기 + LG 디오스 인덕션,KITCHEN,0.830,2631000
542,729,1256,LG 디오스 AI 오브제컬렉션 식기세척기 + LG 디오스 오브제컬렉션 인덕션,KITCHEN,0.830,2474000
543,731,1330,LG 퓨리케어 오브제컬렉션 얼음정수기,KITCHEN,0.830,2282000
544,731,1282,LG 디오스 오브제컬렉션 와인셀러77병,KITCHEN,0.830,2000000
545,731,1281,LG 디오스 오브제컬렉션 와인셀러121병,KITCHEN,0.830,2000000
546,731,1280,LG 디오스 오브제컬렉션 와인셀러81병,KITCHEN,0.830,2500000
547,731,1270,LG 디오스 오브제컬렉션 식기세척기열풍+스팀,KITCHEN,0.830,2140000
548,731,1267,LG 디오스 오브제컬렉션 식기세척기열풍+스팀,KITCHEN,0.830,2140000
549,731,1259,LG 디오스 오브제컬렉션 식기세척기열풍+스팀,KITCHEN,0.830,2040000
550,731,1258,LG 디오스 오브제컬렉션 식기세척기열풍+스팀,KITCHEN,0.830,2140000
551,731,1257,LG 디오스 AI 오브제컬렉션 식기세척기 + LG 디오스 인덕션,KITCHEN,0.830,2631000
552,731,1256,LG 디오스 AI 오브제컬렉션 식기세척기 + LG 디오스 오브제컬렉션 인덕션,KITCHEN,0.830,2474000
553,745,1330,LG 퓨리케어 오브제컬렉션 얼음정수기,KITCHEN,0.830,2282000
554,745,1282,LG 디오스 오브제컬렉션 와인셀러77병,KITCHEN,0.830,2000000
555,745,1281,LG 디오스 오브제컬렉션 와인셀러121병,KITCHEN,0.830,2000000
556,745,1280,LG 디오스 오브제컬렉션 와인셀러81병,KITCHEN,0.830,2500000
557,745,1270,LG 디오스 오브제컬렉션 식기세척기열풍+스팀,KITCHEN,0.830,2140000
558,745,1267,LG 디오스 오브제컬렉션 식기세척기열풍+스팀,KITCHEN,0.830,2140000
559,745,1259,LG 디오스 오브제컬렉션 식기세척기열풍+스팀,KITCHEN,0.830,2040000
560,745,1258,LG 디오스 오브제컬렉션 식기세척기열풍+스팀,KITCHEN,0.830,2140000
561,745,1257,LG 디오스 AI 오브제컬렉션 식기세척기 + LG 디오스 인덕션,KITCHEN,0.830,2631000
562,745,1256,LG 디오스 AI 오브제컬렉션 식기세척기 + LG 디오스 오브제컬렉션 인덕션,KITCHEN,0.830,2474000
563,748,1330,LG 퓨리케어 오브제컬렉션 얼음정수기,KITCHEN,0.830,2282000
564,748,1282,LG 디오스 오브제컬렉션 와인셀러77병,KITCHEN,0.830,2000000
565,748,1281,LG 디오스 오브제컬렉션 와인셀러121병,KITCHEN,0.830,2000000
566,748,1280,LG 디오스 오브제컬렉션 와인셀러81병,KITCHEN,0.830,2500000
567,748,1270,LG 디오스 오브제컬렉션 식기세척기열풍+스팀,KITCHEN,0.830,2140000
568,748,1267,LG 디오스 오브제컬렉션 식기세척기열풍+스팀,KITCHEN,0.830,2140000
569,748,1259,LG 디오스 오브제컬렉션 식기세척기열풍+스팀,KITCHEN,0.830,2040000
570,748,1258,LG 디오스 오브제컬렉션 식기세척기열풍+스팀,KITCHEN,0.830,2140000
571,748,1257,LG 디오스 AI 오브제컬렉션 식기세척기 + LG 디오스 인덕션,KITCHEN,0.830,2631000
572,748,1256,LG 디오스 AI 오브제컬렉션 식기세척기 + LG 디오스 오브제컬렉션 인덕션,KITCHEN,0.830,2474000
573,762,1330,LG 퓨리케어 오브제컬렉션 얼음정수기,KITCHEN,0.830,2282000
574,762,1282,LG 디오스 오브제컬렉션 와인셀러77병,KITCHEN,0.830,2000000
575,762,1281,LG 디오스 오브제컬렉션 와인셀러121병,KITCHEN,0.830,2000000
576,762,1280,LG 디오스 오브제컬렉션 와인셀러81병,KITCHEN,0.830,2500000
577,762,1270,LG 디오스 오브제컬렉션 식기세척기열풍+스팀,KITCHEN,0.830,2140000
578,762,1267,LG 디오스 오브제컬렉션 식기세척기열풍+스팀,KITCHEN,0.830,2140000
579,762,1259,LG 디오스 오브제컬렉션 식기세척기열풍+스팀,KITCHEN,0.830,2040000
580,762,1258,LG 디오스 오브제컬렉션 식기세척기열풍+스팀,KITCHEN,0.830,2140000
581,762,1257,LG 디오스 AI 오브제컬렉션 식기세척기 + LG 디오스 인덕션,KITCHEN,0.830,2631000
582,762,1256,LG 디오스 AI 오브제컬렉션 식기세척기 + LG 디오스 오브제컬렉션 인덕션,KITCHEN,0.830,2474000
583,768,1330,LG 퓨리케어 오브제컬렉션 얼음정수기,KITCHEN,0.830,2282000
584,768,1282,LG 디오스 오브제컬렉션 와인셀러77병,KITCHEN,0.830,2000000
585,768,1281,LG 디오스 오브제컬렉션 와인셀러121병,KITCHEN,0.830,2000000
586,768,1280,LG 디오스 오브제컬렉션 와인셀러81병,KITCHEN,0.830,2500000
587,768,1270,LG 디오스 오브제컬렉션 식기세척기열풍+스팀,KITCHEN,0.830,2140000
588,768,1267,LG 디오스 오브제컬렉션 식기세척기열풍+스팀,KITCHEN,0.830,2140000
589,768,1259,LG 디오스 오브제컬렉션 식기세척기열풍+스팀,KITCHEN,0.830,2040000
590,768,1258,LG 디오스 오브제컬렉션 식기세척기열풍+스팀,KITCHEN,0.830,2140000
591,768,1257,LG 디오스 AI 오브제컬렉션 식기세척기 + LG 디오스 인덕션,KITCHEN,0.830,2631000
592,768,1256,LG 디오스 AI 오브제컬렉션 식기세척기 + LG 디오스 오브제컬렉션 인덕션,KITCHEN,0.830,2474000
593,193,1279,LG 디오스 오브제컬렉션 와인셀러8병,KITCHEN,0.810,329000
594,193,1074,LG 일반냉장고 오브제컬렉션215L3등급,KITCHEN,0.810,500000
595,193,917,LG 디오스 오브제컬렉션 전자레인지23L,KITCHEN,0.810,184000
596,193,916,LG 디오스 오브제컬렉션 전자레인지25L,KITCHEN,0.810,269000
597,193,914,LG 디오스 오브제컬렉션 전자레인지23L,KITCHEN,0.810,180000
598,193,913,LG 디오스 오브제컬렉션 광파오븐39L,KITCHEN,0.810,427000
599,193,912,LG 디오스 오브제컬렉션 전자레인지20L,KITCHEN,0.810,152000
600,193,911,LG 디오스 오브제컬렉션 광파오븐39L,KITCHEN,0.810,399000
601,196,1279,LG 디오스 오브제컬렉션 와인셀러8병,KITCHEN,0.810,329000
602,196,1074,LG 일반냉장고 오브제컬렉션215L3등급,KITCHEN,0.810,500000
603,196,917,LG 디오스 오브제컬렉션 전자레인지23L,KITCHEN,0.810,184000
604,196,916,LG 디오스 오브제컬렉션 전자레인지25L,KITCHEN,0.810,269000
605,196,914,LG 디오스 오브제컬렉션 전자레인지23L,KITCHEN,0.810,180000
606,196,913,LG 디오스 오브제컬렉션 광파오븐39L,KITCHEN,0.810,427000
607,196,912,LG 디오스 오브제컬렉션 전자레인지20L,KITCHEN,0.810,152000
608,196,911,LG 디오스 오브제컬렉션 광파오븐39L,KITCHEN,0.810,399000
609,206,1330,LG 퓨리케어 오브제컬렉션 얼음정수기,KITCHEN,0.810,2282000
610,206,1282,LG 디오스 오브제컬렉션 와인셀러77병,KITCHEN,0.810,2000000
611,206,1281,LG 디오스 오브제컬렉션 와인셀러121병,KITCHEN,0.810,2000000
612,206,1280,LG 디오스 오브제컬렉션 와인셀러81병,KITCHEN,0.810,2500000
613,206,1270,LG 디오스 오브제컬렉션 식기세척기열풍+스팀,KITCHEN,0.810,2140000
614,206,1267,LG 디오스 오브제컬렉션 식기세척기열풍+스팀,KITCHEN,0.810,2140000
615,206,1259,LG 디오스 오브제컬렉션 식기세척기열풍+스팀,KITCHEN,0.810,2040000
616,206,1258,LG 디오스 오브제컬렉션 식기세척기열풍+스팀,KITCHEN,0.810,2140000
617,206,1257,LG 디오스 AI 오브제컬렉션 식기세척기 + LG 디오스 인덕션,KITCHEN,0.810,2631000
618,206,1256,LG 디오스 AI 오브제컬렉션 식기세척기 + LG 디오스 오브제컬렉션 인덕션,KITCHEN,0.810,2474000
619,212,1279,LG 디오스 오브제컬렉션 와인셀러8병,KITCHEN,0.810,329000
620,212,1074,LG 일반냉장고 오브제컬렉션215L3등급,KITCHEN,0.810,500000
621,212,917,LG 디오스 오브제컬렉션 전자레인지23L,KITCHEN,0.810,184000
622,212,916,LG 디오스 오브제컬렉션 전자레인지25L,KITCHEN,0.810,269000
623,212,914,LG 디오스 오브제컬렉션 전자레인지23L,KITCHEN,0.810,180000
624,212,913,LG 디오스 오브제컬렉션 광파오븐39L,KITCHEN,0.810,427000
625,212,912,LG 디오스 오브제컬렉션 전자레인지20L,KITCHEN,0.810,152000
626,212,911,LG 디오스 오브제컬렉션 광파오븐39L,KITCHEN,0.810,399000
627,233,1330,LG 퓨리케어 오브제컬렉션 얼음정수기,KITCHEN,0.810,2282000
628,233,1282,LG 디오스 오브제컬렉션 와인셀러77병,KITCHEN,0.810,2000000
629,233,1281,LG 디오스 오브제컬렉션 와인셀러121병,KITCHEN,0.810,2000000
630,233,1280,LG 디오스 오브제컬렉션 와인셀러81병,KITCHEN,0.810,2500000
631,233,1270,LG 디오스 오브제컬렉션 식기세척기열풍+스팀,KITCHEN,0.810,2140000
632,233,1267,LG 디오스 오브제컬렉션 식기세척기열풍+스팀,KITCHEN,0.810,2140000
633,233,1259,LG 디오스 오브제컬렉션 식기세척기열풍+스팀,KITCHEN,0.810,2040000
634,233,1258,LG 디오스 오브제컬렉션 식기세척기열풍+스팀,KITCHEN,0.810,2140000
635,233,1257,LG 디오스 AI 오브제컬렉션 식기세척기 + LG 디오스 인덕션,KITCHEN,0.810,2631000
636,233,1256,LG 디오스 AI 오브제컬렉션 식기세척기 + LG 디오스 오브제컬렉션 인덕션,KITCHEN,0.810,2474000
637,235,1330,LG 퓨리케어 오브제컬렉션 얼음정수기,KITCHEN,0.810,2282000
638,235,1282,LG 디오스 오브제컬렉션 와인셀러77병,KITCHEN,0.810,2000000
639,235,1281,LG 디오스 오브제컬렉션 와인셀러121병,KITCHEN,0.810,2000000
640,235,1280,LG 디오스 오브제컬렉션 와인셀러81병,KITCHEN,0.810,2500000
641,235,1270,LG 디오스 오브제컬렉션 식기세척기열풍+스팀,KITCHEN,0.810,2140000
642,235,1267,LG 디오스 오브제컬렉션 식기세척기열풍+스팀,KITCHEN,0.810,2140000
643,235,1259,LG 디오스 오브제컬렉션 식기세척기열풍+스팀,KITCHEN,0.810,2040000
644,235,1258,LG 디오스 오브제컬렉션 식기세척기열풍+스팀,KITCHEN,0.810,2140000
645,235,1257,LG 디오스 AI 오브제컬렉션 식기세척기 + LG 디오스 인덕션,KITCHEN,0.810,2631000
646,235,1256,LG 디오스 AI 오브제컬렉션 식기세척기 + LG 디오스 오브제컬렉션 인덕션,KITCHEN,0.810,2474000
647,239,1330,LG 퓨리케어 오브제컬렉션 얼음정수기,KITCHEN,0.810,2282000
648,239,1282,LG 디오스 오브제컬렉션 와인셀러77병,KITCHEN,0.810,2000000
649,239,1281,LG 디오스 오브제컬렉션 와인셀러121병,KITCHEN,0.810,2000000
650,239,1280,LG 디오스 오브제컬렉션 와인셀러81병,KITCHEN,0.810,2500000
651,239,1270,LG 디오스 오브제컬렉션 식기세척기열풍+스팀,KITCHEN,0.810,2140000
652,239,1267,LG 디오스 오브제컬렉션 식기세척기열풍+스팀,KITCHEN,0.810,2140000
653,239,1259,LG 디오스 오브제컬렉션 식기세척기열풍+스팀,KITCHEN,0.810,2040000
654,239,1258,LG 디오스 오브제컬렉션 식기세척기열풍+스팀,KITCHEN,0.810,2140000
655,239,1257,LG 디오스 AI 오브제컬렉션 식기세척기 + LG 디오스 인덕션,KITCHEN,0.810,2631000
656,239,1256,LG 디오스 AI 오브제컬렉션 식기세척기 + LG 디오스 오브제컬렉션 인덕션,KITCHEN,0.810,2474000
657,241,1279,LG 디오스 오브제컬렉션 와인셀러8병,KITCHEN,0.810,329000
658,241,1074,LG 일반냉장고 오브제컬렉션215L3등급,KITCHEN,0.810,500000
659,241,917,LG 디오스 오브제컬렉션 전자레인지23L,KITCHEN,0.810,184000
660,241,916,LG 디오스 오브제컬렉션 전자레인지25L,KITCHEN,0.810,269000
661,241,914,LG 디오스 오브제컬렉션 전자레인지23L,KITCHEN,0.810,180000
662,241,913,LG 디오스 오브제컬렉션 광파오븐39L,KITCHEN,0.810,427000
663,241,912,LG 디오스 오브제컬렉션 전자레인지20L,KITCHEN,0.810,152000
664,241,911,LG 디오스 오브제컬렉션 광파오븐39L,KITCHEN,0.810,399000
665,244,1279,LG 디오스 오브제컬렉션 와인셀러8병,KITCHEN,0.810,329000
666,244,1074,LG 일반냉장고 오브제컬렉션215L3등급,KITCHEN,0.810,500000
667,244,917,LG 디오스 오브제컬렉션 전자레인지23L,KITCHEN,0.810,184000
668,244,916,LG 디오스 오브제컬렉션 전자레인지25L,KITCHEN,0.810,269000
669,244,914,LG 디오스 오브제컬렉션 전자레인지23L,KITCHEN,0.810,180000
670,244,913,LG 디오스 오브제컬렉션 광파오븐39L,KITCHEN,0.810,427000
671,244,912,LG 디오스 오브제컬렉션 전자레인지20L,KITCHEN,0.810,152000
672,244,911,LG 디오스 오브제컬렉션 광파오븐39L,KITCHEN,0.810,399000
673,260,1279,LG 디오스 오브제컬렉션 와인셀러8병,KITCHEN,0.810,329000
674,260,1074,LG 일반냉장고 오브제컬렉션215L3등급,KITCHEN,0.810,500000
675,260,917,LG 디오스 오브제컬렉션 전자레인지23L,KITCHEN,0.810,184000
676,260,916,LG 디오스 오브제컬렉션 전자레인지25L,KITCHEN,0.810,269000
677,260,914,LG 디오스 오브제컬렉션 전자레인지23L,KITCHEN,0.810,180000
678,260,913,LG 디오스 오브제컬렉션 광파오븐39L,KITCHEN,0.810,427000
679,260,912,LG 디오스 오브제컬렉션 전자레인지20L,KITCHEN,0.810,152000
680,260,911,LG 디오스 오브제컬렉션 광파오븐39L,KITCHEN,0.810,399000
681,273,1279,LG 디오스 오브제컬렉션 와인셀러8병,KITCHEN,0.810,329000
682,273,1074,LG 일반냉장고 오브제컬렉션215L3등급,KITCHEN,0.810,500000
683,273,917,LG 디오스 오브제컬렉션 전자레인지23L,KITCHEN,0.810,184000
684,273,916,LG 디오스 오브제컬렉션 전자레인지25L,KITCHEN,0.810,269000
685,273,914,LG 디오스 오브제컬렉션 전자레인지23L,KITCHEN,0.810,180000
686,273,913,LG 디오스 오브제컬렉션 광파오븐39L,KITCHEN,0.810,427000
687,273,912,LG 디오스 오브제컬렉션 전자레인지20L,KITCHEN,0.810,152000
688,273,911,LG 디오스 오브제컬렉션 광파오븐39L,KITCHEN,0.810,399000
689,274,1279,LG 디오스 오브제컬렉션 와인셀러8병,KITCHEN,0.810,329000
690,274,1074,LG 일반냉장고 오브제컬렉션215L3등급,KITCHEN,0.810,500000
691,274,917,LG 디오스 오브제컬렉션 전자레인지23L,KITCHEN,0.810,184000
692,274,916,LG 디오스 오브제컬렉션 전자레인지25L,KITCHEN,0.810,269000
693,274,914,LG 디오스 오브제컬렉션 전자레인지23L,KITCHEN,0.810,180000
694,274,913,LG 디오스 오브제컬렉션 광파오븐39L,KITCHEN,0.810,427000
695,274,912,LG 디오스 오브제컬렉션 전자레인지20L,KITCHEN,0.810,152000
696,274,911,LG 디오스 오브제컬렉션 광파오븐39L,KITCHEN,0.810,399000
697,284,1330,LG 퓨리케어 오브제컬렉션 얼음정수기,KITCHEN,0.810,2282000
698,284,1282,LG 디오스 오브제컬렉션 와인셀러77병,KITCHEN,0.810,2000000
699,284,1281,LG 디오스 오브제컬렉션 와인셀러121병,KITCHEN,0.810,2000000
700,284,1280,LG 디오스 오브제컬렉션 와인셀러81병,KITCHEN,0.810,2500000
701,284,1270,LG 디오스 오브제컬렉션 식기세척기열풍+스팀,KITCHEN,0.810,2140000
702,284,1267,LG 디오스 오브제컬렉션 식기세척기열풍+스팀,KITCHEN,0.810,2140000
703,284,1259,LG 디오스 오브제컬렉션 식기세척기열풍+스팀,KITCHEN,0.810,2040000
704,284,1258,LG 디오스 오브제컬렉션 식기세척기열풍+스팀,KITCHEN,0.810,2140000
705,284,1257,LG 디오스 AI 오브제컬렉션 식기세척기 + LG 디오스 인덕션,KITCHEN,0.810,2631000
706,284,1256,LG 디오스 AI 오브제컬렉션 식기세척기 + LG 디오스 오브제컬렉션 인덕션,KITCHEN,0.810,2474000
707,285,1330,LG 퓨리케어 오브제컬렉션 얼음정수기,KITCHEN,0.810,2282000
708,285,1282,LG 디오스 오브제컬렉션 와인셀러77병,KITCHEN,0.810,2000000
709,285,1281,LG 디오스 오브제컬렉션 와인셀러121병,KITCHEN,0.810,2000000
710,285,1280,LG 디오스 오브제컬렉션 와인셀러81병,KITCHEN,0.810,2500000
711,285,1270,LG 디오스 오브제컬렉션 식기세척기열풍+스팀,KITCHEN,0.810,2140000
712,285,1267,LG 디오스 오브제컬렉션 식기세척기열풍+스팀,KITCHEN,0.810,2140000
713,285,1259,LG 디오스 오브제컬렉션 식기세척기열풍+스팀,KITCHEN,0.810,2040000
714,285,1258,LG 디오스 오브제컬렉션 식기세척기열풍+스팀,KITCHEN,0.810,2140000
715,285,1257,LG 디오스 AI 오브제컬렉션 식기세척기 + LG 디오스 인덕션,KITCHEN,0.810,2631000
716,285,1256,LG 디오스 AI 오브제컬렉션 식기세척기 + LG 디오스 오브제컬렉션 인덕션,KITCHEN,0.810,2474000
717,287,1330,LG 퓨리케어 오브제컬렉션 얼음정수기,KITCHEN,0.810,2282000
718,287,1282,LG 디오스 오브제컬렉션 와인셀러77병,KITCHEN,0.810,2000000
719,287,1281,LG 디오스 오브제컬렉션 와인셀러121병,KITCHEN,0.810,2000000
720,287,1280,LG 디오스 오브제컬렉션 와인셀러81병,KITCHEN,0.810,2500000
721,287,1270,LG 디오스 오브제컬렉션 식기세척기열풍+스팀,KITCHEN,0.810,2140000
722,287,1267,LG 디오스 오브제컬렉션 식기세척기열풍+스팀,KITCHEN,0.810,2140000
723,287,1259,LG 디오스 오브제컬렉션 식기세척기열풍+스팀,KITCHEN,0.810,2040000
724,287,1258,LG 디오스 오브제컬렉션 식기세척기열풍+스팀,KITCHEN,0.810,2140000
725,287,1257,LG 디오스 AI 오브제컬렉션 식기세척기 + LG 디오스 인덕션,KITCHEN,0.810,2631000
726,287,1256,LG 디오스 AI 오브제컬렉션 식기세척기 + LG 디오스 오브제컬렉션 인덕션,KITCHEN,0.810,2474000
727,301,1330,LG 퓨리케어 오브제컬렉션 얼음정수기,KITCHEN,0.810,2282000
728,301,1282,LG 디오스 오브제컬렉션 와인셀러77병,KITCHEN,0.810,2000000
729,301,1281,LG 디오스 오브제컬렉션 와인셀러121병,KITCHEN,0.810,2000000
730,301,1280,LG 디오스 오브제컬렉션 와인셀러81병,KITCHEN,0.810,2500000
731,301,1270,LG 디오스 오브제컬렉션 식기세척기열풍+스팀,KITCHEN,0.810,2140000
732,301,1267,LG 디오스 오브제컬렉션 식기세척기열풍+스팀,KITCHEN,0.810,2140000
733,301,1259,LG 디오스 오브제컬렉션 식기세척기열풍+스팀,KITCHEN,0.810,2040000
734,301,1258,LG 디오스 오브제컬렉션 식기세척기열풍+스팀,KITCHEN,0.810,2140000
735,301,1257,LG 디오스 AI 오브제컬렉션 식기세척기 + LG 디오스 인덕션,KITCHEN,0.810,2631000
736,301,1256,LG 디오스 AI 오브제컬렉션 식기세척기 + LG 디오스 오브제컬렉션 인덕션,KITCHEN,0.810,2474000
737,304,1330,LG 퓨리케어 오브제컬렉션 얼음정수기,KITCHEN,0.810,2282000
738,304,1282,LG 디오스 오브제컬렉션 와인셀러77병,KITCHEN,0.810,2000000
739,304,1281,LG 디오스 오브제컬렉션 와인셀러121병,KITCHEN,0.810,2000000
740,304,1280,LG 디오스 오브제컬렉션 와인셀러81병,KITCHEN,0.810,2500000
741,304,1270,LG 디오스 오브제컬렉션 식기세척기열풍+스팀,KITCHEN,0.810,2140000
742,304,1267,LG 디오스 오브제컬렉션 식기세척기열풍+스팀,KITCHEN,0.810,2140000
743,304,1259,LG 디오스 오브제컬렉션 식기세척기열풍+스팀,KITCHEN,0.810,2040000
744,304,1258,LG 디오스 오브제컬렉션 식기세척기열풍+스팀,KITCHEN,0.810,2140000
745,304,1257,LG 디오스 AI 오브제컬렉션 식기세척기 + LG 디오스 인덕션,KITCHEN,0.810,2631000
746,304,1256,LG 디오스 AI 오브제컬렉션 식기세척기 + LG 디오스 오브제컬렉션 인덕션,KITCHEN,0.810,2474000
747,318,1330,LG 퓨리케어 오브제컬렉션 얼음정수기,KITCHEN,0.810,2282000
748,318,1282,LG 디오스 오브제컬렉션 와인셀러77병,KITCHEN,0.810,2000000
749,318,1281,LG 디오스 오브제컬렉션 와인셀러121병,KITCHEN,0.810,2000000
750,318,1280,LG 디오스 오브제컬렉션 와인셀러81병,KITCHEN,0.810,2500000
751,318,1270,LG 디오스 오브제컬렉션 식기세척기열풍+스팀,KITCHEN,0.810,2140000
752,318,1267,LG 디오스 오브제컬렉션 식기세척기열풍+스팀,KITCHEN,0.810,2140000
753,318,1259,LG 디오스 오브제컬렉션 식기세척기열풍+스팀,KITCHEN,0.810,2040000
754,318,1258,LG 디오스 오브제컬렉션 식기세척기열풍+스팀,KITCHEN,0.810,2140000
755,318,1257,LG 디오스 AI 오브제컬렉션 식기세척기 + LG 디오스 인덕션,KITCHEN,0.810,2631000
756,318,1256,LG 디오스 AI 오브제컬렉션 식기세척기 + LG 디오스 오브제컬렉션 인덕션,KITCHEN,0.810,2474000
757,321,1279,LG 디오스 오브제컬렉션 와인셀러8병,KITCHEN,0.810,329000
758,321,1074,LG 일반냉장고 오브제컬렉션215L3등급,KITCHEN,0.810,500000
759,321,917,LG 디오스 오브제컬렉션 전자레인지23L,KITCHEN,0.810,184000
760,321,916,LG 디오스 오브제컬렉션 전자레인지25L,KITCHEN,0.810,269000
761,321,914,LG 디오스 오브제컬렉션 전자레인지23L,KITCHEN,0.810,180000
762,321,913,LG 디오스 오브제컬렉션 광파오븐39L,KITCHEN,0.810,427000
763,321,912,LG 디오스 오브제컬렉션 전자레인지20L,KITCHEN,0.810,152000
764,321,911,LG 디오스 오브제컬렉션 광파오븐39L,KITCHEN,0.810,399000
765,323,1279,LG 디오스 오브제컬렉션 와인셀러8병,KITCHEN,0.810,329000
766,323,1074,LG 일반냉장고 오브제컬렉션215L3등급,KITCHEN,0.810,500000
767,323,917,LG 디오스 오브제컬렉션 전자레인지23L,KITCHEN,0.810,184000
768,323,916,LG 디오스 오브제컬렉션 전자레인지25L,KITCHEN,0.810,269000
769,323,914,LG 디오스 오브제컬렉션 전자레인지23L,KITCHEN,0.810,180000
770,323,913,LG 디오스 오브제컬렉션 광파오븐39L,KITCHEN,0.810,427000
771,323,912,LG 디오스 오브제컬렉션 전자레인지20L,KITCHEN,0.810,152000
772,323,911,LG 디오스 오브제컬렉션 광파오븐39L,KITCHEN,0.810,399000
773,331,1330,LG 퓨리케어 오브제컬렉션 얼음정수기,KITCHEN,0.810,2282000
774,331,1282,LG 디오스 오브제컬렉션 와인셀러77병,KITCHEN,0.810,2000000
775,331,1281,LG 디오스 오브제컬렉션 와인셀러121병,KITCHEN,0.810,2000000
776,331,1280,LG 디오스 오브제컬렉션 와인셀러81병,KITCHEN,0.810,2500000
777,331,1270,LG 디오스 오브제컬렉션 식기세척기열풍+스팀,KITCHEN,0.810,2140000
778,331,1267,LG 디오스 오브제컬렉션 식기세척기열풍+스팀,KITCHEN,0.810,2140000
779,331,1259,LG 디오스 오브제컬렉션 식기세척기열풍+스팀,KITCHEN,0.810,2040000
780,331,1258,LG 디오스 오브제컬렉션 식기세척기열풍+스팀,KITCHEN,0.810,2140000
781,331,1257,LG 디오스 AI 오브제컬렉션 식기세척기 + LG 디오스 인덕션,KITCHEN,0.810,2631000
782,331,1256,LG 디오스 AI 오브제컬렉션 식기세척기 + LG 디오스 오브제컬렉션 인덕션,KITCHEN,0.810,2474000
783,332,1330,LG 퓨리케어 오브제컬렉션 얼음정수기,KITCHEN,0.810,2282000
784,332,1282,LG 디오스 오브제컬렉션 와인셀러77병,KITCHEN,0.810,2000000
785,332,1281,LG 디오스 오브제컬렉션 와인셀러121병,KITCHEN,0.810,2000000
786,332,1280,LG 디오스 오브제컬렉션 와인셀러81병,KITCHEN,0.810,2500000
787,332,1270,LG 디오스 오브제컬렉션 식기세척기열풍+스팀,KITCHEN,0.810,2140000
788,332,1267,LG 디오스 오브제컬렉션 식기세척기열풍+스팀,KITCHEN,0.810,2140000
789,332,1259,LG 디오스 오브제컬렉션 식기세척기열풍+스팀,KITCHEN,0.810,2040000
790,332,1258,LG 디오스 오브제컬렉션 식기세척기열풍+스팀,KITCHEN,0.810,2140000
791,332,1257,LG 디오스 AI 오브제컬렉션 식기세척기 + LG 디오스 인덕션,KITCHEN,0.810,2631000
792,332,1256,LG 디오스 AI 오브제컬렉션 식기세척기 + LG 디오스 오브제컬렉션 인덕션,KITCHEN,0.810,2474000
793,334,1330,LG 퓨리케어 오브제컬렉션 얼음정수기,KITCHEN,0.810,2282000
794,334,1282,LG 디오스 오브제컬렉션 와인셀러77병,KITCHEN,0.810,2000000
795,334,1281,LG 디오스 오브제컬렉션 와인셀러121병,KITCHEN,0.810,2000000
796,334,1280,LG 디오스 오브제컬렉션 와인셀러81병,KITCHEN,0.810,2500000
797,334,1270,LG 디오스 오브제컬렉션 식기세척기열풍+스팀,KITCHEN,0.810,2140000
798,334,1267,LG 디오스 오브제컬렉션 식기세척기열풍+스팀,KITCHEN,0.810,2140000
799,334,1259,LG 디오스 오브제컬렉션 식기세척기열풍+스팀,KITCHEN,0.810,2040000
800,334,1258,LG 디오스 오브제컬렉션 식기세척기열풍+스팀,KITCHEN,0.810,2140000
801,334,1257,LG 디오스 AI 오브제컬렉션 식기세척기 + LG 디오스 인덕션,KITCHEN,0.810,2631000
802,334,1256,LG 디오스 AI 오브제컬렉션 식기세척기 + LG 디오스 오브제컬렉션 인덕션,KITCHEN,0.810,2474000
803,338,1279,LG 디오스 오브제컬렉션 와인셀러8병,KITCHEN,0.810,329000
804,338,1074,LG 일반냉장고 오브제컬렉션215L3등급,KITCHEN,0.810,500000
805,338,917,LG 디오스 오브제컬렉션 전자레인지23L,KITCHEN,0.810,184000
806,338,916,LG 디오스 오브제컬렉션 전자레인지25L,KITCHEN,0.810,269000
807,338,914,LG 디오스 오브제컬렉션 전자레인지23L,KITCHEN,0.810,180000
808,338,913,LG 디오스 오브제컬렉션 광파오븐39L,KITCHEN,0.810,427000
809,338,912,LG 디오스 오브제컬렉션 전자레인지20L,KITCHEN,0.810,152000
810,338,911,LG 디오스 오브제컬렉션 광파오븐39L,KITCHEN,0.810,399000
811,355,1279,LG 디오스 오브제컬렉션 와인셀러8병,KITCHEN,0.810,329000
812,355,1074,LG 일반냉장고 오브제컬렉션215L3등급,KITCHEN,0.810,500000
813,355,917,LG 디오스 오브제컬렉션 전자레인지23L,KITCHEN,0.810,184000
814,355,916,LG 디오스 오브제컬렉션 전자레인지25L,KITCHEN,0.810,269000
815,355,914,LG 디오스 오브제컬렉션 전자레인지23L,KITCHEN,0.810,180000
816,355,913,LG 디오스 오브제컬렉션 광파오븐39L,KITCHEN,0.810,427000
817,355,912,LG 디오스 오브제컬렉션 전자레인지20L,KITCHEN,0.810,152000
818,355,911,LG 디오스 오브제컬렉션 광파오븐39L,KITCHEN,0.810,399000
819,368,1330,LG 퓨리케어 오브제컬렉션 얼음정수기,KITCHEN,0.810,2282000
820,368,1282,LG 디오스 오브제컬렉션 와인셀러77병,KITCHEN,0.810,2000000
821,368,1281,LG 디오스 오브제컬렉션 와인셀러121병,KITCHEN,0.810,2000000
822,368,1280,LG 디오스 오브제컬렉션 와인셀러81병,KITCHEN,0.810,2500000
823,368,1270,LG 디오스 오브제컬렉션 식기세척기열풍+스팀,KITCHEN,0.810,2140000
824,368,1267,LG 디오스 오브제컬렉션 식기세척기열풍+스팀,KITCHEN,0.810,2140000
825,368,1259,LG 디오스 오브제컬렉션 식기세척기열풍+스팀,KITCHEN,0.810,2040000
826,368,1258,LG 디오스 오브제컬렉션 식기세척기열풍+스팀,KITCHEN,0.810,2140000
827,368,1257,LG 디오스 AI 오브제컬렉션 식기세척기 + LG 디오스 인덕션,KITCHEN,0.810,2631000
828,368,1256,LG 디오스 AI 오브제컬렉션 식기세척기 + LG 디오스 오브제컬렉션 인덕션,KITCHEN,0.810,2474000
829,369,1279,LG 디오스 오브제컬렉션 와인셀러8병,KITCHEN,0.810,329000
830,369,1074,LG 일반냉장고 오브제컬렉션215L3등급,KITCHEN,0.810,500000
831,369,917,LG 디오스 오브제컬렉션 전자레인지23L,KITCHEN,0.810,184000
832,369,916,LG 디오스 오브제컬렉션 전자레인지25L,KITCHEN,0.810,269000
833,369,914,LG 디오스 오브제컬렉션 전자레인지23L,KITCHEN,0.810,180000
834,369,913,LG 디오스 오브제컬렉션 광파오븐39L,KITCHEN,0.810,427000
835,369,912,LG 디오스 오브제컬렉션 전자레인지20L,KITCHEN,0.810,152000
836,369,911,LG 디오스 오브제컬렉션 광파오븐39L,KITCHEN,0.810,399000
837,377,1330,LG 퓨리케어 오브제컬렉션 얼음정수기,KITCHEN,0.810,2282000
838,377,1282,LG 디오스 오브제컬렉션 와인셀러77병,KITCHEN,0.810,2000000
839,377,1281,LG 디오스 오브제컬렉션 와인셀러121병,KITCHEN,0.810,2000000
840,377,1280,LG 디오스 오브제컬렉션 와인셀러81병,KITCHEN,0.810,2500000
841,377,1270,LG 디오스 오브제컬렉션 식기세척기열풍+스팀,KITCHEN,0.810,2140000
842,377,1267,LG 디오스 오브제컬렉션 식기세척기열풍+스팀,KITCHEN,0.810,2140000
843,377,1259,LG 디오스 오브제컬렉션 식기세척기열풍+스팀,KITCHEN,0.810,2040000
844,377,1258,LG 디오스 오브제컬렉션 식기세척기열풍+스팀,KITCHEN,0.810,2140000
845,377,1257,LG 디오스 AI 오브제컬렉션 식기세척기 + LG 디오스 인덕션,KITCHEN,0.810,2631000
846,377,1256,LG 디오스 AI 오브제컬렉션 식기세척기 + LG 디오스 오브제컬렉션 인덕션,KITCHEN,0.810,2474000
847,378,1330,LG 퓨리케어 오브제컬렉션 얼음정수기,KITCHEN,0.810,2282000
848,378,1282,LG 디오스 오브제컬렉션 와인셀러77병,KITCHEN,0.810,2000000
849,378,1281,LG 디오스 오브제컬렉션 와인셀러121병,KITCHEN,0.810,2000000
850,378,1280,LG 디오스 오브제컬렉션 와인셀러81병,KITCHEN,0.810,2500000
851,378,1270,LG 디오스 오브제컬렉션 식기세척기열풍+스팀,KITCHEN,0.810,2140000
852,378,1267,LG 디오스 오브제컬렉션 식기세척기열풍+스팀,KITCHEN,0.810,2140000
853,378,1259,LG 디오스 오브제컬렉션 식기세척기열풍+스팀,KITCHEN,0.810,2040000
854,378,1258,LG 디오스 오브제컬렉션 식기세척기열풍+스팀,KITCHEN,0.810,2140000
855,378,1257,LG 디오스 AI 오브제컬렉션 식기세척기 + LG 디오스 인덕션,KITCHEN,0.810,2631000
856,378,1256,LG 디오스 AI 오브제컬렉션 식기세척기 + LG 디오스 오브제컬렉션 인덕션,KITCHEN,0.810,2474000
857,381,1330,LG 퓨리케어 오브제컬렉션 얼음정수기,KITCHEN,0.810,2282000
858,381,1282,LG 디오스 오브제컬렉션 와인셀러77병,KITCHEN,0.810,2000000
859,381,1281,LG 디오스 오브제컬렉션 와인셀러121병,KITCHEN,0.810,2000000
860,381,1280,LG 디오스 오브제컬렉션 와인셀러81병,KITCHEN,0.810,2500000
861,381,1270,LG 디오스 오브제컬렉션 식기세척기열풍+스팀,KITCHEN,0.810,2140000
862,381,1267,LG 디오스 오브제컬렉션 식기세척기열풍+스팀,KITCHEN,0.810,2140000
863,381,1259,LG 디오스 오브제컬렉션 식기세척기열풍+스팀,KITCHEN,0.810,2040000
864,381,1258,LG 디오스 오브제컬렉션 식기세척기열풍+스팀,KITCHEN,0.810,2140000
865,381,1257,LG 디오스 AI 오브제컬렉션 식기세척기 + LG 디오스 인덕션,KITCHEN,0.810,2631000
866,381,1256,LG 디오스 AI 오브제컬렉션 식기세척기 + LG 디오스 오브제컬렉션 인덕션,KITCHEN,0.810,2474000
867,383,1330,LG 퓨리케어 오브제컬렉션 얼음정수기,KITCHEN,0.810,2282000
868,383,1282,LG 디오스 오브제컬렉션 와인셀러77병,KITCHEN,0.810,2000000
869,383,1281,LG 디오스 오브제컬렉션 와인셀러121병,KITCHEN,0.810,2000000
870,383,1280,LG 디오스 오브제컬렉션 와인셀러81병,KITCHEN,0.810,2500000
871,383,1270,LG 디오스 오브제컬렉션 식기세척기열풍+스팀,KITCHEN,0.810,2140000
872,383,1267,LG 디오스 오브제컬렉션 식기세척기열풍+스팀,KITCHEN,0.810,2140000
873,383,1259,LG 디오스 오브제컬렉션 식기세척기열풍+스팀,KITCHEN,0.810,2040000
874,383,1258,LG 디오스 오브제컬렉션 식기세척기열풍+스팀,KITCHEN,0.810,2140000
875,383,1257,LG 디오스 AI 오브제컬렉션 식기세척기 + LG 디오스 인덕션,KITCHEN,0.810,2631000
876,383,1256,LG 디오스 AI 오브제컬렉션 식기세척기 + LG 디오스 오브제컬렉션 인덕션,KITCHEN,0.810,2474000
877,385,1279,LG 디오스 오브제컬렉션 와인셀러8병,KITCHEN,0.800,329000
878,385,1074,LG 일반냉장고 오브제컬렉션215L3등급,KITCHEN,0.800,500000
879,385,917,LG 디오스 오브제컬렉션 전자레인지23L,KITCHEN,0.800,184000
880,385,916,LG 디오스 오브제컬렉션 전자레인지25L,KITCHEN,0.800,269000
881,385,914,LG 디오스 오브제컬렉션 전자레인지23L,KITCHEN,0.800,180000
882,385,913,LG 디오스 오브제컬렉션 광파오븐39L,KITCHEN,0.800,427000
883,385,912,LG 디오스 오브제컬렉션 전자레인지20L,KITCHEN,0.800,152000
884,385,911,LG 디오스 오브제컬렉션 광파오븐39L,KITCHEN,0.800,399000
885,393,1330,LG 퓨리케어 오브제컬렉션 얼음정수기,KITCHEN,0.800,2282000
886,393,1282,LG 디오스 오브제컬렉션 와인셀러77병,KITCHEN,0.800,2000000
887,393,1281,LG 디오스 오브제컬렉션 와인셀러121병,KITCHEN,0.800,2000000
888,393,1280,LG 디오스 오브제컬렉션 와인셀러81병,KITCHEN,0.800,2500000
889,393,1270,LG 디오스 오브제컬렉션 식기세척기열풍+스팀,KITCHEN,0.800,2140000
890,393,1267,LG 디오스 오브제컬렉션 식기세척기열풍+스팀,KITCHEN,0.800,2140000
891,393,1259,LG 디오스 오브제컬렉션 식기세척기열풍+스팀,KITCHEN,0.800,2040000
892,393,1258,LG 디오스 오브제컬렉션 식기세척기열풍+스팀,KITCHEN,0.800,2140000
893,393,1257,LG 디오스 AI 오브제컬렉션 식기세척기 + LG 디오스 인덕션,KITCHEN,0.800,2631000
894,393,1256,LG 디오스 AI 오브제컬렉션 식기세척기 + LG 디오스 오브제컬렉션 인덕션,KITCHEN,0.800,2474000
895,395,1330,LG 퓨리케어 오브제컬렉션 얼음정수기,KITCHEN,0.800,2282000
896,395,1282,LG 디오스 오브제컬렉션 와인셀러77병,KITCHEN,0.800,2000000
897,395,1281,LG 디오스 오브제컬렉션 와인셀러121병,KITCHEN,0.800,2000000
898,395,1280,LG 디오스 오브제컬렉션 와인셀러81병,KITCHEN,0.800,2500000
899,395,1270,LG 디오스 오브제컬렉션 식기세척기열풍+스팀,KITCHEN,0.800,2140000
900,395,1267,LG 디오스 오브제컬렉션 식기세척기열풍+스팀,KITCHEN,0.800,2140000
901,395,1259,LG 디오스 오브제컬렉션 식기세척기열풍+스팀,KITCHEN,0.800,2040000
902,395,1258,LG 디오스 오브제컬렉션 식기세척기열풍+스팀,KITCHEN,0.800,2140000
903,395,1257,LG 디오스 AI 오브제컬렉션 식기세척기 + LG 디오스 인덕션,KITCHEN,0.800,2631000
904,395,1256,LG 디오스 AI 오브제컬렉션 식기세척기 + LG 디오스 오브제컬렉션 인덕션,KITCHEN,0.800,2474000
905,402,1279,LG 디오스 오브제컬렉션 와인셀러8병,KITCHEN,0.800,329000
906,402,1074,LG 일반냉장고 오브제컬렉션215L3등급,KITCHEN,0.800,500000
907,402,917,LG 디오스 오브제컬렉션 전자레인지23L,KITCHEN,0.800,184000
908,402,916,LG 디오스 오브제컬렉션 전자레인지25L,KITCHEN,0.800,269000
909,402,914,LG 디오스 오브제컬렉션 전자레인지23L,KITCHEN,0.800,180000
910,402,913,LG 디오스 오브제컬렉션 광파오븐39L,KITCHEN,0.800,427000
911,402,912,LG 디오스 오브제컬렉션 전자레인지20L,KITCHEN,0.800,152000
912,402,911,LG 디오스 오브제컬렉션 광파오븐39L,KITCHEN,0.800,399000
913,413,1330,LG 퓨리케어 오브제컬렉션 얼음정수기,KITCHEN,0.800,2282000
914,413,1282,LG 디오스 오브제컬렉션 와인셀러77병,KITCHEN,0.800,2000000
915,413,1281,LG 디오스 오브제컬렉션 와인셀러121병,KITCHEN,0.800,2000000
916,413,1280,LG 디오스 오브제컬렉션 와인셀러81병,KITCHEN,0.800,2500000
917,413,1270,LG 디오스 오브제컬렉션 식기세척기열풍+스팀,KITCHEN,0.800,2140000
918,413,1267,LG 디오스 오브제컬렉션 식기세척기열풍+스팀,KITCHEN,0.800,2140000
919,413,1259,LG 디오스 오브제컬렉션 식기세척기열풍+스팀,KITCHEN,0.800,2040000
920,413,1258,LG 디오스 오브제컬렉션 식기세척기열풍+스팀,KITCHEN,0.800,2140000
921,413,1257,LG 디오스 AI 오브제컬렉션 식기세척기 + LG 디오스 인덕션,KITCHEN,0.800,2631000
922,413,1256,LG 디오스 AI 오브제컬렉션 식기세척기 + LG 디오스 오브제컬렉션 인덕션,KITCHEN,0.800,2474000
923,441,1330,LG 퓨리케어 오브제컬렉션 얼음정수기,KITCHEN,0.800,2282000
924,441,1282,LG 디오스 오브제컬렉션 와인셀러77병,KITCHEN,0.800,2000000
925,441,1281,LG 디오스 오브제컬렉션 와인셀러121병,KITCHEN,0.800,2000000
926,441,1280,LG 디오스 오브제컬렉션 와인셀러81병,KITCHEN,0.800,2500000
927,441,1270,LG 디오스 오브제컬렉션 식기세척기열풍+스팀,KITCHEN,0.800,2140000
928,441,1267,LG 디오스 오브제컬렉션 식기세척기열풍+스팀,KITCHEN,0.800,2140000
929,441,1259,LG 디오스 오브제컬렉션 식기세척기열풍+스팀,KITCHEN,0.800,2040000
930,441,1258,LG 디오스 오브제컬렉션 식기세척기열풍+스팀,KITCHEN,0.800,2140000
931,441,1257,LG 디오스 AI 오브제컬렉션 식기세척기 + LG 디오스 인덕션,KITCHEN,0.800,2631000
932,441,1256,LG 디오스 AI 오브제컬렉션 식기세척기 + LG 디오스 오브제컬렉션 인덕션,KITCHEN,0.800,2474000
933,444,1330,LG 퓨리케어 오브제컬렉션 얼음정수기,KITCHEN,0.800,2282000
934,444,1282,LG 디오스 오브제컬렉션 와인셀러77병,KITCHEN,0.800,2000000
935,444,1281,LG 디오스 오브제컬렉션 와인셀러121병,KITCHEN,0.800,2000000
936,444,1280,LG 디오스 오브제컬렉션 와인셀러81병,KITCHEN,0.800,2500000
937,444,1270,LG 디오스 오브제컬렉션 식기세척기열풍+스팀,KITCHEN,0.800,2140000
938,444,1267,LG 디오스 오브제컬렉션 식기세척기열풍+스팀,KITCHEN,0.800,2140000
939,444,1259,LG 디오스 오브제컬렉션 식기세척기열풍+스팀,KITCHEN,0.800,2040000
940,444,1258,LG 디오스 오브제컬렉션 식기세척기열풍+스팀,KITCHEN,0.800,2140000
941,444,1257,LG 디오스 AI 오브제컬렉션 식기세척기 + LG 디오스 인덕션,KITCHEN,0.800,2631000
942,444,1256,LG 디오스 AI 오브제컬렉션 식기세척기 + LG 디오스 오브제컬렉션 인덕션,KITCHEN,0.800,2474000
943,445,1330,LG 퓨리케어 오브제컬렉션 얼음정수기,KITCHEN,0.800,2282000
944,445,1282,LG 디오스 오브제컬렉션 와인셀러77병,KITCHEN,0.800,2000000
945,445,1281,LG 디오스 오브제컬렉션 와인셀러121병,KITCHEN,0.800,2000000
946,445,1280,LG 디오스 오브제컬렉션 와인셀러81병,KITCHEN,0.800,2500000
947,445,1270,LG 디오스 오브제컬렉션 식기세척기열풍+스팀,KITCHEN,0.800,2140000
948,445,1267,LG 디오스 오브제컬렉션 식기세척기열풍+스팀,KITCHEN,0.800,2140000
949,445,1259,LG 디오스 오브제컬렉션 식기세척기열풍+스팀,KITCHEN,0.800,2040000
950,445,1258,LG 디오스 오브제컬렉션 식기세척기열풍+스팀,KITCHEN,0.800,2140000
951,445,1257,LG 디오스 AI 오브제컬렉션 식기세척기 + LG 디오스 인덕션,KITCHEN,0.800,2631000
952,445,1256,LG 디오스 AI 오브제컬렉션 식기세척기 + LG 디오스 오브제컬렉션 인덕션,KITCHEN,0.800,2474000
953,449,1279,LG 디오스 오브제컬렉션 와인셀러8병,KITCHEN,0.800,329000
954,449,1074,LG 일반냉장고 오브제컬렉션215L3등급,KITCHEN,0.800,500000
955,449,917,LG 디오스 오브제컬렉션 전자레인지23L,KITCHEN,0.800,184000
956,449,916,LG 디오스 오브제컬렉션 전자레인지25L,KITCHEN,0.800,269000
957,449,914,LG 디오스 오브제컬렉션 전자레인지23L,KITCHEN,0.800,180000
958,449,913,LG 디오스 오브제컬렉션 광파오븐39L,KITCHEN,0.800,427000
959,449,912,LG 디오스 오브제컬렉션 전자레인지20L,KITCHEN,0.800,152000
960,449,911,LG 디오스 오브제컬렉션 광파오븐39L,KITCHEN,0.800,399000
961,461,1330,LG 퓨리케어 오브제컬렉션 얼음정수기,KITCHEN,0.800,2282000
962,461,1282,LG 디오스 오브제컬렉션 와인셀러77병,KITCHEN,0.800,2000000
963,461,1281,LG 디오스 오브제컬렉션 와인셀러121병,KITCHEN,0.800,2000000
964,461,1280,LG 디오스 오브제컬렉션 와인셀러81병,KITCHEN,0.800,2500000
965,461,1270,LG 디오스 오브제컬렉션 식기세척기열풍+스팀,KITCHEN,0.800,2140000
966,461,1267,LG 디오스 오브제컬렉션 식기세척기열풍+스팀,KITCHEN,0.800,2140000
967,461,1259,LG 디오스 오브제컬렉션 식기세척기열풍+스팀,KITCHEN,0.800,2040000
968,461,1258,LG 디오스 오브제컬렉션 식기세척기열풍+스팀,KITCHEN,0.800,2140000
969,461,1257,LG 디오스 AI 오브제컬렉션 식기세척기 + LG 디오스 인덕션,KITCHEN,0.800,2631000
970,461,1256,LG 디오스 AI 오브제컬렉션 식기세척기 + LG 디오스 오브제컬렉션 인덕션,KITCHEN,0.800,2474000
971,463,1330,LG 퓨리케어 오브제컬렉션 얼음정수기,KITCHEN,0.800,2282000
972,463,1282,LG 디오스 오브제컬렉션 와인셀러77병,KITCHEN,0.800,2000000
973,463,1281,LG 디오스 오브제컬렉션 와인셀러121병,KITCHEN,0.800,2000000
974,463,1280,LG 디오스 오브제컬렉션 와인셀러81병,KITCHEN,0.800,2500000
975,463,1270,LG 디오스 오브제컬렉션 식기세척기열풍+스팀,KITCHEN,0.800,2140000
976,463,1267,LG 디오스 오브제컬렉션 식기세척기열풍+스팀,KITCHEN,0.800,2140000
977,463,1259,LG 디오스 오브제컬렉션 식기세척기열풍+스팀,KITCHEN,0.800,2040000
978,463,1258,LG 디오스 오브제컬렉션 식기세척기열풍+스팀,KITCHEN,0.800,2140000
979,463,1257,LG 디오스 AI 오브제컬렉션 식기세척기 + LG 디오스 인덕션,KITCHEN,0.800,2631000
980,463,1256,LG 디오스 AI 오브제컬렉션 식기세척기 + LG 디오스 오브제컬렉션 인덕션,KITCHEN,0.800,2474000
981,467,1279,LG 디오스 오브제컬렉션 와인셀러8병,KITCHEN,0.800,329000
982,467,1074,LG 일반냉장고 오브제컬렉션215L3등급,KITCHEN,0.800,500000
983,467,917,LG 디오스 오브제컬렉션 전자레인지23L,KITCHEN,0.800,184000
984,467,916,LG 디오스 오브제컬렉션 전자레인지25L,KITCHEN,0.800,269000
985,467,914,LG 디오스 오브제컬렉션 전자레인지23L,KITCHEN,0.800,180000
986,467,913,LG 디오스 오브제컬렉션 광파오븐39L,KITCHEN,0.800,427000
987,467,912,LG 디오스 오브제컬렉션 전자레인지20L,KITCHEN,0.800,152000
988,467,911,LG 디오스 오브제컬렉션 광파오븐39L,KITCHEN,0.800,399000
989,468,1279,LG 디오스 오브제컬렉션 와인셀러8병,KITCHEN,0.800,329000
990,468,1074,LG 일반냉장고 오브제컬렉션215L3등급,KITCHEN,0.800,500000
991,468,917,LG 디오스 오브제컬렉션 전자레인지23L,KITCHEN,0.800,184000
992,468,916,LG 디오스 오브제컬렉션 전자레인지25L,KITCHEN,0.800,269000
993,468,914,LG 디오스 오브제컬렉션 전자레인지23L,KITCHEN,0.800,180000
994,468,913,LG 디오스 오브제컬렉션 광파오븐39L,KITCHEN,0.800,427000
995,468,912,LG 디오스 오브제컬렉션 전자레인지20L,KITCHEN,0.800,152000
996,468,911,LG 디오스 오브제컬렉션 광파오븐39L,KITCHEN,0.800,399000
997,480,1330,LG 퓨리케어 오브제컬렉션 얼음정수기,KITCHEN,0.800,2282000
998,480,1282,LG 디오스 오브제컬렉션 와인셀러77병,KITCHEN,0.800,2000000
999,480,1281,LG 디오스 오브제컬렉션 와인셀러121병,KITCHEN,0.800,2000000
1000,480,1280,LG 디오스 오브제컬렉션 와인셀러81병,KITCHEN,0.800,2500000
