Taste ID,인테리어 스타일,메이트 구성,우선순위,예산,Logic ID,추천 개수,KITCHEN 추천,TV 추천,LIVING 추천,평균 점수,최고 점수
1,모던 & 미니멀 (Modern & Minimal),나 혼자 산다 (1인 가구),인테리어를 완성하는 디자인,500만원 미만 (실속형),1,10,10,0,0,0.596,0.600
2,모던 & 미니멀 (Modern & Minimal),나 혼자 산다 (1인 가구),인테리어를 완성하는 디자인,500만원 미만 (실속형),2,10,8,2,0,0.806,0.830
3,모던 & 미니멀 (Modern & Minimal),나 혼자 산다 (1인 가구),인테리어를 완성하는 디자인,500만원 미만 (실속형),3,10,10,0,0,0.596,0.600
4,모던 & 미니멀 (Modern & Minimal),나 혼자 산다 (1인 가구),인테리어를 완성하는 디자인,500만원 미만 (실속형),4,10,10,0,0,0.596,0.600
5,모던 & 미니멀 (Modern & Minimal),나 혼자 산다 (1인 가구),인테리어를 완성하는 디자인,"500만원 ~ 1,500만원 (표준형)",5,10,0,10,0,0.710,0.710
6,모던 & 미니멀 (Modern & Minimal),나 혼자 산다 (1인 가구),인테리어를 완성하는 디자인,"500만원 ~ 1,500만원 (표준형)",6,10,0,10,0,0.570,0.570
7,모던 & 미니멀 (Modern & Minimal),나 혼자 산다 (1인 가구),인테리어를 완성하는 디자인,"500만원 ~ 1,500만원 (표준형)",7,10,0,10,0,0.710,0.710
8,모던 & 미니멀 (Modern & Minimal),나 혼자 산다 (1인 가구),인테리어를 완성하는 디자인,"500만원 ~ 1,500만원 (표준형)",6,10,0,10,0,0.570,0.570
9,모던 & 미니멀 (Modern & Minimal),나 혼자 산다 (1인 가구),인테리어를 완성하는 디자인,"1,500만원 ~ 3,000만원 (고급형)",8,10,10,0,0,0.650,0.650
10,모던 & 미니멀 (Modern & Minimal),나 혼자 산다 (1인 가구),인테리어를 완성하는 디자인,"1,500만원 ~ 3,000만원 (고급형)",9,10,10,0,0,0.650,0.650
11,모던 & 미니멀 (Modern & Minimal),나 혼자 산다 (1인 가구),인테리어를 완성하는 디자인,"1,500만원 ~ 3,000만원 (고급형)",10,10,10,0,0,0.830,0.830
12,모던 & 미니멀 (Modern & Minimal),나 혼자 산다 (1인 가구),인테리어를 완성하는 디자인,"1,500만원 ~ 3,000만원 (고급형)",10,10,10,0,0,0.830,0.830
13,모던 & 미니멀 (Modern & Minimal),나 혼자 산다 (1인 가구),인테리어를 완성하는 디자인,"3,000만원 이상 (하이엔드)",11,10,10,0,0,0.830,0.830
14,모던 & 미니멀 (Modern & Minimal),나 혼자 산다 (1인 가구),인테리어를 완성하는 디자인,"3,000만원 이상 (하이엔드)",1,10,10,0,0,0.720,0.720
15,모던 & 미니멀 (Modern & Minimal),나 혼자 산다 (1인 가구),인테리어를 완성하는 디자인,"3,000만원 이상 (하이엔드)",12,10,10,0,0,0.680,0.680
16,모던 & 미니멀 (Modern & Minimal),나 혼자 산다 (1인 가구),인테리어를 완성하는 디자인,"3,000만원 이상 (하이엔드)",13,10,10,0,0,0.720,0.720
17,모던 & 미니멀 (Modern & Minimal),나 혼자 산다 (1인 가구),삶을 편하게 해주는 AI/스마트 기능,500만원 미만 (실속형),14,10,8,2,0,0.806,0.830
18,모던 & 미니멀 (Modern & Minimal),나 혼자 산다 (1인 가구),삶을 편하게 해주는 AI/스마트 기능,500만원 미만 (실속형),14,10,8,2,0,0.806,0.830
19,모던 & 미니멀 (Modern & Minimal),나 혼자 산다 (1인 가구),삶을 편하게 해주는 AI/스마트 기능,500만원 미만 (실속형),15,10,10,0,0,0.596,0.600
20,모던 & 미니멀 (Modern & Minimal),나 혼자 산다 (1인 가구),삶을 편하게 해주는 AI/스마트 기능,500만원 미만 (실속형),16,10,10,0,0,0.674,0.680
21,모던 & 미니멀 (Modern & Minimal),나 혼자 산다 (1인 가구),삶을 편하게 해주는 AI/스마트 기능,"500만원 ~ 1,500만원 (표준형)",3,10,0,10,0,0.570,0.570
22,모던 & 미니멀 (Modern & Minimal),나 혼자 산다 (1인 가구),삶을 편하게 해주는 AI/스마트 기능,"500만원 ~ 1,500만원 (표준형)",6,10,0,10,0,0.570,0.570
23,모던 & 미니멀 (Modern & Minimal),나 혼자 산다 (1인 가구),삶을 편하게 해주는 AI/스마트 기능,"500만원 ~ 1,500만원 (표준형)",12,10,0,10,0,0.580,0.580
24,모던 & 미니멀 (Modern & Minimal),나 혼자 산다 (1인 가구),삶을 편하게 해주는 AI/스마트 기능,"500만원 ~ 1,500만원 (표준형)",12,10,0,10,0,0.580,0.580
25,모던 & 미니멀 (Modern & Minimal),나 혼자 산다 (1인 가구),삶을 편하게 해주는 AI/스마트 기능,"1,500만원 ~ 3,000만원 (고급형)",3,10,10,0,0,0.720,0.720
26,모던 & 미니멀 (Modern & Minimal),나 혼자 산다 (1인 가구),삶을 편하게 해주는 AI/스마트 기능,"1,500만원 ~ 3,000만원 (고급형)",17,10,10,0,0,0.720,0.720
27,모던 & 미니멀 (Modern & Minimal),나 혼자 산다 (1인 가구),삶을 편하게 해주는 AI/스마트 기능,"1,500만원 ~ 3,000만원 (고급형)",18,10,10,0,0,0.650,0.650
28,모던 & 미니멀 (Modern & Minimal),나 혼자 산다 (1인 가구),삶을 편하게 해주는 AI/스마트 기능,"1,500만원 ~ 3,000만원 (고급형)",19,10,10,0,0,0.830,0.830
29,모던 & 미니멀 (Modern & Minimal),나 혼자 산다 (1인 가구),삶을 편하게 해주는 AI/스마트 기능,"3,000만원 이상 (하이엔드)",20,10,10,0,0,0.680,0.680
30,모던 & 미니멀 (Modern & Minimal),나 혼자 산다 (1인 가구),삶을 편하게 해주는 AI/스마트 기능,"3,000만원 이상 (하이엔드)",1,10,10,0,0,0.720,0.720
31,모던 & 미니멀 (Modern & Minimal),나 혼자 산다 (1인 가구),삶을 편하게 해주는 AI/스마트 기능,"3,000만원 이상 (하이엔드)",21,10,10,0,0,0.650,0.650
32,모던 & 미니멀 (Modern & Minimal),나 혼자 산다 (1인 가구),삶을 편하게 해주는 AI/스마트 기능,"3,000만원 이상 (하이엔드)",10,10,10,0,0,0.830,0.830
33,모던 & 미니멀 (Modern & Minimal),나 혼자 산다 (1인 가구),지구를 지키는 에너지 효율,500만원 미만 (실속형),22,10,10,0,0,0.644,0.650
34,모던 & 미니멀 (Modern & Minimal),나 혼자 산다 (1인 가구),지구를 지키는 에너지 효율,500만원 미만 (실속형),21,10,10,0,0,0.644,0.650
35,모던 & 미니멀 (Modern & Minimal),나 혼자 산다 (1인 가구),지구를 지키는 에너지 효율,500만원 미만 (실속형),23,10,10,0,0,0.644,0.650
36,모던 & 미니멀 (Modern & Minimal),나 혼자 산다 (1인 가구),지구를 지키는 에너지 효율,500만원 미만 (실속형),20,10,10,0,0,0.674,0.680
37,모던 & 미니멀 (Modern & Minimal),나 혼자 산다 (1인 가구),지구를 지키는 에너지 효율,"500만원 ~ 1,500만원 (표준형)",5,10,0,10,0,0.710,0.710
38,모던 & 미니멀 (Modern & Minimal),나 혼자 산다 (1인 가구),지구를 지키는 에너지 효율,"500만원 ~ 1,500만원 (표준형)",23,10,0,10,0,0.560,0.560
39,모던 & 미니멀 (Modern & Minimal),나 혼자 산다 (1인 가구),지구를 지키는 에너지 효율,"500만원 ~ 1,500만원 (표준형)",24,10,0,10,0,0.570,0.570
40,모던 & 미니멀 (Modern & Minimal),나 혼자 산다 (1인 가구),지구를 지키는 에너지 효율,"500만원 ~ 1,500만원 (표준형)",25,10,0,10,0,0.560,0.560
41,모던 & 미니멀 (Modern & Minimal),나 혼자 산다 (1인 가구),지구를 지키는 에너지 효율,"1,500만원 ~ 3,000만원 (고급형)",26,10,10,0,0,0.830,0.830
42,모던 & 미니멀 (Modern & Minimal),나 혼자 산다 (1인 가구),지구를 지키는 에너지 효율,"1,500만원 ~ 3,000만원 (고급형)",27,10,10,0,0,0.720,0.720
43,모던 & 미니멀 (Modern & Minimal),나 혼자 산다 (1인 가구),지구를 지키는 에너지 효율,"1,500만원 ~ 3,000만원 (고급형)",12,10,10,0,0,0.680,0.680
44,모던 & 미니멀 (Modern & Minimal),나 혼자 산다 (1인 가구),지구를 지키는 에너지 효율,"1,500만원 ~ 3,000만원 (고급형)",23,10,10,0,0,0.650,0.650
45,모던 & 미니멀 (Modern & Minimal),나 혼자 산다 (1인 가구),지구를 지키는 에너지 효율,"3,000만원 이상 (하이엔드)",28,10,10,0,0,0.650,0.650
46,모던 & 미니멀 (Modern & Minimal),나 혼자 산다 (1인 가구),지구를 지키는 에너지 효율,"3,000만원 이상 (하이엔드)",29,10,10,0,0,0.650,0.650
47,모던 & 미니멀 (Modern & Minimal),나 혼자 산다 (1인 가구),지구를 지키는 에너지 효율,"3,000만원 이상 (하이엔드)",24,10,10,0,0,0.720,0.720
48,모던 & 미니멀 (Modern & Minimal),나 혼자 산다 (1인 가구),지구를 지키는 에너지 효율,"3,000만원 이상 (하이엔드)",18,10,10,0,0,0.650,0.650
49,모던 & 미니멀 (Modern & Minimal),나 혼자 산다 (1인 가구),가성비를 추구하는 가격,500만원 미만 (실속형),30,10,8,2,0,0.806,0.830
50,모던 & 미니멀 (Modern & Minimal),나 혼자 산다 (1인 가구),가성비를 추구하는 가격,500만원 미만 (실속형),2,10,8,2,0,0.806,0.830
51,모던 & 미니멀 (Modern & Minimal),나 혼자 산다 (1인 가구),가성비를 추구하는 가격,500만원 미만 (실속형),12,10,10,0,0,0.674,0.680
52,모던 & 미니멀 (Modern & Minimal),나 혼자 산다 (1인 가구),가성비를 추구하는 가격,500만원 미만 (실속형),23,10,10,0,0,0.644,0.650
53,모던 & 미니멀 (Modern & Minimal),나 혼자 산다 (1인 가구),가성비를 추구하는 가격,"500만원 ~ 1,500만원 (표준형)",31,10,0,10,0,0.570,0.570
54,모던 & 미니멀 (Modern & Minimal),나 혼자 산다 (1인 가구),가성비를 추구하는 가격,"500만원 ~ 1,500만원 (표준형)",22,10,0,10,0,0.560,0.560
55,모던 & 미니멀 (Modern & Minimal),나 혼자 산다 (1인 가구),가성비를 추구하는 가격,"500만원 ~ 1,500만원 (표준형)",32,10,0,10,0,0.710,0.710
56,모던 & 미니멀 (Modern & Minimal),나 혼자 산다 (1인 가구),가성비를 추구하는 가격,"500만원 ~ 1,500만원 (표준형)",33,10,0,10,0,0.570,0.570
57,모던 & 미니멀 (Modern & Minimal),나 혼자 산다 (1인 가구),가성비를 추구하는 가격,"1,500만원 ~ 3,000만원 (고급형)",22,10,10,0,0,0.650,0.650
58,모던 & 미니멀 (Modern & Minimal),나 혼자 산다 (1인 가구),가성비를 추구하는 가격,"1,500만원 ~ 3,000만원 (고급형)",21,10,10,0,0,0.650,0.650
59,모던 & 미니멀 (Modern & Minimal),나 혼자 산다 (1인 가구),가성비를 추구하는 가격,"1,500만원 ~ 3,000만원 (고급형)",32,10,10,0,0,0.830,0.830
60,모던 & 미니멀 (Modern & Minimal),나 혼자 산다 (1인 가구),가성비를 추구하는 가격,"1,500만원 ~ 3,000만원 (고급형)",34,10,10,0,0,0.650,0.650
61,모던 & 미니멀 (Modern & Minimal),나 혼자 산다 (1인 가구),가성비를 추구하는 가격,"3,000만원 이상 (하이엔드)",35,10,10,0,0,0.680,0.680
62,모던 & 미니멀 (Modern & Minimal),나 혼자 산다 (1인 가구),가성비를 추구하는 가격,"3,000만원 이상 (하이엔드)",10,10,10,0,0,0.830,0.830
63,모던 & 미니멀 (Modern & Minimal),나 혼자 산다 (1인 가구),가성비를 추구하는 가격,"3,000만원 이상 (하이엔드)",36,10,10,0,0,0.680,0.680
64,모던 & 미니멀 (Modern & Minimal),나 혼자 산다 (1인 가구),가성비를 추구하는 가격,"3,000만원 이상 (하이엔드)",37,10,10,0,0,0.720,0.720
65,모던 & 미니멀 (Modern & Minimal),우리 둘이 알콩달콩 (2인/신혼),인테리어를 완성하는 디자인,500만원 미만 (실속형),36,10,10,0,0,0.674,0.680
66,모던 & 미니멀 (Modern & Minimal),우리 둘이 알콩달콩 (2인/신혼),인테리어를 완성하는 디자인,500만원 미만 (실속형),15,10,10,0,0,0.596,0.600
67,모던 & 미니멀 (Modern & Minimal),우리 둘이 알콩달콩 (2인/신혼),인테리어를 완성하는 디자인,500만원 미만 (실속형),5,10,8,2,0,0.806,0.830
68,모던 & 미니멀 (Modern & Minimal),우리 둘이 알콩달콩 (2인/신혼),인테리어를 완성하는 디자인,500만원 미만 (실속형),20,10,10,0,0,0.674,0.680
69,모던 & 미니멀 (Modern & Minimal),우리 둘이 알콩달콩 (2인/신혼),인테리어를 완성하는 디자인,"500만원 ~ 1,500만원 (표준형)",7,10,0,10,0,0.710,0.710
70,모던 & 미니멀 (Modern & Minimal),우리 둘이 알콩달콩 (2인/신혼),인테리어를 완성하는 디자인,"500만원 ~ 1,500만원 (표준형)",5,10,0,10,0,0.710,0.710
71,모던 & 미니멀 (Modern & Minimal),우리 둘이 알콩달콩 (2인/신혼),인테리어를 완성하는 디자인,"500만원 ~ 1,500만원 (표준형)",38,10,0,10,0,0.570,0.570
72,모던 & 미니멀 (Modern & Minimal),우리 둘이 알콩달콩 (2인/신혼),인테리어를 완성하는 디자인,"500만원 ~ 1,500만원 (표준형)",19,10,0,10,0,0.710,0.710
73,모던 & 미니멀 (Modern & Minimal),우리 둘이 알콩달콩 (2인/신혼),인테리어를 완성하는 디자인,"1,500만원 ~ 3,000만원 (고급형)",39,10,10,0,0,0.680,0.680
74,모던 & 미니멀 (Modern & Minimal),우리 둘이 알콩달콩 (2인/신혼),인테리어를 완성하는 디자인,"1,500만원 ~ 3,000만원 (고급형)",9,10,10,0,0,0.650,0.650
75,모던 & 미니멀 (Modern & Minimal),우리 둘이 알콩달콩 (2인/신혼),인테리어를 완성하는 디자인,"1,500만원 ~ 3,000만원 (고급형)",8,10,10,0,0,0.650,0.650
76,모던 & 미니멀 (Modern & Minimal),우리 둘이 알콩달콩 (2인/신혼),인테리어를 완성하는 디자인,"1,500만원 ~ 3,000만원 (고급형)",26,10,10,0,0,0.830,0.830
77,모던 & 미니멀 (Modern & Minimal),우리 둘이 알콩달콩 (2인/신혼),인테리어를 완성하는 디자인,"3,000만원 이상 (하이엔드)",32,10,10,0,0,0.830,0.830
78,모던 & 미니멀 (Modern & Minimal),우리 둘이 알콩달콩 (2인/신혼),인테리어를 완성하는 디자인,"3,000만원 이상 (하이엔드)",40,10,10,0,0,0.720,0.720
79,모던 & 미니멀 (Modern & Minimal),우리 둘이 알콩달콩 (2인/신혼),인테리어를 완성하는 디자인,"3,000만원 이상 (하이엔드)",36,10,10,0,0,0.680,0.680
80,모던 & 미니멀 (Modern & Minimal),우리 둘이 알콩달콩 (2인/신혼),인테리어를 완성하는 디자인,"3,000만원 이상 (하이엔드)",31,10,10,0,0,0.720,0.720
81,모던 & 미니멀 (Modern & Minimal),우리 둘이 알콩달콩 (2인/신혼),삶을 편하게 해주는 AI/스마트 기능,500만원 미만 (실속형),30,10,8,2,0,0.806,0.830
82,모던 & 미니멀 (Modern & Minimal),우리 둘이 알콩달콩 (2인/신혼),삶을 편하게 해주는 AI/스마트 기능,500만원 미만 (실속형),29,10,10,0,0,0.644,0.650
83,모던 & 미니멀 (Modern & Minimal),우리 둘이 알콩달콩 (2인/신혼),삶을 편하게 해주는 AI/스마트 기능,500만원 미만 (실속형),39,10,10,0,0,0.674,0.680
84,모던 & 미니멀 (Modern & Minimal),우리 둘이 알콩달콩 (2인/신혼),삶을 편하게 해주는 AI/스마트 기능,500만원 미만 (실속형),41,10,8,2,0,0.806,0.830
85,모던 & 미니멀 (Modern & Minimal),우리 둘이 알콩달콩 (2인/신혼),삶을 편하게 해주는 AI/스마트 기능,"500만원 ~ 1,500만원 (표준형)",13,10,0,10,0,0.570,0.570
86,모던 & 미니멀 (Modern & Minimal),우리 둘이 알콩달콩 (2인/신혼),삶을 편하게 해주는 AI/스마트 기능,"500만원 ~ 1,500만원 (표준형)",38,10,0,10,0,0.570,0.570
87,모던 & 미니멀 (Modern & Minimal),우리 둘이 알콩달콩 (2인/신혼),삶을 편하게 해주는 AI/스마트 기능,"500만원 ~ 1,500만원 (표준형)",31,10,0,10,0,0.570,0.570
88,모던 & 미니멀 (Modern & Minimal),우리 둘이 알콩달콩 (2인/신혼),삶을 편하게 해주는 AI/스마트 기능,"500만원 ~ 1,500만원 (표준형)",39,10,0,10,0,0.580,0.580
89,모던 & 미니멀 (Modern & Minimal),우리 둘이 알콩달콩 (2인/신혼),삶을 편하게 해주는 AI/스마트 기능,"1,500만원 ~ 3,000만원 (고급형)",24,10,10,0,0,0.720,0.720
90,모던 & 미니멀 (Modern & Minimal),우리 둘이 알콩달콩 (2인/신혼),삶을 편하게 해주는 AI/스마트 기능,"1,500만원 ~ 3,000만원 (고급형)",18,10,10,0,0,0.650,0.650
91,모던 & 미니멀 (Modern & Minimal),우리 둘이 알콩달콩 (2인/신혼),삶을 편하게 해주는 AI/스마트 기능,"1,500만원 ~ 3,000만원 (고급형)",20,10,10,0,0,0.680,0.680
92,모던 & 미니멀 (Modern & Minimal),우리 둘이 알콩달콩 (2인/신혼),삶을 편하게 해주는 AI/스마트 기능,"1,500만원 ~ 3,000만원 (고급형)",14,10,10,0,0,0.830,0.830
93,모던 & 미니멀 (Modern & Minimal),우리 둘이 알콩달콩 (2인/신혼),삶을 편하게 해주는 AI/스마트 기능,"3,000만원 이상 (하이엔드)",23,10,10,0,0,0.650,0.650
94,모던 & 미니멀 (Modern & Minimal),우리 둘이 알콩달콩 (2인/신혼),삶을 편하게 해주는 AI/스마트 기능,"3,000만원 이상 (하이엔드)",37,10,10,0,0,0.720,0.720
95,모던 & 미니멀 (Modern & Minimal),우리 둘이 알콩달콩 (2인/신혼),삶을 편하게 해주는 AI/스마트 기능,"3,000만원 이상 (하이엔드)",5,10,10,0,0,0.830,0.830
96,모던 & 미니멀 (Modern & Minimal),우리 둘이 알콩달콩 (2인/신혼),삶을 편하게 해주는 AI/스마트 기능,"3,000만원 이상 (하이엔드)",16,10,10,0,0,0.680,0.680
97,모던 & 미니멀 (Modern & Minimal),우리 둘이 알콩달콩 (2인/신혼),지구를 지키는 에너지 효율,500만원 미만 (실속형),23,10,10,0,0,0.644,0.650
98,모던 & 미니멀 (Modern & Minimal),우리 둘이 알콩달콩 (2인/신혼),지구를 지키는 에너지 효율,500만원 미만 (실속형),42,10,10,0,0,0.644,0.650
99,모던 & 미니멀 (Modern & Minimal),우리 둘이 알콩달콩 (2인/신혼),지구를 지키는 에너지 효율,500만원 미만 (실속형),29,10,10,0,0,0.644,0.650
100,모던 & 미니멀 (Modern & Minimal),우리 둘이 알콩달콩 (2인/신혼),지구를 지키는 에너지 효율,500만원 미만 (실속형),11,10,8,2,0,0.806,0.830
101,모던 & 미니멀 (Modern & Minimal),우리 둘이 알콩달콩 (2인/신혼),지구를 지키는 에너지 효율,"500만원 ~ 1,500만원 (표준형)",31,10,0,10,0,0.570,0.570
102,모던 & 미니멀 (Modern & Minimal),우리 둘이 알콩달콩 (2인/신혼),지구를 지키는 에너지 효율,"500만원 ~ 1,500만원 (표준형)",21,10,0,10,0,0.560,0.560
103,모던 & 미니멀 (Modern & Minimal),우리 둘이 알콩달콩 (2인/신혼),지구를 지키는 에너지 효율,"500만원 ~ 1,500만원 (표준형)",43,10,0,10,0,0.580,0.580
104,모던 & 미니멀 (Modern & Minimal),우리 둘이 알콩달콩 (2인/신혼),지구를 지키는 에너지 효율,"500만원 ~ 1,500만원 (표준형)",44,10,0,10,0,0.570,0.570
105,모던 & 미니멀 (Modern & Minimal),우리 둘이 알콩달콩 (2인/신혼),지구를 지키는 에너지 효율,"1,500만원 ~ 3,000만원 (고급형)",1,10,10,0,0,0.720,0.720
106,모던 & 미니멀 (Modern & Minimal),우리 둘이 알콩달콩 (2인/신혼),지구를 지키는 에너지 효율,"1,500만원 ~ 3,000만원 (고급형)",25,10,10,0,0,0.650,0.650
107,모던 & 미니멀 (Modern & Minimal),우리 둘이 알콩달콩 (2인/신혼),지구를 지키는 에너지 효율,"1,500만원 ~ 3,000만원 (고급형)",42,10,10,0,0,0.650,0.650
108,모던 & 미니멀 (Modern & Minimal),우리 둘이 알콩달콩 (2인/신혼),지구를 지키는 에너지 효율,"1,500만원 ~ 3,000만원 (고급형)",45,10,10,0,0,0.650,0.650
109,모던 & 미니멀 (Modern & Minimal),우리 둘이 알콩달콩 (2인/신혼),지구를 지키는 에너지 효율,"3,000만원 이상 (하이엔드)",16,10,10,0,0,0.680,0.680
110,모던 & 미니멀 (Modern & Minimal),우리 둘이 알콩달콩 (2인/신혼),지구를 지키는 에너지 효율,"3,000만원 이상 (하이엔드)",29,10,10,0,0,0.650,0.650
111,모던 & 미니멀 (Modern & Minimal),우리 둘이 알콩달콩 (2인/신혼),지구를 지키는 에너지 효율,"3,000만원 이상 (하이엔드)",46,10,10,0,0,0.650,0.650
112,모던 & 미니멀 (Modern & Minimal),우리 둘이 알콩달콩 (2인/신혼),지구를 지키는 에너지 효율,"3,000만원 이상 (하이엔드)",16,10,10,0,0,0.680,0.680
113,모던 & 미니멀 (Modern & Minimal),우리 둘이 알콩달콩 (2인/신혼),가성비를 추구하는 가격,500만원 미만 (실속형),39,10,10,0,0,0.674,0.680
114,모던 & 미니멀 (Modern & Minimal),우리 둘이 알콩달콩 (2인/신혼),가성비를 추구하는 가격,500만원 미만 (실속형),8,10,10,0,0,0.644,0.650
115,모던 & 미니멀 (Modern & Minimal),우리 둘이 알콩달콩 (2인/신혼),가성비를 추구하는 가격,500만원 미만 (실속형),36,10,10,0,0,0.674,0.680
116,모던 & 미니멀 (Modern & Minimal),우리 둘이 알콩달콩 (2인/신혼),가성비를 추구하는 가격,500만원 미만 (실속형),29,10,10,0,0,0.644,0.650
117,모던 & 미니멀 (Modern & Minimal),우리 둘이 알콩달콩 (2인/신혼),가성비를 추구하는 가격,"500만원 ~ 1,500만원 (표준형)",35,10,0,10,0,0.580,0.580
118,모던 & 미니멀 (Modern & Minimal),우리 둘이 알콩달콩 (2인/신혼),가성비를 추구하는 가격,"500만원 ~ 1,500만원 (표준형)",17,10,0,10,0,0.570,0.570
119,모던 & 미니멀 (Modern & Minimal),우리 둘이 알콩달콩 (2인/신혼),가성비를 추구하는 가격,"500만원 ~ 1,500만원 (표준형)",26,10,0,10,0,0.710,0.710
120,모던 & 미니멀 (Modern & Minimal),우리 둘이 알콩달콩 (2인/신혼),가성비를 추구하는 가격,"500만원 ~ 1,500만원 (표준형)",8,10,0,10,0,0.560,0.560
121,모던 & 미니멀 (Modern & Minimal),우리 둘이 알콩달콩 (2인/신혼),가성비를 추구하는 가격,"1,500만원 ~ 3,000만원 (고급형)",18,10,10,0,0,0.650,0.650
122,모던 & 미니멀 (Modern & Minimal),우리 둘이 알콩달콩 (2인/신혼),가성비를 추구하는 가격,"1,500만원 ~ 3,000만원 (고급형)",29,10,10,0,0,0.650,0.650
123,모던 & 미니멀 (Modern & Minimal),우리 둘이 알콩달콩 (2인/신혼),가성비를 추구하는 가격,"1,500만원 ~ 3,000만원 (고급형)",15,10,10,0,0,0.720,0.720
124,모던 & 미니멀 (Modern & Minimal),우리 둘이 알콩달콩 (2인/신혼),가성비를 추구하는 가격,"1,500만원 ~ 3,000만원 (고급형)",28,10,10,0,0,0.650,0.650
125,모던 & 미니멀 (Modern & Minimal),우리 둘이 알콩달콩 (2인/신혼),가성비를 추구하는 가격,"3,000만원 이상 (하이엔드)",6,10,10,0,0,0.720,0.720
126,모던 & 미니멀 (Modern & Minimal),우리 둘이 알콩달콩 (2인/신혼),가성비를 추구하는 가격,"3,000만원 이상 (하이엔드)",13,10,10,0,0,0.720,0.720
127,모던 & 미니멀 (Modern & Minimal),우리 둘이 알콩달콩 (2인/신혼),가성비를 추구하는 가격,"3,000만원 이상 (하이엔드)",47,10,10,0,0,0.680,0.680
128,모던 & 미니멀 (Modern & Minimal),우리 둘이 알콩달콩 (2인/신혼),가성비를 추구하는 가격,"3,000만원 이상 (하이엔드)",36,10,10,0,0,0.680,0.680
129,모던 & 미니멀 (Modern & Minimal),함께 사는 3~4인 가족,인테리어를 완성하는 디자인,500만원 미만 (실속형),37,10,10,0,0,0.596,0.600
130,모던 & 미니멀 (Modern & Minimal),함께 사는 3~4인 가족,인테리어를 완성하는 디자인,500만원 미만 (실속형),39,10,10,0,0,0.674,0.680
131,모던 & 미니멀 (Modern & Minimal),함께 사는 3~4인 가족,인테리어를 완성하는 디자인,500만원 미만 (실속형),14,10,8,2,0,0.806,0.830
132,모던 & 미니멀 (Modern & Minimal),함께 사는 3~4인 가족,인테리어를 완성하는 디자인,500만원 미만 (실속형),11,10,8,2,0,0.806,0.830
133,모던 & 미니멀 (Modern & Minimal),함께 사는 3~4인 가족,인테리어를 완성하는 디자인,"500만원 ~ 1,500만원 (표준형)",40,10,0,10,0,0.570,0.570
134,모던 & 미니멀 (Modern & Minimal),함께 사는 3~4인 가족,인테리어를 완성하는 디자인,"500만원 ~ 1,500만원 (표준형)",2,10,0,10,0,0.710,0.710
135,모던 & 미니멀 (Modern & Minimal),함께 사는 3~4인 가족,인테리어를 완성하는 디자인,"500만원 ~ 1,500만원 (표준형)",32,10,0,10,0,0.710,0.710
136,모던 & 미니멀 (Modern & Minimal),함께 사는 3~4인 가족,인테리어를 완성하는 디자인,"500만원 ~ 1,500만원 (표준형)",26,10,0,10,0,0.710,0.710
137,모던 & 미니멀 (Modern & Minimal),함께 사는 3~4인 가족,인테리어를 완성하는 디자인,"1,500만원 ~ 3,000만원 (고급형)",42,10,10,0,0,0.650,0.650
138,모던 & 미니멀 (Modern & Minimal),함께 사는 3~4인 가족,인테리어를 완성하는 디자인,"1,500만원 ~ 3,000만원 (고급형)",37,10,10,0,0,0.720,0.720
139,모던 & 미니멀 (Modern & Minimal),함께 사는 3~4인 가족,인테리어를 완성하는 디자인,"1,500만원 ~ 3,000만원 (고급형)",25,10,10,0,0,0.650,0.650
140,모던 & 미니멀 (Modern & Minimal),함께 사는 3~4인 가족,인테리어를 완성하는 디자인,"1,500만원 ~ 3,000만원 (고급형)",10,10,10,0,0,0.830,0.830
141,모던 & 미니멀 (Modern & Minimal),함께 사는 3~4인 가족,인테리어를 완성하는 디자인,"3,000만원 이상 (하이엔드)",48,10,10,0,0,0.720,0.720
142,모던 & 미니멀 (Modern & Minimal),함께 사는 3~4인 가족,인테리어를 완성하는 디자인,"3,000만원 이상 (하이엔드)",4,10,10,0,0,0.720,0.720
143,모던 & 미니멀 (Modern & Minimal),함께 사는 3~4인 가족,인테리어를 완성하는 디자인,"3,000만원 이상 (하이엔드)",2,10,10,0,0,0.830,0.830
144,모던 & 미니멀 (Modern & Minimal),함께 사는 3~4인 가족,인테리어를 완성하는 디자인,"3,000만원 이상 (하이엔드)",20,10,10,0,0,0.680,0.680
145,모던 & 미니멀 (Modern & Minimal),함께 사는 3~4인 가족,삶을 편하게 해주는 AI/스마트 기능,500만원 미만 (실속형),47,10,10,0,0,0.674,0.680
146,모던 & 미니멀 (Modern & Minimal),함께 사는 3~4인 가족,삶을 편하게 해주는 AI/스마트 기능,500만원 미만 (실속형),6,10,10,0,0,0.596,0.600
147,모던 & 미니멀 (Modern & Minimal),함께 사는 3~4인 가족,삶을 편하게 해주는 AI/스마트 기능,500만원 미만 (실속형),11,10,8,2,0,0.806,0.830
148,모던 & 미니멀 (Modern & Minimal),함께 사는 3~4인 가족,삶을 편하게 해주는 AI/스마트 기능,500만원 미만 (실속형),6,10,10,0,0,0.596,0.600
149,모던 & 미니멀 (Modern & Minimal),함께 사는 3~4인 가족,삶을 편하게 해주는 AI/스마트 기능,"500만원 ~ 1,500만원 (표준형)",8,10,0,10,0,0.560,0.560
150,모던 & 미니멀 (Modern & Minimal),함께 사는 3~4인 가족,삶을 편하게 해주는 AI/스마트 기능,"500만원 ~ 1,500만원 (표준형)",19,10,0,10,0,0.710,0.710
151,모던 & 미니멀 (Modern & Minimal),함께 사는 3~4인 가족,삶을 편하게 해주는 AI/스마트 기능,"500만원 ~ 1,500만원 (표준형)",47,10,0,10,0,0.580,0.580
152,모던 & 미니멀 (Modern & Minimal),함께 사는 3~4인 가족,삶을 편하게 해주는 AI/스마트 기능,"500만원 ~ 1,500만원 (표준형)",31,10,0,10,0,0.570,0.570
153,모던 & 미니멀 (Modern & Minimal),함께 사는 3~4인 가족,삶을 편하게 해주는 AI/스마트 기능,"1,500만원 ~ 3,000만원 (고급형)",33,10,10,0,0,0.720,0.720
154,모던 & 미니멀 (Modern & Minimal),함께 사는 3~4인 가족,삶을 편하게 해주는 AI/스마트 기능,"1,500만원 ~ 3,000만원 (고급형)",49,10,10,0,0,0.680,0.680
155,모던 & 미니멀 (Modern & Minimal),함께 사는 3~4인 가족,삶을 편하게 해주는 AI/스마트 기능,"1,500만원 ~ 3,000만원 (고급형)",11,10,10,0,0,0.830,0.830
156,모던 & 미니멀 (Modern & Minimal),함께 사는 3~4인 가족,삶을 편하게 해주는 AI/스마트 기능,"1,500만원 ~ 3,000만원 (고급형)",1,10,10,0,0,0.720,0.720
157,모던 & 미니멀 (Modern & Minimal),함께 사는 3~4인 가족,삶을 편하게 해주는 AI/스마트 기능,"3,000만원 이상 (하이엔드)",44,10,10,0,0,0.720,0.720
158,모던 & 미니멀 (Modern & Minimal),함께 사는 3~4인 가족,삶을 편하게 해주는 AI/스마트 기능,"3,000만원 이상 (하이엔드)",47,10,10,0,0,0.680,0.680
159,모던 & 미니멀 (Modern & Minimal),함께 사는 3~4인 가족,삶을 편하게 해주는 AI/스마트 기능,"3,000만원 이상 (하이엔드)",18,10,10,0,0,0.650,0.650
160,모던 & 미니멀 (Modern & Minimal),함께 사는 3~4인 가족,삶을 편하게 해주는 AI/스마트 기능,"3,000만원 이상 (하이엔드)",31,10,10,0,0,0.720,0.720
161,모던 & 미니멀 (Modern & Minimal),함께 사는 3~4인 가족,지구를 지키는 에너지 효율,500만원 미만 (실속형),15,10,10,0,0,0.596,0.600
162,모던 & 미니멀 (Modern & Minimal),함께 사는 3~4인 가족,지구를 지키는 에너지 효율,500만원 미만 (실속형),23,10,10,0,0,0.644,0.650
163,모던 & 미니멀 (Modern & Minimal),함께 사는 3~4인 가족,지구를 지키는 에너지 효율,500만원 미만 (실속형),6,10,10,0,0,0.596,0.600
164,모던 & 미니멀 (Modern & Minimal),함께 사는 3~4인 가족,지구를 지키는 에너지 효율,500만원 미만 (실속형),50,10,10,0,0,0.644,0.650
165,모던 & 미니멀 (Modern & Minimal),함께 사는 3~4인 가족,지구를 지키는 에너지 효율,"500만원 ~ 1,500만원 (표준형)",38,10,0,10,0,0.570,0.570
166,모던 & 미니멀 (Modern & Minimal),함께 사는 3~4인 가족,지구를 지키는 에너지 효율,"500만원 ~ 1,500만원 (표준형)",24,10,0,10,0,0.570,0.570
167,모던 & 미니멀 (Modern & Minimal),함께 사는 3~4인 가족,지구를 지키는 에너지 효율,"500만원 ~ 1,500만원 (표준형)",14,10,0,10,0,0.710,0.710
168,모던 & 미니멀 (Modern & Minimal),함께 사는 3~4인 가족,지구를 지키는 에너지 효율,"500만원 ~ 1,500만원 (표준형)",16,10,0,10,0,0.580,0.580
169,모던 & 미니멀 (Modern & Minimal),함께 사는 3~4인 가족,지구를 지키는 에너지 효율,"1,500만원 ~ 3,000만원 (고급형)",34,10,10,0,0,0.650,0.650
170,모던 & 미니멀 (Modern & Minimal),함께 사는 3~4인 가족,지구를 지키는 에너지 효율,"1,500만원 ~ 3,000만원 (고급형)",17,10,10,0,0,0.720,0.720
171,모던 & 미니멀 (Modern & Minimal),함께 사는 3~4인 가족,지구를 지키는 에너지 효율,"1,500만원 ~ 3,000만원 (고급형)",6,10,10,0,0,0.720,0.720
172,모던 & 미니멀 (Modern & Minimal),함께 사는 3~4인 가족,지구를 지키는 에너지 효율,"1,500만원 ~ 3,000만원 (고급형)",45,10,10,0,0,0.650,0.650
173,모던 & 미니멀 (Modern & Minimal),함께 사는 3~4인 가족,지구를 지키는 에너지 효율,"3,000만원 이상 (하이엔드)",31,10,10,0,0,0.720,0.720
174,모던 & 미니멀 (Modern & Minimal),함께 사는 3~4인 가족,지구를 지키는 에너지 효율,"3,000만원 이상 (하이엔드)",29,10,10,0,0,0.650,0.650
175,모던 & 미니멀 (Modern & Minimal),함께 사는 3~4인 가족,지구를 지키는 에너지 효율,"3,000만원 이상 (하이엔드)",11,10,10,0,0,0.830,0.830
176,모던 & 미니멀 (Modern & Minimal),함께 사는 3~4인 가족,지구를 지키는 에너지 효율,"3,000만원 이상 (하이엔드)",36,10,10,0,0,0.680,0.680
177,모던 & 미니멀 (Modern & Minimal),함께 사는 3~4인 가족,가성비를 추구하는 가격,500만원 미만 (실속형),49,10,10,0,0,0.674,0.680
178,모던 & 미니멀 (Modern & Minimal),함께 사는 3~4인 가족,가성비를 추구하는 가격,500만원 미만 (실속형),10,10,8,2,0,0.806,0.830
179,모던 & 미니멀 (Modern & Minimal),함께 사는 3~4인 가족,가성비를 추구하는 가격,500만원 미만 (실속형),24,10,10,0,0,0.596,0.600
180,모던 & 미니멀 (Modern & Minimal),함께 사는 3~4인 가족,가성비를 추구하는 가격,500만원 미만 (실속형),14,10,8,2,0,0.806,0.830
181,모던 & 미니멀 (Modern & Minimal),함께 사는 3~4인 가족,가성비를 추구하는 가격,"500만원 ~ 1,500만원 (표준형)",35,10,0,10,0,0.580,0.580
182,모던 & 미니멀 (Modern & Minimal),함께 사는 3~4인 가족,가성비를 추구하는 가격,"500만원 ~ 1,500만원 (표준형)",12,10,0,10,0,0.580,0.580
183,모던 & 미니멀 (Modern & Minimal),함께 사는 3~4인 가족,가성비를 추구하는 가격,"500만원 ~ 1,500만원 (표준형)",36,10,0,10,0,0.580,0.580
184,모던 & 미니멀 (Modern & Minimal),함께 사는 3~4인 가족,가성비를 추구하는 가격,"500만원 ~ 1,500만원 (표준형)",2,10,0,10,0,0.710,0.710
185,모던 & 미니멀 (Modern & Minimal),함께 사는 3~4인 가족,가성비를 추구하는 가격,"1,500만원 ~ 3,000만원 (고급형)",9,10,10,0,0,0.650,0.650
186,모던 & 미니멀 (Modern & Minimal),함께 사는 3~4인 가족,가성비를 추구하는 가격,"1,500만원 ~ 3,000만원 (고급형)",9,10,10,0,0,0.650,0.650
187,모던 & 미니멀 (Modern & Minimal),함께 사는 3~4인 가족,가성비를 추구하는 가격,"1,500만원 ~ 3,000만원 (고급형)",45,10,10,0,0,0.650,0.650
188,모던 & 미니멀 (Modern & Minimal),함께 사는 3~4인 가족,가성비를 추구하는 가격,"1,500만원 ~ 3,000만원 (고급형)",28,10,10,0,0,0.650,0.650
189,모던 & 미니멀 (Modern & Minimal),함께 사는 3~4인 가족,가성비를 추구하는 가격,"3,000만원 이상 (하이엔드)",27,10,10,0,0,0.720,0.720
190,모던 & 미니멀 (Modern & Minimal),함께 사는 3~4인 가족,가성비를 추구하는 가격,"3,000만원 이상 (하이엔드)",35,10,10,0,0,0.680,0.680
191,모던 & 미니멀 (Modern & Minimal),함께 사는 3~4인 가족,가성비를 추구하는 가격,"3,000만원 이상 (하이엔드)",36,10,10,0,0,0.680,0.680
192,모던 & 미니멀 (Modern & Minimal),함께 사는 3~4인 가족,가성비를 추구하는 가격,"3,000만원 이상 (하이엔드)",42,10,10,0,0,0.650,0.650
193,코지 & 네이처 (Cozy & Nature),나 혼자 산다 (1인 가구),인테리어를 완성하는 디자인,500만원 미만 (실속형),11,10,8,2,0,0.790,0.810
194,코지 & 네이처 (Cozy & Nature),나 혼자 산다 (1인 가구),인테리어를 완성하는 디자인,500만원 미만 (실속형),12,10,10,0,0,0.668,0.670
195,코지 & 네이처 (Cozy & Nature),나 혼자 산다 (1인 가구),인테리어를 완성하는 디자인,500만원 미만 (실속형),13,10,10,0,0,0.598,0.600
196,코지 & 네이처 (Cozy & Nature),나 혼자 산다 (1인 가구),인테리어를 완성하는 디자인,500만원 미만 (실속형),30,10,8,2,0,0.790,0.810
197,코지 & 네이처 (Cozy & Nature),나 혼자 산다 (1인 가구),인테리어를 완성하는 디자인,"500만원 ~ 1,500만원 (표준형)",44,10,0,10,0,0.570,0.570
198,코지 & 네이처 (Cozy & Nature),나 혼자 산다 (1인 가구),인테리어를 완성하는 디자인,"500만원 ~ 1,500만원 (표준형)",27,10,0,10,0,0.570,0.570
199,코지 & 네이처 (Cozy & Nature),나 혼자 산다 (1인 가구),인테리어를 완성하는 디자인,"500만원 ~ 1,500만원 (표준형)",11,10,0,10,0,0.710,0.710
200,코지 & 네이처 (Cozy & Nature),나 혼자 산다 (1인 가구),인테리어를 완성하는 디자인,"500만원 ~ 1,500만원 (표준형)",18,10,0,10,0,0.560,0.560
201,코지 & 네이처 (Cozy & Nature),나 혼자 산다 (1인 가구),인테리어를 완성하는 디자인,"1,500만원 ~ 3,000만원 (고급형)",3,10,10,0,0,0.720,0.720
202,코지 & 네이처 (Cozy & Nature),나 혼자 산다 (1인 가구),인테리어를 완성하는 디자인,"1,500만원 ~ 3,000만원 (고급형)",38,10,10,0,0,0.720,0.720
203,코지 & 네이처 (Cozy & Nature),나 혼자 산다 (1인 가구),인테리어를 완성하는 디자인,"1,500만원 ~ 3,000만원 (고급형)",12,10,10,0,0,0.670,0.670
204,코지 & 네이처 (Cozy & Nature),나 혼자 산다 (1인 가구),인테리어를 완성하는 디자인,"1,500만원 ~ 3,000만원 (고급형)",3,10,10,0,0,0.720,0.720
205,코지 & 네이처 (Cozy & Nature),나 혼자 산다 (1인 가구),인테리어를 완성하는 디자인,"3,000만원 이상 (하이엔드)",17,10,10,0,0,0.720,0.720
206,코지 & 네이처 (Cozy & Nature),나 혼자 산다 (1인 가구),인테리어를 완성하는 디자인,"3,000만원 이상 (하이엔드)",32,10,10,0,0,0.810,0.810
207,코지 & 네이처 (Cozy & Nature),나 혼자 산다 (1인 가구),인테리어를 완성하는 디자인,"3,000만원 이상 (하이엔드)",3,10,10,0,0,0.720,0.720
208,코지 & 네이처 (Cozy & Nature),나 혼자 산다 (1인 가구),인테리어를 완성하는 디자인,"3,000만원 이상 (하이엔드)",35,10,10,0,0,0.670,0.670
209,코지 & 네이처 (Cozy & Nature),나 혼자 산다 (1인 가구),삶을 편하게 해주는 AI/스마트 기능,500만원 미만 (실속형),18,10,10,0,0,0.638,0.640
210,코지 & 네이처 (Cozy & Nature),나 혼자 산다 (1인 가구),삶을 편하게 해주는 AI/스마트 기능,500만원 미만 (실속형),38,10,10,0,0,0.598,0.600
211,코지 & 네이처 (Cozy & Nature),나 혼자 산다 (1인 가구),삶을 편하게 해주는 AI/스마트 기능,500만원 미만 (실속형),44,10,10,0,0,0.598,0.600
212,코지 & 네이처 (Cozy & Nature),나 혼자 산다 (1인 가구),삶을 편하게 해주는 AI/스마트 기능,500만원 미만 (실속형),10,10,8,2,0,0.790,0.810
213,코지 & 네이처 (Cozy & Nature),나 혼자 산다 (1인 가구),삶을 편하게 해주는 AI/스마트 기능,"500만원 ~ 1,500만원 (표준형)",13,10,0,10,0,0.570,0.570
214,코지 & 네이처 (Cozy & Nature),나 혼자 산다 (1인 가구),삶을 편하게 해주는 AI/스마트 기능,"500만원 ~ 1,500만원 (표준형)",1,10,0,10,0,0.570,0.570
215,코지 & 네이처 (Cozy & Nature),나 혼자 산다 (1인 가구),삶을 편하게 해주는 AI/스마트 기능,"500만원 ~ 1,500만원 (표준형)",32,10,0,10,0,0.710,0.710
216,코지 & 네이처 (Cozy & Nature),나 혼자 산다 (1인 가구),삶을 편하게 해주는 AI/스마트 기능,"500만원 ~ 1,500만원 (표준형)",48,10,0,10,0,0.570,0.570
217,코지 & 네이처 (Cozy & Nature),나 혼자 산다 (1인 가구),삶을 편하게 해주는 AI/스마트 기능,"1,500만원 ~ 3,000만원 (고급형)",24,10,10,0,0,0.720,0.720
218,코지 & 네이처 (Cozy & Nature),나 혼자 산다 (1인 가구),삶을 편하게 해주는 AI/스마트 기능,"1,500만원 ~ 3,000만원 (고급형)",28,10,10,0,0,0.640,0.640
219,코지 & 네이처 (Cozy & Nature),나 혼자 산다 (1인 가구),삶을 편하게 해주는 AI/스마트 기능,"1,500만원 ~ 3,000만원 (고급형)",31,10,10,0,0,0.720,0.720
220,코지 & 네이처 (Cozy & Nature),나 혼자 산다 (1인 가구),삶을 편하게 해주는 AI/스마트 기능,"1,500만원 ~ 3,000만원 (고급형)",50,10,10,0,0,0.640,0.640
221,코지 & 네이처 (Cozy & Nature),나 혼자 산다 (1인 가구),삶을 편하게 해주는 AI/스마트 기능,"3,000만원 이상 (하이엔드)",40,10,10,0,0,0.720,0.720
222,코지 & 네이처 (Cozy & Nature),나 혼자 산다 (1인 가구),삶을 편하게 해주는 AI/스마트 기능,"3,000만원 이상 (하이엔드)",16,10,10,0,0,0.670,0.670
223,코지 & 네이처 (Cozy & Nature),나 혼자 산다 (1인 가구),삶을 편하게 해주는 AI/스마트 기능,"3,000만원 이상 (하이엔드)",44,10,10,0,0,0.720,0.720
224,코지 & 네이처 (Cozy & Nature),나 혼자 산다 (1인 가구),삶을 편하게 해주는 AI/스마트 기능,"3,000만원 이상 (하이엔드)",23,10,10,0,0,0.640,0.640
225,코지 & 네이처 (Cozy & Nature),나 혼자 산다 (1인 가구),지구를 지키는 에너지 효율,500만원 미만 (실속형),45,10,10,0,0,0.638,0.640
226,코지 & 네이처 (Cozy & Nature),나 혼자 산다 (1인 가구),지구를 지키는 에너지 효율,500만원 미만 (실속형),22,10,10,0,0,0.638,0.640
227,코지 & 네이처 (Cozy & Nature),나 혼자 산다 (1인 가구),지구를 지키는 에너지 효율,500만원 미만 (실속형),25,10,10,0,0,0.638,0.640
228,코지 & 네이처 (Cozy & Nature),나 혼자 산다 (1인 가구),지구를 지키는 에너지 효율,500만원 미만 (실속형),34,10,10,0,0,0.638,0.640
229,코지 & 네이처 (Cozy & Nature),나 혼자 산다 (1인 가구),지구를 지키는 에너지 효율,"500만원 ~ 1,500만원 (표준형)",36,10,0,10,0,0.580,0.580
230,코지 & 네이처 (Cozy & Nature),나 혼자 산다 (1인 가구),지구를 지키는 에너지 효율,"500만원 ~ 1,500만원 (표준형)",38,10,0,10,0,0.570,0.570
231,코지 & 네이처 (Cozy & Nature),나 혼자 산다 (1인 가구),지구를 지키는 에너지 효율,"500만원 ~ 1,500만원 (표준형)",38,10,0,10,0,0.570,0.570
232,코지 & 네이처 (Cozy & Nature),나 혼자 산다 (1인 가구),지구를 지키는 에너지 효율,"500만원 ~ 1,500만원 (표준형)",29,10,0,10,0,0.560,0.560
233,코지 & 네이처 (Cozy & Nature),나 혼자 산다 (1인 가구),지구를 지키는 에너지 효율,"1,500만원 ~ 3,000만원 (고급형)",7,10,10,0,0,0.810,0.810
234,코지 & 네이처 (Cozy & Nature),나 혼자 산다 (1인 가구),지구를 지키는 에너지 효율,"1,500만원 ~ 3,000만원 (고급형)",27,10,10,0,0,0.720,0.720
235,코지 & 네이처 (Cozy & Nature),나 혼자 산다 (1인 가구),지구를 지키는 에너지 효율,"1,500만원 ~ 3,000만원 (고급형)",7,10,10,0,0,0.810,0.810
236,코지 & 네이처 (Cozy & Nature),나 혼자 산다 (1인 가구),지구를 지키는 에너지 효율,"1,500만원 ~ 3,000만원 (고급형)",44,10,10,0,0,0.720,0.720
237,코지 & 네이처 (Cozy & Nature),나 혼자 산다 (1인 가구),지구를 지키는 에너지 효율,"3,000만원 이상 (하이엔드)",9,10,10,0,0,0.640,0.640
238,코지 & 네이처 (Cozy & Nature),나 혼자 산다 (1인 가구),지구를 지키는 에너지 효율,"3,000만원 이상 (하이엔드)",21,10,10,0,0,0.640,0.640
239,코지 & 네이처 (Cozy & Nature),나 혼자 산다 (1인 가구),지구를 지키는 에너지 효율,"3,000만원 이상 (하이엔드)",7,10,10,0,0,0.810,0.810
240,코지 & 네이처 (Cozy & Nature),나 혼자 산다 (1인 가구),지구를 지키는 에너지 효율,"3,000만원 이상 (하이엔드)",16,10,10,0,0,0.670,0.670
241,코지 & 네이처 (Cozy & Nature),나 혼자 산다 (1인 가구),가성비를 추구하는 가격,500만원 미만 (실속형),2,10,8,2,0,0.790,0.810
242,코지 & 네이처 (Cozy & Nature),나 혼자 산다 (1인 가구),가성비를 추구하는 가격,500만원 미만 (실속형),40,10,10,0,0,0.598,0.600
243,코지 & 네이처 (Cozy & Nature),나 혼자 산다 (1인 가구),가성비를 추구하는 가격,500만원 미만 (실속형),16,10,10,0,0,0.668,0.670
244,코지 & 네이처 (Cozy & Nature),나 혼자 산다 (1인 가구),가성비를 추구하는 가격,500만원 미만 (실속형),26,10,8,2,0,0.790,0.810
245,코지 & 네이처 (Cozy & Nature),나 혼자 산다 (1인 가구),가성비를 추구하는 가격,"500만원 ~ 1,500만원 (표준형)",50,10,0,10,0,0.560,0.560
246,코지 & 네이처 (Cozy & Nature),나 혼자 산다 (1인 가구),가성비를 추구하는 가격,"500만원 ~ 1,500만원 (표준형)",47,10,0,10,0,0.580,0.580
247,코지 & 네이처 (Cozy & Nature),나 혼자 산다 (1인 가구),가성비를 추구하는 가격,"500만원 ~ 1,500만원 (표준형)",13,10,0,10,0,0.570,0.570
248,코지 & 네이처 (Cozy & Nature),나 혼자 산다 (1인 가구),가성비를 추구하는 가격,"500만원 ~ 1,500만원 (표준형)",24,10,0,10,0,0.570,0.570
249,코지 & 네이처 (Cozy & Nature),나 혼자 산다 (1인 가구),가성비를 추구하는 가격,"1,500만원 ~ 3,000만원 (고급형)",21,10,10,0,0,0.640,0.640
250,코지 & 네이처 (Cozy & Nature),나 혼자 산다 (1인 가구),가성비를 추구하는 가격,"1,500만원 ~ 3,000만원 (고급형)",36,10,10,0,0,0.670,0.670
251,코지 & 네이처 (Cozy & Nature),나 혼자 산다 (1인 가구),가성비를 추구하는 가격,"1,500만원 ~ 3,000만원 (고급형)",36,10,10,0,0,0.670,0.670
252,코지 & 네이처 (Cozy & Nature),나 혼자 산다 (1인 가구),가성비를 추구하는 가격,"1,500만원 ~ 3,000만원 (고급형)",17,10,10,0,0,0.720,0.720
253,코지 & 네이처 (Cozy & Nature),나 혼자 산다 (1인 가구),가성비를 추구하는 가격,"3,000만원 이상 (하이엔드)",31,10,10,0,0,0.720,0.720
254,코지 & 네이처 (Cozy & Nature),나 혼자 산다 (1인 가구),가성비를 추구하는 가격,"3,000만원 이상 (하이엔드)",9,10,10,0,0,0.640,0.640
255,코지 & 네이처 (Cozy & Nature),나 혼자 산다 (1인 가구),가성비를 추구하는 가격,"3,000만원 이상 (하이엔드)",25,10,10,0,0,0.640,0.640
256,코지 & 네이처 (Cozy & Nature),나 혼자 산다 (1인 가구),가성비를 추구하는 가격,"3,000만원 이상 (하이엔드)",16,10,10,0,0,0.670,0.670
257,코지 & 네이처 (Cozy & Nature),우리 둘이 알콩달콩 (2인/신혼),인테리어를 완성하는 디자인,500만원 미만 (실속형),28,10,10,0,0,0.638,0.640
258,코지 & 네이처 (Cozy & Nature),우리 둘이 알콩달콩 (2인/신혼),인테리어를 완성하는 디자인,500만원 미만 (실속형),18,10,10,0,0,0.638,0.640
259,코지 & 네이처 (Cozy & Nature),우리 둘이 알콩달콩 (2인/신혼),인테리어를 완성하는 디자인,500만원 미만 (실속형),42,10,10,0,0,0.638,0.640
260,코지 & 네이처 (Cozy & Nature),우리 둘이 알콩달콩 (2인/신혼),인테리어를 완성하는 디자인,500만원 미만 (실속형),19,10,8,2,0,0.790,0.810
261,코지 & 네이처 (Cozy & Nature),우리 둘이 알콩달콩 (2인/신혼),인테리어를 완성하는 디자인,"500만원 ~ 1,500만원 (표준형)",17,10,0,10,0,0.570,0.570
262,코지 & 네이처 (Cozy & Nature),우리 둘이 알콩달콩 (2인/신혼),인테리어를 완성하는 디자인,"500만원 ~ 1,500만원 (표준형)",32,10,0,10,0,0.710,0.710
263,코지 & 네이처 (Cozy & Nature),우리 둘이 알콩달콩 (2인/신혼),인테리어를 완성하는 디자인,"500만원 ~ 1,500만원 (표준형)",21,10,0,10,0,0.560,0.560
264,코지 & 네이처 (Cozy & Nature),우리 둘이 알콩달콩 (2인/신혼),인테리어를 완성하는 디자인,"500만원 ~ 1,500만원 (표준형)",46,10,0,10,0,0.560,0.560
265,코지 & 네이처 (Cozy & Nature),우리 둘이 알콩달콩 (2인/신혼),인테리어를 완성하는 디자인,"1,500만원 ~ 3,000만원 (고급형)",6,10,10,0,0,0.720,0.720
266,코지 & 네이처 (Cozy & Nature),우리 둘이 알콩달콩 (2인/신혼),인테리어를 완성하는 디자인,"1,500만원 ~ 3,000만원 (고급형)",24,10,10,0,0,0.720,0.720
267,코지 & 네이처 (Cozy & Nature),우리 둘이 알콩달콩 (2인/신혼),인테리어를 완성하는 디자인,"1,500만원 ~ 3,000만원 (고급형)",16,10,10,0,0,0.670,0.670
268,코지 & 네이처 (Cozy & Nature),우리 둘이 알콩달콩 (2인/신혼),인테리어를 완성하는 디자인,"1,500만원 ~ 3,000만원 (고급형)",21,10,10,0,0,0.640,0.640
269,코지 & 네이처 (Cozy & Nature),우리 둘이 알콩달콩 (2인/신혼),인테리어를 완성하는 디자인,"3,000만원 이상 (하이엔드)",28,10,10,0,0,0.640,0.640
270,코지 & 네이처 (Cozy & Nature),우리 둘이 알콩달콩 (2인/신혼),인테리어를 완성하는 디자인,"3,000만원 이상 (하이엔드)",23,10,10,0,0,0.640,0.640
271,코지 & 네이처 (Cozy & Nature),우리 둘이 알콩달콩 (2인/신혼),인테리어를 완성하는 디자인,"3,000만원 이상 (하이엔드)",12,10,10,0,0,0.670,0.670
272,코지 & 네이처 (Cozy & Nature),우리 둘이 알콩달콩 (2인/신혼),인테리어를 완성하는 디자인,"3,000만원 이상 (하이엔드)",45,10,10,0,0,0.640,0.640
273,코지 & 네이처 (Cozy & Nature),우리 둘이 알콩달콩 (2인/신혼),삶을 편하게 해주는 AI/스마트 기능,500만원 미만 (실속형),41,10,8,2,0,0.790,0.810
274,코지 & 네이처 (Cozy & Nature),우리 둘이 알콩달콩 (2인/신혼),삶을 편하게 해주는 AI/스마트 기능,500만원 미만 (실속형),7,10,8,2,0,0.790,0.810
275,코지 & 네이처 (Cozy & Nature),우리 둘이 알콩달콩 (2인/신혼),삶을 편하게 해주는 AI/스마트 기능,500만원 미만 (실속형),40,10,10,0,0,0.598,0.600
276,코지 & 네이처 (Cozy & Nature),우리 둘이 알콩달콩 (2인/신혼),삶을 편하게 해주는 AI/스마트 기능,500만원 미만 (실속형),36,10,10,0,0,0.668,0.670
277,코지 & 네이처 (Cozy & Nature),우리 둘이 알콩달콩 (2인/신혼),삶을 편하게 해주는 AI/스마트 기능,"500만원 ~ 1,500만원 (표준형)",25,10,0,10,0,0.560,0.560
278,코지 & 네이처 (Cozy & Nature),우리 둘이 알콩달콩 (2인/신혼),삶을 편하게 해주는 AI/스마트 기능,"500만원 ~ 1,500만원 (표준형)",10,10,0,10,0,0.710,0.710
279,코지 & 네이처 (Cozy & Nature),우리 둘이 알콩달콩 (2인/신혼),삶을 편하게 해주는 AI/스마트 기능,"500만원 ~ 1,500만원 (표준형)",38,10,0,10,0,0.570,0.570
280,코지 & 네이처 (Cozy & Nature),우리 둘이 알콩달콩 (2인/신혼),삶을 편하게 해주는 AI/스마트 기능,"500만원 ~ 1,500만원 (표준형)",24,10,0,10,0,0.570,0.570
281,코지 & 네이처 (Cozy & Nature),우리 둘이 알콩달콩 (2인/신혼),삶을 편하게 해주는 AI/스마트 기능,"1,500만원 ~ 3,000만원 (고급형)",9,10,10,0,0,0.640,0.640
282,코지 & 네이처 (Cozy & Nature),우리 둘이 알콩달콩 (2인/신혼),삶을 편하게 해주는 AI/스마트 기능,"1,500만원 ~ 3,000만원 (고급형)",27,10,10,0,0,0.720,0.720
283,코지 & 네이처 (Cozy & Nature),우리 둘이 알콩달콩 (2인/신혼),삶을 편하게 해주는 AI/스마트 기능,"1,500만원 ~ 3,000만원 (고급형)",40,10,10,0,0,0.720,0.720
284,코지 & 네이처 (Cozy & Nature),우리 둘이 알콩달콩 (2인/신혼),삶을 편하게 해주는 AI/스마트 기능,"1,500만원 ~ 3,000만원 (고급형)",5,10,10,0,0,0.810,0.810
285,코지 & 네이처 (Cozy & Nature),우리 둘이 알콩달콩 (2인/신혼),삶을 편하게 해주는 AI/스마트 기능,"3,000만원 이상 (하이엔드)",7,10,10,0,0,0.810,0.810
286,코지 & 네이처 (Cozy & Nature),우리 둘이 알콩달콩 (2인/신혼),삶을 편하게 해주는 AI/스마트 기능,"3,000만원 이상 (하이엔드)",39,10,10,0,0,0.670,0.670
287,코지 & 네이처 (Cozy & Nature),우리 둘이 알콩달콩 (2인/신혼),삶을 편하게 해주는 AI/스마트 기능,"3,000만원 이상 (하이엔드)",5,10,10,0,0,0.810,0.810
288,코지 & 네이처 (Cozy & Nature),우리 둘이 알콩달콩 (2인/신혼),삶을 편하게 해주는 AI/스마트 기능,"3,000만원 이상 (하이엔드)",8,10,10,0,0,0.640,0.640
289,코지 & 네이처 (Cozy & Nature),우리 둘이 알콩달콩 (2인/신혼),지구를 지키는 에너지 효율,500만원 미만 (실속형),6,10,10,0,0,0.598,0.600
290,코지 & 네이처 (Cozy & Nature),우리 둘이 알콩달콩 (2인/신혼),지구를 지키는 에너지 효율,500만원 미만 (실속형),9,10,10,0,0,0.638,0.640
291,코지 & 네이처 (Cozy & Nature),우리 둘이 알콩달콩 (2인/신혼),지구를 지키는 에너지 효율,500만원 미만 (실속형),13,10,10,0,0,0.598,0.600
292,코지 & 네이처 (Cozy & Nature),우리 둘이 알콩달콩 (2인/신혼),지구를 지키는 에너지 효율,500만원 미만 (실속형),18,10,10,0,0,0.638,0.640
293,코지 & 네이처 (Cozy & Nature),우리 둘이 알콩달콩 (2인/신혼),지구를 지키는 에너지 효율,"500만원 ~ 1,500만원 (표준형)",18,10,0,10,0,0.560,0.560
294,코지 & 네이처 (Cozy & Nature),우리 둘이 알콩달콩 (2인/신혼),지구를 지키는 에너지 효율,"500만원 ~ 1,500만원 (표준형)",40,10,0,10,0,0.570,0.570
295,코지 & 네이처 (Cozy & Nature),우리 둘이 알콩달콩 (2인/신혼),지구를 지키는 에너지 효율,"500만원 ~ 1,500만원 (표준형)",12,10,0,10,0,0.580,0.580
296,코지 & 네이처 (Cozy & Nature),우리 둘이 알콩달콩 (2인/신혼),지구를 지키는 에너지 효율,"500만원 ~ 1,500만원 (표준형)",45,10,0,10,0,0.560,0.560
297,코지 & 네이처 (Cozy & Nature),우리 둘이 알콩달콩 (2인/신혼),지구를 지키는 에너지 효율,"1,500만원 ~ 3,000만원 (고급형)",28,10,10,0,0,0.640,0.640
298,코지 & 네이처 (Cozy & Nature),우리 둘이 알콩달콩 (2인/신혼),지구를 지키는 에너지 효율,"1,500만원 ~ 3,000만원 (고급형)",6,10,10,0,0,0.720,0.720
299,코지 & 네이처 (Cozy & Nature),우리 둘이 알콩달콩 (2인/신혼),지구를 지키는 에너지 효율,"1,500만원 ~ 3,000만원 (고급형)",6,10,10,0,0,0.720,0.720
300,코지 & 네이처 (Cozy & Nature),우리 둘이 알콩달콩 (2인/신혼),지구를 지키는 에너지 효율,"1,500만원 ~ 3,000만원 (고급형)",31,10,10,0,0,0.720,0.720
301,코지 & 네이처 (Cozy & Nature),우리 둘이 알콩달콩 (2인/신혼),지구를 지키는 에너지 효율,"3,000만원 이상 (하이엔드)",32,10,10,0,0,0.810,0.810
302,코지 & 네이처 (Cozy & Nature),우리 둘이 알콩달콩 (2인/신혼),지구를 지키는 에너지 효율,"3,000만원 이상 (하이엔드)",8,10,10,0,0,0.640,0.640
303,코지 & 네이처 (Cozy & Nature),우리 둘이 알콩달콩 (2인/신혼),지구를 지키는 에너지 효율,"3,000만원 이상 (하이엔드)",37,10,10,0,0,0.720,0.720
304,코지 & 네이처 (Cozy & Nature),우리 둘이 알콩달콩 (2인/신혼),지구를 지키는 에너지 효율,"3,000만원 이상 (하이엔드)",2,10,10,0,0,0.810,0.810
305,코지 & 네이처 (Cozy & Nature),우리 둘이 알콩달콩 (2인/신혼),가성비를 추구하는 가격,500만원 미만 (실속형),12,10,10,0,0,0.668,0.670
306,코지 & 네이처 (Cozy & Nature),우리 둘이 알콩달콩 (2인/신혼),가성비를 추구하는 가격,500만원 미만 (실속형),34,10,10,0,0,0.638,0.640
307,코지 & 네이처 (Cozy & Nature),우리 둘이 알콩달콩 (2인/신혼),가성비를 추구하는 가격,500만원 미만 (실속형),9,10,10,0,0,0.638,0.640
308,코지 & 네이처 (Cozy & Nature),우리 둘이 알콩달콩 (2인/신혼),가성비를 추구하는 가격,500만원 미만 (실속형),12,10,10,0,0,0.668,0.670
309,코지 & 네이처 (Cozy & Nature),우리 둘이 알콩달콩 (2인/신혼),가성비를 추구하는 가격,"500만원 ~ 1,500만원 (표준형)",14,10,0,10,0,0.710,0.710
310,코지 & 네이처 (Cozy & Nature),우리 둘이 알콩달콩 (2인/신혼),가성비를 추구하는 가격,"500만원 ~ 1,500만원 (표준형)",36,10,0,10,0,0.580,0.580
311,코지 & 네이처 (Cozy & Nature),우리 둘이 알콩달콩 (2인/신혼),가성비를 추구하는 가격,"500만원 ~ 1,500만원 (표준형)",48,10,0,10,0,0.570,0.570
312,코지 & 네이처 (Cozy & Nature),우리 둘이 알콩달콩 (2인/신혼),가성비를 추구하는 가격,"500만원 ~ 1,500만원 (표준형)",4,10,0,10,0,0.570,0.570
313,코지 & 네이처 (Cozy & Nature),우리 둘이 알콩달콩 (2인/신혼),가성비를 추구하는 가격,"1,500만원 ~ 3,000만원 (고급형)",29,10,10,0,0,0.640,0.640
314,코지 & 네이처 (Cozy & Nature),우리 둘이 알콩달콩 (2인/신혼),가성비를 추구하는 가격,"1,500만원 ~ 3,000만원 (고급형)",43,10,10,0,0,0.670,0.670
315,코지 & 네이처 (Cozy & Nature),우리 둘이 알콩달콩 (2인/신혼),가성비를 추구하는 가격,"1,500만원 ~ 3,000만원 (고급형)",40,10,10,0,0,0.720,0.720
316,코지 & 네이처 (Cozy & Nature),우리 둘이 알콩달콩 (2인/신혼),가성비를 추구하는 가격,"1,500만원 ~ 3,000만원 (고급형)",28,10,10,0,0,0.640,0.640
317,코지 & 네이처 (Cozy & Nature),우리 둘이 알콩달콩 (2인/신혼),가성비를 추구하는 가격,"3,000만원 이상 (하이엔드)",46,10,10,0,0,0.640,0.640
318,코지 & 네이처 (Cozy & Nature),우리 둘이 알콩달콩 (2인/신혼),가성비를 추구하는 가격,"3,000만원 이상 (하이엔드)",7,10,10,0,0,0.810,0.810
319,코지 & 네이처 (Cozy & Nature),우리 둘이 알콩달콩 (2인/신혼),가성비를 추구하는 가격,"3,000만원 이상 (하이엔드)",35,10,10,0,0,0.670,0.670
320,코지 & 네이처 (Cozy & Nature),우리 둘이 알콩달콩 (2인/신혼),가성비를 추구하는 가격,"3,000만원 이상 (하이엔드)",46,10,10,0,0,0.640,0.640
321,코지 & 네이처 (Cozy & Nature),함께 사는 3~4인 가족,인테리어를 완성하는 디자인,500만원 미만 (실속형),14,10,8,2,0,0.790,0.810
322,코지 & 네이처 (Cozy & Nature),함께 사는 3~4인 가족,인테리어를 완성하는 디자인,500만원 미만 (실속형),48,10,10,0,0,0.598,0.600
323,코지 & 네이처 (Cozy & Nature),함께 사는 3~4인 가족,인테리어를 완성하는 디자인,500만원 미만 (실속형),41,10,8,2,0,0.790,0.810
324,코지 & 네이처 (Cozy & Nature),함께 사는 3~4인 가족,인테리어를 완성하는 디자인,500만원 미만 (실속형),29,10,10,0,0,0.638,0.640
325,코지 & 네이처 (Cozy & Nature),함께 사는 3~4인 가족,인테리어를 완성하는 디자인,"500만원 ~ 1,500만원 (표준형)",49,10,0,10,0,0.580,0.580
326,코지 & 네이처 (Cozy & Nature),함께 사는 3~4인 가족,인테리어를 완성하는 디자인,"500만원 ~ 1,500만원 (표준형)",35,10,0,10,0,0.580,0.580
327,코지 & 네이처 (Cozy & Nature),함께 사는 3~4인 가족,인테리어를 완성하는 디자인,"500만원 ~ 1,500만원 (표준형)",21,10,0,10,0,0.560,0.560
328,코지 & 네이처 (Cozy & Nature),함께 사는 3~4인 가족,인테리어를 완성하는 디자인,"500만원 ~ 1,500만원 (표준형)",14,10,0,10,0,0.710,0.710
329,코지 & 네이처 (Cozy & Nature),함께 사는 3~4인 가족,인테리어를 완성하는 디자인,"1,500만원 ~ 3,000만원 (고급형)",40,10,10,0,0,0.720,0.720
330,코지 & 네이처 (Cozy & Nature),함께 사는 3~4인 가족,인테리어를 완성하는 디자인,"1,500만원 ~ 3,000만원 (고급형)",22,10,10,0,0,0.640,0.640
331,코지 & 네이처 (Cozy & Nature),함께 사는 3~4인 가족,인테리어를 완성하는 디자인,"1,500만원 ~ 3,000만원 (고급형)",19,10,10,0,0,0.810,0.810
332,코지 & 네이처 (Cozy & Nature),함께 사는 3~4인 가족,인테리어를 완성하는 디자인,"1,500만원 ~ 3,000만원 (고급형)",30,10,10,0,0,0.810,0.810
333,코지 & 네이처 (Cozy & Nature),함께 사는 3~4인 가족,인테리어를 완성하는 디자인,"3,000만원 이상 (하이엔드)",29,10,10,0,0,0.640,0.640
334,코지 & 네이처 (Cozy & Nature),함께 사는 3~4인 가족,인테리어를 완성하는 디자인,"3,000만원 이상 (하이엔드)",2,10,10,0,0,0.810,0.810
335,코지 & 네이처 (Cozy & Nature),함께 사는 3~4인 가족,인테리어를 완성하는 디자인,"3,000만원 이상 (하이엔드)",45,10,10,0,0,0.640,0.640
336,코지 & 네이처 (Cozy & Nature),함께 사는 3~4인 가족,인테리어를 완성하는 디자인,"3,000만원 이상 (하이엔드)",8,10,10,0,0,0.640,0.640
337,코지 & 네이처 (Cozy & Nature),함께 사는 3~4인 가족,삶을 편하게 해주는 AI/스마트 기능,500만원 미만 (실속형),31,10,10,0,0,0.598,0.600
338,코지 & 네이처 (Cozy & Nature),함께 사는 3~4인 가족,삶을 편하게 해주는 AI/스마트 기능,500만원 미만 (실속형),14,10,8,2,0,0.790,0.810
339,코지 & 네이처 (Cozy & Nature),함께 사는 3~4인 가족,삶을 편하게 해주는 AI/스마트 기능,500만원 미만 (실속형),35,10,10,0,0,0.668,0.670
340,코지 & 네이처 (Cozy & Nature),함께 사는 3~4인 가족,삶을 편하게 해주는 AI/스마트 기능,500만원 미만 (실속형),1,10,10,0,0,0.598,0.600
341,코지 & 네이처 (Cozy & Nature),함께 사는 3~4인 가족,삶을 편하게 해주는 AI/스마트 기능,"500만원 ~ 1,500만원 (표준형)",10,10,0,10,0,0.710,0.710
342,코지 & 네이처 (Cozy & Nature),함께 사는 3~4인 가족,삶을 편하게 해주는 AI/스마트 기능,"500만원 ~ 1,500만원 (표준형)",6,10,0,10,0,0.570,0.570
343,코지 & 네이처 (Cozy & Nature),함께 사는 3~4인 가족,삶을 편하게 해주는 AI/스마트 기능,"500만원 ~ 1,500만원 (표준형)",46,10,0,10,0,0.560,0.560
344,코지 & 네이처 (Cozy & Nature),함께 사는 3~4인 가족,삶을 편하게 해주는 AI/스마트 기능,"500만원 ~ 1,500만원 (표준형)",24,10,0,10,0,0.570,0.570
345,코지 & 네이처 (Cozy & Nature),함께 사는 3~4인 가족,삶을 편하게 해주는 AI/스마트 기능,"1,500만원 ~ 3,000만원 (고급형)",9,10,10,0,0,0.640,0.640
346,코지 & 네이처 (Cozy & Nature),함께 사는 3~4인 가족,삶을 편하게 해주는 AI/스마트 기능,"1,500만원 ~ 3,000만원 (고급형)",31,10,10,0,0,0.720,0.720
347,코지 & 네이처 (Cozy & Nature),함께 사는 3~4인 가족,삶을 편하게 해주는 AI/스마트 기능,"1,500만원 ~ 3,000만원 (고급형)",46,10,10,0,0,0.640,0.640
348,코지 & 네이처 (Cozy & Nature),함께 사는 3~4인 가족,삶을 편하게 해주는 AI/스마트 기능,"1,500만원 ~ 3,000만원 (고급형)",17,10,10,0,0,0.720,0.720
349,코지 & 네이처 (Cozy & Nature),함께 사는 3~4인 가족,삶을 편하게 해주는 AI/스마트 기능,"3,000만원 이상 (하이엔드)",44,10,10,0,0,0.720,0.720
350,코지 & 네이처 (Cozy & Nature),함께 사는 3~4인 가족,삶을 편하게 해주는 AI/스마트 기능,"3,000만원 이상 (하이엔드)",4,10,10,0,0,0.720,0.720
351,코지 & 네이처 (Cozy & Nature),함께 사는 3~4인 가족,삶을 편하게 해주는 AI/스마트 기능,"3,000만원 이상 (하이엔드)",40,10,10,0,0,0.720,0.720
352,코지 & 네이처 (Cozy & Nature),함께 사는 3~4인 가족,삶을 편하게 해주는 AI/스마트 기능,"3,000만원 이상 (하이엔드)",6,10,10,0,0,0.720,0.720
353,코지 & 네이처 (Cozy & Nature),함께 사는 3~4인 가족,지구를 지키는 에너지 효율,500만원 미만 (실속형),1,10,10,0,0,0.598,0.600
354,코지 & 네이처 (Cozy & Nature),함께 사는 3~4인 가족,지구를 지키는 에너지 효율,500만원 미만 (실속형),40,10,10,0,0,0.598,0.600
355,코지 & 네이처 (Cozy & Nature),함께 사는 3~4인 가족,지구를 지키는 에너지 효율,500만원 미만 (실속형),5,10,8,2,0,0.790,0.810
356,코지 & 네이처 (Cozy & Nature),함께 사는 3~4인 가족,지구를 지키는 에너지 효율,500만원 미만 (실속형),8,10,10,0,0,0.638,0.640
357,코지 & 네이처 (Cozy & Nature),함께 사는 3~4인 가족,지구를 지키는 에너지 효율,"500만원 ~ 1,500만원 (표준형)",48,10,0,10,0,0.570,0.570
358,코지 & 네이처 (Cozy & Nature),함께 사는 3~4인 가족,지구를 지키는 에너지 효율,"500만원 ~ 1,500만원 (표준형)",46,10,0,10,0,0.560,0.560
359,코지 & 네이처 (Cozy & Nature),함께 사는 3~4인 가족,지구를 지키는 에너지 효율,"500만원 ~ 1,500만원 (표준형)",47,10,0,10,0,0.580,0.580
360,코지 & 네이처 (Cozy & Nature),함께 사는 3~4인 가족,지구를 지키는 에너지 효율,"500만원 ~ 1,500만원 (표준형)",33,10,0,10,0,0.570,0.570
361,코지 & 네이처 (Cozy & Nature),함께 사는 3~4인 가족,지구를 지키는 에너지 효율,"1,500만원 ~ 3,000만원 (고급형)",1,10,10,0,0,0.720,0.720
362,코지 & 네이처 (Cozy & Nature),함께 사는 3~4인 가족,지구를 지키는 에너지 효율,"1,500만원 ~ 3,000만원 (고급형)",42,10,10,0,0,0.640,0.640
363,코지 & 네이처 (Cozy & Nature),함께 사는 3~4인 가족,지구를 지키는 에너지 효율,"1,500만원 ~ 3,000만원 (고급형)",40,10,10,0,0,0.720,0.720
364,코지 & 네이처 (Cozy & Nature),함께 사는 3~4인 가족,지구를 지키는 에너지 효율,"1,500만원 ~ 3,000만원 (고급형)",9,10,10,0,0,0.640,0.640
365,코지 & 네이처 (Cozy & Nature),함께 사는 3~4인 가족,지구를 지키는 에너지 효율,"3,000만원 이상 (하이엔드)",39,10,10,0,0,0.670,0.670
366,코지 & 네이처 (Cozy & Nature),함께 사는 3~4인 가족,지구를 지키는 에너지 효율,"3,000만원 이상 (하이엔드)",48,10,10,0,0,0.720,0.720
367,코지 & 네이처 (Cozy & Nature),함께 사는 3~4인 가족,지구를 지키는 에너지 효율,"3,000만원 이상 (하이엔드)",12,10,10,0,0,0.670,0.670
368,코지 & 네이처 (Cozy & Nature),함께 사는 3~4인 가족,지구를 지키는 에너지 효율,"3,000만원 이상 (하이엔드)",26,10,10,0,0,0.810,0.810
369,코지 & 네이처 (Cozy & Nature),함께 사는 3~4인 가족,가성비를 추구하는 가격,500만원 미만 (실속형),19,10,8,2,0,0.790,0.810
370,코지 & 네이처 (Cozy & Nature),함께 사는 3~4인 가족,가성비를 추구하는 가격,500만원 미만 (실속형),35,10,10,0,0,0.668,0.670
371,코지 & 네이처 (Cozy & Nature),함께 사는 3~4인 가족,가성비를 추구하는 가격,500만원 미만 (실속형),49,10,10,0,0,0.668,0.670
372,코지 & 네이처 (Cozy & Nature),함께 사는 3~4인 가족,가성비를 추구하는 가격,500만원 미만 (실속형),35,10,10,0,0,0.668,0.670
373,코지 & 네이처 (Cozy & Nature),함께 사는 3~4인 가족,가성비를 추구하는 가격,"500만원 ~ 1,500만원 (표준형)",38,10,0,10,0,0.570,0.570
374,코지 & 네이처 (Cozy & Nature),함께 사는 3~4인 가족,가성비를 추구하는 가격,"500만원 ~ 1,500만원 (표준형)",37,10,0,10,0,0.570,0.570
375,코지 & 네이처 (Cozy & Nature),함께 사는 3~4인 가족,가성비를 추구하는 가격,"500만원 ~ 1,500만원 (표준형)",19,10,0,10,0,0.710,0.710
376,코지 & 네이처 (Cozy & Nature),함께 사는 3~4인 가족,가성비를 추구하는 가격,"500만원 ~ 1,500만원 (표준형)",6,10,0,10,0,0.570,0.570
377,코지 & 네이처 (Cozy & Nature),함께 사는 3~4인 가족,가성비를 추구하는 가격,"1,500만원 ~ 3,000만원 (고급형)",5,10,10,0,0,0.810,0.810
378,코지 & 네이처 (Cozy & Nature),함께 사는 3~4인 가족,가성비를 추구하는 가격,"1,500만원 ~ 3,000만원 (고급형)",11,10,10,0,0,0.810,0.810
379,코지 & 네이처 (Cozy & Nature),함께 사는 3~4인 가족,가성비를 추구하는 가격,"1,500만원 ~ 3,000만원 (고급형)",22,10,10,0,0,0.640,0.640
380,코지 & 네이처 (Cozy & Nature),함께 사는 3~4인 가족,가성비를 추구하는 가격,"1,500만원 ~ 3,000만원 (고급형)",34,10,10,0,0,0.640,0.640
381,코지 & 네이처 (Cozy & Nature),함께 사는 3~4인 가족,가성비를 추구하는 가격,"3,000만원 이상 (하이엔드)",11,10,10,0,0,0.810,0.810
382,코지 & 네이처 (Cozy & Nature),함께 사는 3~4인 가족,가성비를 추구하는 가격,"3,000만원 이상 (하이엔드)",20,10,10,0,0,0.670,0.670
383,코지 & 네이처 (Cozy & Nature),함께 사는 3~4인 가족,가성비를 추구하는 가격,"3,000만원 이상 (하이엔드)",5,10,10,0,0,0.810,0.810
384,코지 & 네이처 (Cozy & Nature),함께 사는 3~4인 가족,가성비를 추구하는 가격,"3,000만원 이상 (하이엔드)",35,10,10,0,0,0.670,0.670
385,럭셔리 & 아티스틱 (Luxury & Artistic),나 혼자 산다 (1인 가구),인테리어를 완성하는 디자인,500만원 미만 (실속형),7,10,8,2,0,0.782,0.800
386,럭셔리 & 아티스틱 (Luxury & Artistic),나 혼자 산다 (1인 가구),인테리어를 완성하는 디자인,500만원 미만 (실속형),28,10,8,0,2,0.626,0.630
387,럭셔리 & 아티스틱 (Luxury & Artistic),나 혼자 산다 (1인 가구),인테리어를 완성하는 디자인,500만원 미만 (실속형),1,10,8,0,2,0.588,0.590
388,럭셔리 & 아티스틱 (Luxury & Artistic),나 혼자 산다 (1인 가구),인테리어를 완성하는 디자인,500만원 미만 (실속형),35,10,10,0,0,0.658,0.660
389,럭셔리 & 아티스틱 (Luxury & Artistic),나 혼자 산다 (1인 가구),인테리어를 완성하는 디자인,"500만원 ~ 1,500만원 (표준형)",35,10,0,10,0,0.580,0.580
390,럭셔리 & 아티스틱 (Luxury & Artistic),나 혼자 산다 (1인 가구),인테리어를 완성하는 디자인,"500만원 ~ 1,500만원 (표준형)",14,10,0,10,0,0.710,0.710
391,럭셔리 & 아티스틱 (Luxury & Artistic),나 혼자 산다 (1인 가구),인테리어를 완성하는 디자인,"500만원 ~ 1,500만원 (표준형)",5,10,0,10,0,0.710,0.710
392,럭셔리 & 아티스틱 (Luxury & Artistic),나 혼자 산다 (1인 가구),인테리어를 완성하는 디자인,"500만원 ~ 1,500만원 (표준형)",12,10,0,10,0,0.580,0.580
393,럭셔리 & 아티스틱 (Luxury & Artistic),나 혼자 산다 (1인 가구),인테리어를 완성하는 디자인,"1,500만원 ~ 3,000만원 (고급형)",32,10,10,0,0,0.800,0.800
394,럭셔리 & 아티스틱 (Luxury & Artistic),나 혼자 산다 (1인 가구),인테리어를 완성하는 디자인,"1,500만원 ~ 3,000만원 (고급형)",33,10,10,0,0,0.710,0.710
395,럭셔리 & 아티스틱 (Luxury & Artistic),나 혼자 산다 (1인 가구),인테리어를 완성하는 디자인,"1,500만원 ~ 3,000만원 (고급형)",32,10,10,0,0,0.800,0.800
396,럭셔리 & 아티스틱 (Luxury & Artistic),나 혼자 산다 (1인 가구),인테리어를 완성하는 디자인,"1,500만원 ~ 3,000만원 (고급형)",34,10,10,0,0,0.632,0.650
397,럭셔리 & 아티스틱 (Luxury & Artistic),나 혼자 산다 (1인 가구),인테리어를 완성하는 디자인,"3,000만원 이상 (하이엔드)",9,10,10,0,0,0.632,0.650
398,럭셔리 & 아티스틱 (Luxury & Artistic),나 혼자 산다 (1인 가구),인테리어를 완성하는 디자인,"3,000만원 이상 (하이엔드)",46,10,10,0,0,0.632,0.650
399,럭셔리 & 아티스틱 (Luxury & Artistic),나 혼자 산다 (1인 가구),인테리어를 완성하는 디자인,"3,000만원 이상 (하이엔드)",22,10,10,0,0,0.632,0.650
400,럭셔리 & 아티스틱 (Luxury & Artistic),나 혼자 산다 (1인 가구),인테리어를 완성하는 디자인,"3,000만원 이상 (하이엔드)",39,10,10,0,0,0.662,0.680
401,럭셔리 & 아티스틱 (Luxury & Artistic),나 혼자 산다 (1인 가구),삶을 편하게 해주는 AI/스마트 기능,500만원 미만 (실속형),22,10,8,0,2,0.626,0.630
402,럭셔리 & 아티스틱 (Luxury & Artistic),나 혼자 산다 (1인 가구),삶을 편하게 해주는 AI/스마트 기능,500만원 미만 (실속형),19,10,8,2,0,0.782,0.800
403,럭셔리 & 아티스틱 (Luxury & Artistic),나 혼자 산다 (1인 가구),삶을 편하게 해주는 AI/스마트 기능,500만원 미만 (실속형),39,10,10,0,0,0.658,0.660
404,럭셔리 & 아티스틱 (Luxury & Artistic),나 혼자 산다 (1인 가구),삶을 편하게 해주는 AI/스마트 기능,500만원 미만 (실속형),9,10,8,0,2,0.626,0.630
405,럭셔리 & 아티스틱 (Luxury & Artistic),나 혼자 산다 (1인 가구),삶을 편하게 해주는 AI/스마트 기능,"500만원 ~ 1,500만원 (표준형)",4,10,0,10,0,0.570,0.570
406,럭셔리 & 아티스틱 (Luxury & Artistic),나 혼자 산다 (1인 가구),삶을 편하게 해주는 AI/스마트 기능,"500만원 ~ 1,500만원 (표준형)",1,10,0,10,0,0.570,0.570
407,럭셔리 & 아티스틱 (Luxury & Artistic),나 혼자 산다 (1인 가구),삶을 편하게 해주는 AI/스마트 기능,"500만원 ~ 1,500만원 (표준형)",37,10,0,10,0,0.570,0.570
408,럭셔리 & 아티스틱 (Luxury & Artistic),나 혼자 산다 (1인 가구),삶을 편하게 해주는 AI/스마트 기능,"500만원 ~ 1,500만원 (표준형)",29,10,0,10,0,0.560,0.560
409,럭셔리 & 아티스틱 (Luxury & Artistic),나 혼자 산다 (1인 가구),삶을 편하게 해주는 AI/스마트 기능,"1,500만원 ~ 3,000만원 (고급형)",3,10,10,0,0,0.710,0.710
410,럭셔리 & 아티스틱 (Luxury & Artistic),나 혼자 산다 (1인 가구),삶을 편하게 해주는 AI/스마트 기능,"1,500만원 ~ 3,000만원 (고급형)",28,10,10,0,0,0.632,0.650
411,럭셔리 & 아티스틱 (Luxury & Artistic),나 혼자 산다 (1인 가구),삶을 편하게 해주는 AI/스마트 기능,"1,500만원 ~ 3,000만원 (고급형)",4,10,10,0,0,0.710,0.710
412,럭셔리 & 아티스틱 (Luxury & Artistic),나 혼자 산다 (1인 가구),삶을 편하게 해주는 AI/스마트 기능,"1,500만원 ~ 3,000만원 (고급형)",48,10,10,0,0,0.710,0.710
413,럭셔리 & 아티스틱 (Luxury & Artistic),나 혼자 산다 (1인 가구),삶을 편하게 해주는 AI/스마트 기능,"3,000만원 이상 (하이엔드)",7,10,10,0,0,0.800,0.800
414,럭셔리 & 아티스틱 (Luxury & Artistic),나 혼자 산다 (1인 가구),삶을 편하게 해주는 AI/스마트 기능,"3,000만원 이상 (하이엔드)",29,10,10,0,0,0.632,0.650
415,럭셔리 & 아티스틱 (Luxury & Artistic),나 혼자 산다 (1인 가구),삶을 편하게 해주는 AI/스마트 기능,"3,000만원 이상 (하이엔드)",49,10,10,0,0,0.662,0.680
416,럭셔리 & 아티스틱 (Luxury & Artistic),나 혼자 산다 (1인 가구),삶을 편하게 해주는 AI/스마트 기능,"3,000만원 이상 (하이엔드)",21,10,10,0,0,0.632,0.650
417,럭셔리 & 아티스틱 (Luxury & Artistic),나 혼자 산다 (1인 가구),지구를 지키는 에너지 효율,500만원 미만 (실속형),8,10,8,0,2,0.626,0.630
418,럭셔리 & 아티스틱 (Luxury & Artistic),나 혼자 산다 (1인 가구),지구를 지키는 에너지 효율,500만원 미만 (실속형),33,10,8,0,2,0.588,0.590
419,럭셔리 & 아티스틱 (Luxury & Artistic),나 혼자 산다 (1인 가구),지구를 지키는 에너지 효율,500만원 미만 (실속형),49,10,10,0,0,0.658,0.660
420,럭셔리 & 아티스틱 (Luxury & Artistic),나 혼자 산다 (1인 가구),지구를 지키는 에너지 효율,500만원 미만 (실속형),35,10,10,0,0,0.658,0.660
421,럭셔리 & 아티스틱 (Luxury & Artistic),나 혼자 산다 (1인 가구),지구를 지키는 에너지 효율,"500만원 ~ 1,500만원 (표준형)",15,10,0,10,0,0.570,0.570
422,럭셔리 & 아티스틱 (Luxury & Artistic),나 혼자 산다 (1인 가구),지구를 지키는 에너지 효율,"500만원 ~ 1,500만원 (표준형)",3,10,0,10,0,0.570,0.570
423,럭셔리 & 아티스틱 (Luxury & Artistic),나 혼자 산다 (1인 가구),지구를 지키는 에너지 효율,"500만원 ~ 1,500만원 (표준형)",8,10,0,10,0,0.560,0.560
424,럭셔리 & 아티스틱 (Luxury & Artistic),나 혼자 산다 (1인 가구),지구를 지키는 에너지 효율,"500만원 ~ 1,500만원 (표준형)",41,10,0,10,0,0.710,0.710
425,럭셔리 & 아티스틱 (Luxury & Artistic),나 혼자 산다 (1인 가구),지구를 지키는 에너지 효율,"1,500만원 ~ 3,000만원 (고급형)",21,10,10,0,0,0.632,0.650
426,럭셔리 & 아티스틱 (Luxury & Artistic),나 혼자 산다 (1인 가구),지구를 지키는 에너지 효율,"1,500만원 ~ 3,000만원 (고급형)",4,10,10,0,0,0.710,0.710
427,럭셔리 & 아티스틱 (Luxury & Artistic),나 혼자 산다 (1인 가구),지구를 지키는 에너지 효율,"1,500만원 ~ 3,000만원 (고급형)",12,10,10,0,0,0.662,0.680
428,럭셔리 & 아티스틱 (Luxury & Artistic),나 혼자 산다 (1인 가구),지구를 지키는 에너지 효율,"1,500만원 ~ 3,000만원 (고급형)",17,10,10,0,0,0.710,0.710
429,럭셔리 & 아티스틱 (Luxury & Artistic),나 혼자 산다 (1인 가구),지구를 지키는 에너지 효율,"3,000만원 이상 (하이엔드)",46,10,10,0,0,0.632,0.650
430,럭셔리 & 아티스틱 (Luxury & Artistic),나 혼자 산다 (1인 가구),지구를 지키는 에너지 효율,"3,000만원 이상 (하이엔드)",47,10,10,0,0,0.662,0.680
431,럭셔리 & 아티스틱 (Luxury & Artistic),나 혼자 산다 (1인 가구),지구를 지키는 에너지 효율,"3,000만원 이상 (하이엔드)",18,10,10,0,0,0.632,0.650
432,럭셔리 & 아티스틱 (Luxury & Artistic),나 혼자 산다 (1인 가구),지구를 지키는 에너지 효율,"3,000만원 이상 (하이엔드)",28,10,10,0,0,0.632,0.650
433,럭셔리 & 아티스틱 (Luxury & Artistic),나 혼자 산다 (1인 가구),가성비를 추구하는 가격,500만원 미만 (실속형),33,10,8,0,2,0.588,0.590
434,럭셔리 & 아티스틱 (Luxury & Artistic),나 혼자 산다 (1인 가구),가성비를 추구하는 가격,500만원 미만 (실속형),44,10,8,0,2,0.588,0.590
435,럭셔리 & 아티스틱 (Luxury & Artistic),나 혼자 산다 (1인 가구),가성비를 추구하는 가격,500만원 미만 (실속형),17,10,8,0,2,0.588,0.590
436,럭셔리 & 아티스틱 (Luxury & Artistic),나 혼자 산다 (1인 가구),가성비를 추구하는 가격,500만원 미만 (실속형),49,10,10,0,0,0.658,0.660
437,럭셔리 & 아티스틱 (Luxury & Artistic),나 혼자 산다 (1인 가구),가성비를 추구하는 가격,"500만원 ~ 1,500만원 (표준형)",50,10,0,10,0,0.560,0.560
438,럭셔리 & 아티스틱 (Luxury & Artistic),나 혼자 산다 (1인 가구),가성비를 추구하는 가격,"500만원 ~ 1,500만원 (표준형)",46,10,0,10,0,0.560,0.560
439,럭셔리 & 아티스틱 (Luxury & Artistic),나 혼자 산다 (1인 가구),가성비를 추구하는 가격,"500만원 ~ 1,500만원 (표준형)",10,10,0,10,0,0.710,0.710
440,럭셔리 & 아티스틱 (Luxury & Artistic),나 혼자 산다 (1인 가구),가성비를 추구하는 가격,"500만원 ~ 1,500만원 (표준형)",14,10,0,10,0,0.710,0.710
441,럭셔리 & 아티스틱 (Luxury & Artistic),나 혼자 산다 (1인 가구),가성비를 추구하는 가격,"1,500만원 ~ 3,000만원 (고급형)",41,10,10,0,0,0.800,0.800
442,럭셔리 & 아티스틱 (Luxury & Artistic),나 혼자 산다 (1인 가구),가성비를 추구하는 가격,"1,500만원 ~ 3,000만원 (고급형)",38,10,10,0,0,0.710,0.710
443,럭셔리 & 아티스틱 (Luxury & Artistic),나 혼자 산다 (1인 가구),가성비를 추구하는 가격,"1,500만원 ~ 3,000만원 (고급형)",9,10,10,0,0,0.632,0.650
444,럭셔리 & 아티스틱 (Luxury & Artistic),나 혼자 산다 (1인 가구),가성비를 추구하는 가격,"1,500만원 ~ 3,000만원 (고급형)",14,10,10,0,0,0.800,0.800
445,럭셔리 & 아티스틱 (Luxury & Artistic),나 혼자 산다 (1인 가구),가성비를 추구하는 가격,"3,000만원 이상 (하이엔드)",26,10,10,0,0,0.800,0.800
446,럭셔리 & 아티스틱 (Luxury & Artistic),나 혼자 산다 (1인 가구),가성비를 추구하는 가격,"3,000만원 이상 (하이엔드)",16,10,10,0,0,0.662,0.680
447,럭셔리 & 아티스틱 (Luxury & Artistic),나 혼자 산다 (1인 가구),가성비를 추구하는 가격,"3,000만원 이상 (하이엔드)",16,10,10,0,0,0.662,0.680
448,럭셔리 & 아티스틱 (Luxury & Artistic),나 혼자 산다 (1인 가구),가성비를 추구하는 가격,"3,000만원 이상 (하이엔드)",49,10,10,0,0,0.662,0.680
449,럭셔리 & 아티스틱 (Luxury & Artistic),우리 둘이 알콩달콩 (2인/신혼),인테리어를 완성하는 디자인,500만원 미만 (실속형),26,10,8,2,0,0.782,0.800
450,럭셔리 & 아티스틱 (Luxury & Artistic),우리 둘이 알콩달콩 (2인/신혼),인테리어를 완성하는 디자인,500만원 미만 (실속형),21,10,8,0,2,0.626,0.630
451,럭셔리 & 아티스틱 (Luxury & Artistic),우리 둘이 알콩달콩 (2인/신혼),인테리어를 완성하는 디자인,500만원 미만 (실속형),33,10,8,0,2,0.588,0.590
452,럭셔리 & 아티스틱 (Luxury & Artistic),우리 둘이 알콩달콩 (2인/신혼),인테리어를 완성하는 디자인,500만원 미만 (실속형),42,10,8,0,2,0.626,0.630
453,럭셔리 & 아티스틱 (Luxury & Artistic),우리 둘이 알콩달콩 (2인/신혼),인테리어를 완성하는 디자인,"500만원 ~ 1,500만원 (표준형)",41,10,0,10,0,0.710,0.710
454,럭셔리 & 아티스틱 (Luxury & Artistic),우리 둘이 알콩달콩 (2인/신혼),인테리어를 완성하는 디자인,"500만원 ~ 1,500만원 (표준형)",20,10,0,10,0,0.580,0.580
455,럭셔리 & 아티스틱 (Luxury & Artistic),우리 둘이 알콩달콩 (2인/신혼),인테리어를 완성하는 디자인,"500만원 ~ 1,500만원 (표준형)",42,10,0,10,0,0.560,0.560
456,럭셔리 & 아티스틱 (Luxury & Artistic),우리 둘이 알콩달콩 (2인/신혼),인테리어를 완성하는 디자인,"500만원 ~ 1,500만원 (표준형)",2,10,0,10,0,0.710,0.710
457,럭셔리 & 아티스틱 (Luxury & Artistic),우리 둘이 알콩달콩 (2인/신혼),인테리어를 완성하는 디자인,"1,500만원 ~ 3,000만원 (고급형)",31,10,10,0,0,0.710,0.710
458,럭셔리 & 아티스틱 (Luxury & Artistic),우리 둘이 알콩달콩 (2인/신혼),인테리어를 완성하는 디자인,"1,500만원 ~ 3,000만원 (고급형)",17,10,10,0,0,0.710,0.710
459,럭셔리 & 아티스틱 (Luxury & Artistic),우리 둘이 알콩달콩 (2인/신혼),인테리어를 완성하는 디자인,"1,500만원 ~ 3,000만원 (고급형)",3,10,10,0,0,0.710,0.710
460,럭셔리 & 아티스틱 (Luxury & Artistic),우리 둘이 알콩달콩 (2인/신혼),인테리어를 완성하는 디자인,"1,500만원 ~ 3,000만원 (고급형)",17,10,10,0,0,0.710,0.710
461,럭셔리 & 아티스틱 (Luxury & Artistic),우리 둘이 알콩달콩 (2인/신혼),인테리어를 완성하는 디자인,"3,000만원 이상 (하이엔드)",26,10,10,0,0,0.800,0.800
462,럭셔리 & 아티스틱 (Luxury & Artistic),우리 둘이 알콩달콩 (2인/신혼),인테리어를 완성하는 디자인,"3,000만원 이상 (하이엔드)",44,10,10,0,0,0.710,0.710
463,럭셔리 & 아티스틱 (Luxury & Artistic),우리 둘이 알콩달콩 (2인/신혼),인테리어를 완성하는 디자인,"3,000만원 이상 (하이엔드)",10,10,10,0,0,0.800,0.800
464,럭셔리 & 아티스틱 (Luxury & Artistic),우리 둘이 알콩달콩 (2인/신혼),인테리어를 완성하는 디자인,"3,000만원 이상 (하이엔드)",27,10,10,0,0,0.710,0.710
465,럭셔리 & 아티스틱 (Luxury & Artistic),우리 둘이 알콩달콩 (2인/신혼),삶을 편하게 해주는 AI/스마트 기능,500만원 미만 (실속형),17,10,8,0,2,0.588,0.590
466,럭셔리 & 아티스틱 (Luxury & Artistic),우리 둘이 알콩달콩 (2인/신혼),삶을 편하게 해주는 AI/스마트 기능,500만원 미만 (실속형),33,10,8,0,2,0.588,0.590
467,럭셔리 & 아티스틱 (Luxury & Artistic),우리 둘이 알콩달콩 (2인/신혼),삶을 편하게 해주는 AI/스마트 기능,500만원 미만 (실속형),32,10,8,2,0,0.782,0.800
468,럭셔리 & 아티스틱 (Luxury & Artistic),우리 둘이 알콩달콩 (2인/신혼),삶을 편하게 해주는 AI/스마트 기능,500만원 미만 (실속형),10,10,8,2,0,0.782,0.800
469,럭셔리 & 아티스틱 (Luxury & Artistic),우리 둘이 알콩달콩 (2인/신혼),삶을 편하게 해주는 AI/스마트 기능,"500만원 ~ 1,500만원 (표준형)",3,10,0,10,0,0.570,0.570
470,럭셔리 & 아티스틱 (Luxury & Artistic),우리 둘이 알콩달콩 (2인/신혼),삶을 편하게 해주는 AI/스마트 기능,"500만원 ~ 1,500만원 (표준형)",43,10,0,10,0,0.580,0.580
471,럭셔리 & 아티스틱 (Luxury & Artistic),우리 둘이 알콩달콩 (2인/신혼),삶을 편하게 해주는 AI/스마트 기능,"500만원 ~ 1,500만원 (표준형)",38,10,0,10,0,0.570,0.570
472,럭셔리 & 아티스틱 (Luxury & Artistic),우리 둘이 알콩달콩 (2인/신혼),삶을 편하게 해주는 AI/스마트 기능,"500만원 ~ 1,500만원 (표준형)",48,10,0,10,0,0.570,0.570
473,럭셔리 & 아티스틱 (Luxury & Artistic),우리 둘이 알콩달콩 (2인/신혼),삶을 편하게 해주는 AI/스마트 기능,"1,500만원 ~ 3,000만원 (고급형)",22,10,10,0,0,0.632,0.650
474,럭셔리 & 아티스틱 (Luxury & Artistic),우리 둘이 알콩달콩 (2인/신혼),삶을 편하게 해주는 AI/스마트 기능,"1,500만원 ~ 3,000만원 (고급형)",13,10,10,0,0,0.710,0.710
475,럭셔리 & 아티스틱 (Luxury & Artistic),우리 둘이 알콩달콩 (2인/신혼),삶을 편하게 해주는 AI/스마트 기능,"1,500만원 ~ 3,000만원 (고급형)",4,10,10,0,0,0.710,0.710
476,럭셔리 & 아티스틱 (Luxury & Artistic),우리 둘이 알콩달콩 (2인/신혼),삶을 편하게 해주는 AI/스마트 기능,"1,500만원 ~ 3,000만원 (고급형)",36,10,10,0,0,0.662,0.680
477,럭셔리 & 아티스틱 (Luxury & Artistic),우리 둘이 알콩달콩 (2인/신혼),삶을 편하게 해주는 AI/스마트 기능,"3,000만원 이상 (하이엔드)",38,10,10,0,0,0.710,0.710
478,럭셔리 & 아티스틱 (Luxury & Artistic),우리 둘이 알콩달콩 (2인/신혼),삶을 편하게 해주는 AI/스마트 기능,"3,000만원 이상 (하이엔드)",44,10,10,0,0,0.710,0.710
479,럭셔리 & 아티스틱 (Luxury & Artistic),우리 둘이 알콩달콩 (2인/신혼),삶을 편하게 해주는 AI/스마트 기능,"3,000만원 이상 (하이엔드)",4,10,10,0,0,0.710,0.710
480,럭셔리 & 아티스틱 (Luxury & Artistic),우리 둘이 알콩달콩 (2인/신혼),삶을 편하게 해주는 AI/스마트 기능,"3,000만원 이상 (하이엔드)",7,10,10,0,0,0.800,0.800
481,럭셔리 & 아티스틱 (Luxury & Artistic),우리 둘이 알콩달콩 (2인/신혼),지구를 지키는 에너지 효율,500만원 미만 (실속형),38,10,8,0,2,0.588,0.590
482,럭셔리 & 아티스틱 (Luxury & Artistic),우리 둘이 알콩달콩 (2인/신혼),지구를 지키는 에너지 효율,500만원 미만 (실속형),29,10,8,0,2,0.626,0.630
483,럭셔리 & 아티스틱 (Luxury & Artistic),우리 둘이 알콩달콩 (2인/신혼),지구를 지키는 에너지 효율,500만원 미만 (실속형),46,10,8,0,2,0.626,0.630
484,럭셔리 & 아티스틱 (Luxury & Artistic),우리 둘이 알콩달콩 (2인/신혼),지구를 지키는 에너지 효율,500만원 미만 (실속형),35,10,10,0,0,0.658,0.660
485,럭셔리 & 아티스틱 (Luxury & Artistic),우리 둘이 알콩달콩 (2인/신혼),지구를 지키는 에너지 효율,"500만원 ~ 1,500만원 (표준형)",38,10,0,10,0,0.570,0.570
486,럭셔리 & 아티스틱 (Luxury & Artistic),우리 둘이 알콩달콩 (2인/신혼),지구를 지키는 에너지 효율,"500만원 ~ 1,500만원 (표준형)",45,10,0,10,0,0.560,0.560
487,럭셔리 & 아티스틱 (Luxury & Artistic),우리 둘이 알콩달콩 (2인/신혼),지구를 지키는 에너지 효율,"500만원 ~ 1,500만원 (표준형)",42,10,0,10,0,0.560,0.560
488,럭셔리 & 아티스틱 (Luxury & Artistic),우리 둘이 알콩달콩 (2인/신혼),지구를 지키는 에너지 효율,"500만원 ~ 1,500만원 (표준형)",5,10,0,10,0,0.710,0.710
489,럭셔리 & 아티스틱 (Luxury & Artistic),우리 둘이 알콩달콩 (2인/신혼),지구를 지키는 에너지 효율,"1,500만원 ~ 3,000만원 (고급형)",28,10,10,0,0,0.632,0.650
490,럭셔리 & 아티스틱 (Luxury & Artistic),우리 둘이 알콩달콩 (2인/신혼),지구를 지키는 에너지 효율,"1,500만원 ~ 3,000만원 (고급형)",43,10,10,0,0,0.662,0.680
491,럭셔리 & 아티스틱 (Luxury & Artistic),우리 둘이 알콩달콩 (2인/신혼),지구를 지키는 에너지 효율,"1,500만원 ~ 3,000만원 (고급형)",11,10,10,0,0,0.800,0.800
492,럭셔리 & 아티스틱 (Luxury & Artistic),우리 둘이 알콩달콩 (2인/신혼),지구를 지키는 에너지 효율,"1,500만원 ~ 3,000만원 (고급형)",30,10,10,0,0,0.800,0.800
493,럭셔리 & 아티스틱 (Luxury & Artistic),우리 둘이 알콩달콩 (2인/신혼),지구를 지키는 에너지 효율,"3,000만원 이상 (하이엔드)",38,10,10,0,0,0.710,0.710
494,럭셔리 & 아티스틱 (Luxury & Artistic),우리 둘이 알콩달콩 (2인/신혼),지구를 지키는 에너지 효율,"3,000만원 이상 (하이엔드)",22,10,10,0,0,0.632,0.650
495,럭셔리 & 아티스틱 (Luxury & Artistic),우리 둘이 알콩달콩 (2인/신혼),지구를 지키는 에너지 효율,"3,000만원 이상 (하이엔드)",49,10,10,0,0,0.662,0.680
496,럭셔리 & 아티스틱 (Luxury & Artistic),우리 둘이 알콩달콩 (2인/신혼),지구를 지키는 에너지 효율,"3,000만원 이상 (하이엔드)",16,10,10,0,0,0.662,0.680
497,럭셔리 & 아티스틱 (Luxury & Artistic),우리 둘이 알콩달콩 (2인/신혼),가성비를 추구하는 가격,500만원 미만 (실속형),16,10,10,0,0,0.658,0.660
498,럭셔리 & 아티스틱 (Luxury & Artistic),우리 둘이 알콩달콩 (2인/신혼),가성비를 추구하는 가격,500만원 미만 (실속형),29,10,8,0,2,0.626,0.630
499,럭셔리 & 아티스틱 (Luxury & Artistic),우리 둘이 알콩달콩 (2인/신혼),가성비를 추구하는 가격,500만원 미만 (실속형),27,10,8,0,2,0.588,0.590
500,럭셔리 & 아티스틱 (Luxury & Artistic),우리 둘이 알콩달콩 (2인/신혼),가성비를 추구하는 가격,500만원 미만 (실속형),20,10,10,0,0,0.658,0.660
501,럭셔리 & 아티스틱 (Luxury & Artistic),우리 둘이 알콩달콩 (2인/신혼),가성비를 추구하는 가격,"500만원 ~ 1,500만원 (표준형)",32,10,0,10,0,0.710,0.710
502,럭셔리 & 아티스틱 (Luxury & Artistic),우리 둘이 알콩달콩 (2인/신혼),가성비를 추구하는 가격,"500만원 ~ 1,500만원 (표준형)",45,10,0,10,0,0.560,0.560
503,럭셔리 & 아티스틱 (Luxury & Artistic),우리 둘이 알콩달콩 (2인/신혼),가성비를 추구하는 가격,"500만원 ~ 1,500만원 (표준형)",37,10,0,10,0,0.570,0.570
504,럭셔리 & 아티스틱 (Luxury & Artistic),우리 둘이 알콩달콩 (2인/신혼),가성비를 추구하는 가격,"500만원 ~ 1,500만원 (표준형)",23,10,0,10,0,0.560,0.560
505,럭셔리 & 아티스틱 (Luxury & Artistic),우리 둘이 알콩달콩 (2인/신혼),가성비를 추구하는 가격,"1,500만원 ~ 3,000만원 (고급형)",39,10,10,0,0,0.662,0.680
506,럭셔리 & 아티스틱 (Luxury & Artistic),우리 둘이 알콩달콩 (2인/신혼),가성비를 추구하는 가격,"1,500만원 ~ 3,000만원 (고급형)",43,10,10,0,0,0.662,0.680
507,럭셔리 & 아티스틱 (Luxury & Artistic),우리 둘이 알콩달콩 (2인/신혼),가성비를 추구하는 가격,"1,500만원 ~ 3,000만원 (고급형)",20,10,10,0,0,0.662,0.680
508,럭셔리 & 아티스틱 (Luxury & Artistic),우리 둘이 알콩달콩 (2인/신혼),가성비를 추구하는 가격,"1,500만원 ~ 3,000만원 (고급형)",12,10,10,0,0,0.662,0.680
509,럭셔리 & 아티스틱 (Luxury & Artistic),우리 둘이 알콩달콩 (2인/신혼),가성비를 추구하는 가격,"3,000만원 이상 (하이엔드)",20,10,10,0,0,0.662,0.680
510,럭셔리 & 아티스틱 (Luxury & Artistic),우리 둘이 알콩달콩 (2인/신혼),가성비를 추구하는 가격,"3,000만원 이상 (하이엔드)",2,10,10,0,0,0.800,0.800
511,럭셔리 & 아티스틱 (Luxury & Artistic),우리 둘이 알콩달콩 (2인/신혼),가성비를 추구하는 가격,"3,000만원 이상 (하이엔드)",14,10,10,0,0,0.800,0.800
512,럭셔리 & 아티스틱 (Luxury & Artistic),우리 둘이 알콩달콩 (2인/신혼),가성비를 추구하는 가격,"3,000만원 이상 (하이엔드)",23,10,10,0,0,0.632,0.650
513,럭셔리 & 아티스틱 (Luxury & Artistic),함께 사는 3~4인 가족,인테리어를 완성하는 디자인,500만원 미만 (실속형),22,10,8,0,2,0.626,0.630
514,럭셔리 & 아티스틱 (Luxury & Artistic),함께 사는 3~4인 가족,인테리어를 완성하는 디자인,500만원 미만 (실속형),26,10,8,2,0,0.782,0.800
515,럭셔리 & 아티스틱 (Luxury & Artistic),함께 사는 3~4인 가족,인테리어를 완성하는 디자인,500만원 미만 (실속형),34,10,8,0,2,0.626,0.630
516,럭셔리 & 아티스틱 (Luxury & Artistic),함께 사는 3~4인 가족,인테리어를 완성하는 디자인,500만원 미만 (실속형),7,10,8,2,0,0.782,0.800
517,럭셔리 & 아티스틱 (Luxury & Artistic),함께 사는 3~4인 가족,인테리어를 완성하는 디자인,"500만원 ~ 1,500만원 (표준형)",43,10,0,10,0,0.580,0.580
518,럭셔리 & 아티스틱 (Luxury & Artistic),함께 사는 3~4인 가족,인테리어를 완성하는 디자인,"500만원 ~ 1,500만원 (표준형)",19,10,0,10,0,0.710,0.710
519,럭셔리 & 아티스틱 (Luxury & Artistic),함께 사는 3~4인 가족,인테리어를 완성하는 디자인,"500만원 ~ 1,500만원 (표준형)",3,10,0,10,0,0.570,0.570
520,럭셔리 & 아티스틱 (Luxury & Artistic),함께 사는 3~4인 가족,인테리어를 완성하는 디자인,"500만원 ~ 1,500만원 (표준형)",4,10,0,10,0,0.570,0.570
521,럭셔리 & 아티스틱 (Luxury & Artistic),함께 사는 3~4인 가족,인테리어를 완성하는 디자인,"1,500만원 ~ 3,000만원 (고급형)",14,10,10,0,0,0.800,0.800
522,럭셔리 & 아티스틱 (Luxury & Artistic),함께 사는 3~4인 가족,인테리어를 완성하는 디자인,"1,500만원 ~ 3,000만원 (고급형)",26,10,10,0,0,0.800,0.800
523,럭셔리 & 아티스틱 (Luxury & Artistic),함께 사는 3~4인 가족,인테리어를 완성하는 디자인,"1,500만원 ~ 3,000만원 (고급형)",33,10,10,0,0,0.710,0.710
524,럭셔리 & 아티스틱 (Luxury & Artistic),함께 사는 3~4인 가족,인테리어를 완성하는 디자인,"1,500만원 ~ 3,000만원 (고급형)",43,10,10,0,0,0.662,0.680
525,럭셔리 & 아티스틱 (Luxury & Artistic),함께 사는 3~4인 가족,인테리어를 완성하는 디자인,"3,000만원 이상 (하이엔드)",30,10,10,0,0,0.800,0.800
526,럭셔리 & 아티스틱 (Luxury & Artistic),함께 사는 3~4인 가족,인테리어를 완성하는 디자인,"3,000만원 이상 (하이엔드)",47,10,10,0,0,0.662,0.680
527,럭셔리 & 아티스틱 (Luxury & Artistic),함께 사는 3~4인 가족,인테리어를 완성하는 디자인,"3,000만원 이상 (하이엔드)",41,10,10,0,0,0.800,0.800
528,럭셔리 & 아티스틱 (Luxury & Artistic),함께 사는 3~4인 가족,인테리어를 완성하는 디자인,"3,000만원 이상 (하이엔드)",40,10,10,0,0,0.710,0.710
529,럭셔리 & 아티스틱 (Luxury & Artistic),함께 사는 3~4인 가족,삶을 편하게 해주는 AI/스마트 기능,500만원 미만 (실속형),17,10,8,0,2,0.588,0.590
530,럭셔리 & 아티스틱 (Luxury & Artistic),함께 사는 3~4인 가족,삶을 편하게 해주는 AI/스마트 기능,500만원 미만 (실속형),27,10,8,0,2,0.588,0.590
531,럭셔리 & 아티스틱 (Luxury & Artistic),함께 사는 3~4인 가족,삶을 편하게 해주는 AI/스마트 기능,500만원 미만 (실속형),40,10,8,0,2,0.588,0.590
532,럭셔리 & 아티스틱 (Luxury & Artistic),함께 사는 3~4인 가족,삶을 편하게 해주는 AI/스마트 기능,500만원 미만 (실속형),49,10,10,0,0,0.658,0.660
533,럭셔리 & 아티스틱 (Luxury & Artistic),함께 사는 3~4인 가족,삶을 편하게 해주는 AI/스마트 기능,"500만원 ~ 1,500만원 (표준형)",2,10,0,10,0,0.710,0.710
534,럭셔리 & 아티스틱 (Luxury & Artistic),함께 사는 3~4인 가족,삶을 편하게 해주는 AI/스마트 기능,"500만원 ~ 1,500만원 (표준형)",19,10,0,10,0,0.710,0.710
535,럭셔리 & 아티스틱 (Luxury & Artistic),함께 사는 3~4인 가족,삶을 편하게 해주는 AI/스마트 기능,"500만원 ~ 1,500만원 (표준형)",36,10,0,10,0,0.580,0.580
536,럭셔리 & 아티스틱 (Luxury & Artistic),함께 사는 3~4인 가족,삶을 편하게 해주는 AI/스마트 기능,"500만원 ~ 1,500만원 (표준형)",21,10,0,10,0,0.560,0.560
537,럭셔리 & 아티스틱 (Luxury & Artistic),함께 사는 3~4인 가족,삶을 편하게 해주는 AI/스마트 기능,"1,500만원 ~ 3,000만원 (고급형)",3,10,10,0,0,0.710,0.710
538,럭셔리 & 아티스틱 (Luxury & Artistic),함께 사는 3~4인 가족,삶을 편하게 해주는 AI/스마트 기능,"1,500만원 ~ 3,000만원 (고급형)",15,10,10,0,0,0.710,0.710
539,럭셔리 & 아티스틱 (Luxury & Artistic),함께 사는 3~4인 가족,삶을 편하게 해주는 AI/스마트 기능,"1,500만원 ~ 3,000만원 (고급형)",13,10,10,0,0,0.710,0.710
540,럭셔리 & 아티스틱 (Luxury & Artistic),함께 사는 3~4인 가족,삶을 편하게 해주는 AI/스마트 기능,"1,500만원 ~ 3,000만원 (고급형)",18,10,10,0,0,0.632,0.650
541,럭셔리 & 아티스틱 (Luxury & Artistic),함께 사는 3~4인 가족,삶을 편하게 해주는 AI/스마트 기능,"3,000만원 이상 (하이엔드)",9,10,10,0,0,0.632,0.650
542,럭셔리 & 아티스틱 (Luxury & Artistic),함께 사는 3~4인 가족,삶을 편하게 해주는 AI/스마트 기능,"3,000만원 이상 (하이엔드)",1,10,10,0,0,0.710,0.710
543,럭셔리 & 아티스틱 (Luxury & Artistic),함께 사는 3~4인 가족,삶을 편하게 해주는 AI/스마트 기능,"3,000만원 이상 (하이엔드)",4,10,10,0,0,0.710,0.710
544,럭셔리 & 아티스틱 (Luxury & Artistic),함께 사는 3~4인 가족,삶을 편하게 해주는 AI/스마트 기능,"3,000만원 이상 (하이엔드)",44,10,10,0,0,0.710,0.710
545,럭셔리 & 아티스틱 (Luxury & Artistic),함께 사는 3~4인 가족,지구를 지키는 에너지 효율,500만원 미만 (실속형),5,10,8,2,0,0.782,0.800
546,럭셔리 & 아티스틱 (Luxury & Artistic),함께 사는 3~4인 가족,지구를 지키는 에너지 효율,500만원 미만 (실속형),13,10,8,0,2,0.588,0.590
547,럭셔리 & 아티스틱 (Luxury & Artistic),함께 사는 3~4인 가족,지구를 지키는 에너지 효율,500만원 미만 (실속형),9,10,8,0,2,0.626,0.630
548,럭셔리 & 아티스틱 (Luxury & Artistic),함께 사는 3~4인 가족,지구를 지키는 에너지 효율,500만원 미만 (실속형),16,10,10,0,0,0.658,0.660
549,럭셔리 & 아티스틱 (Luxury & Artistic),함께 사는 3~4인 가족,지구를 지키는 에너지 효율,"500만원 ~ 1,500만원 (표준형)",21,10,0,10,0,0.560,0.560
550,럭셔리 & 아티스틱 (Luxury & Artistic),함께 사는 3~4인 가족,지구를 지키는 에너지 효율,"500만원 ~ 1,500만원 (표준형)",28,10,0,10,0,0.560,0.560
551,럭셔리 & 아티스틱 (Luxury & Artistic),함께 사는 3~4인 가족,지구를 지키는 에너지 효율,"500만원 ~ 1,500만원 (표준형)",9,10,0,10,0,0.560,0.560
552,럭셔리 & 아티스틱 (Luxury & Artistic),함께 사는 3~4인 가족,지구를 지키는 에너지 효율,"500만원 ~ 1,500만원 (표준형)",9,10,0,10,0,0.560,0.560
553,럭셔리 & 아티스틱 (Luxury & Artistic),함께 사는 3~4인 가족,지구를 지키는 에너지 효율,"1,500만원 ~ 3,000만원 (고급형)",4,10,10,0,0,0.710,0.710
554,럭셔리 & 아티스틱 (Luxury & Artistic),함께 사는 3~4인 가족,지구를 지키는 에너지 효율,"1,500만원 ~ 3,000만원 (고급형)",20,10,10,0,0,0.662,0.680
555,럭셔리 & 아티스틱 (Luxury & Artistic),함께 사는 3~4인 가족,지구를 지키는 에너지 효율,"1,500만원 ~ 3,000만원 (고급형)",13,10,10,0,0,0.710,0.710
556,럭셔리 & 아티스틱 (Luxury & Artistic),함께 사는 3~4인 가족,지구를 지키는 에너지 효율,"1,500만원 ~ 3,000만원 (고급형)",18,10,10,0,0,0.632,0.650
557,럭셔리 & 아티스틱 (Luxury & Artistic),함께 사는 3~4인 가족,지구를 지키는 에너지 효율,"3,000만원 이상 (하이엔드)",13,10,10,0,0,0.710,0.710
558,럭셔리 & 아티스틱 (Luxury & Artistic),함께 사는 3~4인 가족,지구를 지키는 에너지 효율,"3,000만원 이상 (하이엔드)",24,10,10,0,0,0.710,0.710
559,럭셔리 & 아티스틱 (Luxury & Artistic),함께 사는 3~4인 가족,지구를 지키는 에너지 효율,"3,000만원 이상 (하이엔드)",46,10,10,0,0,0.632,0.650
560,럭셔리 & 아티스틱 (Luxury & Artistic),함께 사는 3~4인 가족,지구를 지키는 에너지 효율,"3,000만원 이상 (하이엔드)",43,10,10,0,0,0.662,0.680
561,럭셔리 & 아티스틱 (Luxury & Artistic),함께 사는 3~4인 가족,가성비를 추구하는 가격,500만원 미만 (실속형),28,10,8,0,2,0.626,0.630
562,럭셔리 & 아티스틱 (Luxury & Artistic),함께 사는 3~4인 가족,가성비를 추구하는 가격,500만원 미만 (실속형),37,10,8,0,2,0.588,0.590
563,럭셔리 & 아티스틱 (Luxury & Artistic),함께 사는 3~4인 가족,가성비를 추구하는 가격,500만원 미만 (실속형),44,10,8,0,2,0.588,0.590
564,럭셔리 & 아티스틱 (Luxury & Artistic),함께 사는 3~4인 가족,가성비를 추구하는 가격,500만원 미만 (실속형),11,10,8,2,0,0.782,0.800
565,럭셔리 & 아티스틱 (Luxury & Artistic),함께 사는 3~4인 가족,가성비를 추구하는 가격,"500만원 ~ 1,500만원 (표준형)",12,10,0,10,0,0.580,0.580
566,럭셔리 & 아티스틱 (Luxury & Artistic),함께 사는 3~4인 가족,가성비를 추구하는 가격,"500만원 ~ 1,500만원 (표준형)",32,10,0,10,0,0.710,0.710
567,럭셔리 & 아티스틱 (Luxury & Artistic),함께 사는 3~4인 가족,가성비를 추구하는 가격,"500만원 ~ 1,500만원 (표준형)",43,10,0,10,0,0.580,0.580
568,럭셔리 & 아티스틱 (Luxury & Artistic),함께 사는 3~4인 가족,가성비를 추구하는 가격,"500만원 ~ 1,500만원 (표준형)",1,10,0,10,0,0.570,0.570
569,럭셔리 & 아티스틱 (Luxury & Artistic),함께 사는 3~4인 가족,가성비를 추구하는 가격,"1,500만원 ~ 3,000만원 (고급형)",32,10,10,0,0,0.800,0.800
570,럭셔리 & 아티스틱 (Luxury & Artistic),함께 사는 3~4인 가족,가성비를 추구하는 가격,"1,500만원 ~ 3,000만원 (고급형)",32,10,10,0,0,0.800,0.800
571,럭셔리 & 아티스틱 (Luxury & Artistic),함께 사는 3~4인 가족,가성비를 추구하는 가격,"1,500만원 ~ 3,000만원 (고급형)",3,10,10,0,0,0.710,0.710
572,럭셔리 & 아티스틱 (Luxury & Artistic),함께 사는 3~4인 가족,가성비를 추구하는 가격,"1,500만원 ~ 3,000만원 (고급형)",16,10,10,0,0,0.662,0.680
573,럭셔리 & 아티스틱 (Luxury & Artistic),함께 사는 3~4인 가족,가성비를 추구하는 가격,"3,000만원 이상 (하이엔드)",36,10,10,0,0,0.662,0.680
574,럭셔리 & 아티스틱 (Luxury & Artistic),함께 사는 3~4인 가족,가성비를 추구하는 가격,"3,000만원 이상 (하이엔드)",3,10,10,0,0,0.710,0.710
575,럭셔리 & 아티스틱 (Luxury & Artistic),함께 사는 3~4인 가족,가성비를 추구하는 가격,"3,000만원 이상 (하이엔드)",50,10,10,0,0,0.632,0.650
576,럭셔리 & 아티스틱 (Luxury & Artistic),함께 사는 3~4인 가족,가성비를 추구하는 가격,"3,000만원 이상 (하이엔드)",21,10,10,0,0,0.632,0.650
577,유니크 & 팝 (Unique & Pop),나 혼자 산다 (1인 가구),인테리어를 완성하는 디자인,500만원 미만 (실속형),6,10,10,0,0,0.596,0.600
578,유니크 & 팝 (Unique & Pop),나 혼자 산다 (1인 가구),인테리어를 완성하는 디자인,500만원 미만 (실속형),14,10,8,2,0,0.806,0.830
579,유니크 & 팝 (Unique & Pop),나 혼자 산다 (1인 가구),인테리어를 완성하는 디자인,500만원 미만 (실속형),10,10,8,2,0,0.806,0.830
580,유니크 & 팝 (Unique & Pop),나 혼자 산다 (1인 가구),인테리어를 완성하는 디자인,500만원 미만 (실속형),19,10,8,2,0,0.806,0.830
581,유니크 & 팝 (Unique & Pop),나 혼자 산다 (1인 가구),인테리어를 완성하는 디자인,"500만원 ~ 1,500만원 (표준형)",34,10,0,10,0,0.560,0.560
582,유니크 & 팝 (Unique & Pop),나 혼자 산다 (1인 가구),인테리어를 완성하는 디자인,"500만원 ~ 1,500만원 (표준형)",9,10,0,10,0,0.560,0.560
583,유니크 & 팝 (Unique & Pop),나 혼자 산다 (1인 가구),인테리어를 완성하는 디자인,"500만원 ~ 1,500만원 (표준형)",24,10,0,10,0,0.570,0.570
584,유니크 & 팝 (Unique & Pop),나 혼자 산다 (1인 가구),인테리어를 완성하는 디자인,"500만원 ~ 1,500만원 (표준형)",40,10,0,10,0,0.570,0.570
585,유니크 & 팝 (Unique & Pop),나 혼자 산다 (1인 가구),인테리어를 완성하는 디자인,"1,500만원 ~ 3,000만원 (고급형)",14,10,10,0,0,0.830,0.830
586,유니크 & 팝 (Unique & Pop),나 혼자 산다 (1인 가구),인테리어를 완성하는 디자인,"1,500만원 ~ 3,000만원 (고급형)",30,10,10,0,0,0.830,0.830
587,유니크 & 팝 (Unique & Pop),나 혼자 산다 (1인 가구),인테리어를 완성하는 디자인,"1,500만원 ~ 3,000만원 (고급형)",16,10,10,0,0,0.680,0.680
588,유니크 & 팝 (Unique & Pop),나 혼자 산다 (1인 가구),인테리어를 완성하는 디자인,"1,500만원 ~ 3,000만원 (고급형)",21,10,10,0,0,0.650,0.650
589,유니크 & 팝 (Unique & Pop),나 혼자 산다 (1인 가구),인테리어를 완성하는 디자인,"3,000만원 이상 (하이엔드)",31,10,10,0,0,0.720,0.720
590,유니크 & 팝 (Unique & Pop),나 혼자 산다 (1인 가구),인테리어를 완성하는 디자인,"3,000만원 이상 (하이엔드)",23,10,10,0,0,0.650,0.650
591,유니크 & 팝 (Unique & Pop),나 혼자 산다 (1인 가구),인테리어를 완성하는 디자인,"3,000만원 이상 (하이엔드)",25,10,10,0,0,0.650,0.650
592,유니크 & 팝 (Unique & Pop),나 혼자 산다 (1인 가구),인테리어를 완성하는 디자인,"3,000만원 이상 (하이엔드)",41,10,10,0,0,0.830,0.830
593,유니크 & 팝 (Unique & Pop),나 혼자 산다 (1인 가구),삶을 편하게 해주는 AI/스마트 기능,500만원 미만 (실속형),20,10,10,0,0,0.674,0.680
594,유니크 & 팝 (Unique & Pop),나 혼자 산다 (1인 가구),삶을 편하게 해주는 AI/스마트 기능,500만원 미만 (실속형),48,10,10,0,0,0.596,0.600
595,유니크 & 팝 (Unique & Pop),나 혼자 산다 (1인 가구),삶을 편하게 해주는 AI/스마트 기능,500만원 미만 (실속형),27,10,10,0,0,0.596,0.600
596,유니크 & 팝 (Unique & Pop),나 혼자 산다 (1인 가구),삶을 편하게 해주는 AI/스마트 기능,500만원 미만 (실속형),14,10,8,2,0,0.806,0.830
597,유니크 & 팝 (Unique & Pop),나 혼자 산다 (1인 가구),삶을 편하게 해주는 AI/스마트 기능,"500만원 ~ 1,500만원 (표준형)",49,10,0,10,0,0.580,0.580
598,유니크 & 팝 (Unique & Pop),나 혼자 산다 (1인 가구),삶을 편하게 해주는 AI/스마트 기능,"500만원 ~ 1,500만원 (표준형)",41,10,0,10,0,0.710,0.710
599,유니크 & 팝 (Unique & Pop),나 혼자 산다 (1인 가구),삶을 편하게 해주는 AI/스마트 기능,"500만원 ~ 1,500만원 (표준형)",24,10,0,10,0,0.570,0.570
600,유니크 & 팝 (Unique & Pop),나 혼자 산다 (1인 가구),삶을 편하게 해주는 AI/스마트 기능,"500만원 ~ 1,500만원 (표준형)",37,10,0,10,0,0.570,0.570
601,유니크 & 팝 (Unique & Pop),나 혼자 산다 (1인 가구),삶을 편하게 해주는 AI/스마트 기능,"1,500만원 ~ 3,000만원 (고급형)",48,10,10,0,0,0.720,0.720
602,유니크 & 팝 (Unique & Pop),나 혼자 산다 (1인 가구),삶을 편하게 해주는 AI/스마트 기능,"1,500만원 ~ 3,000만원 (고급형)",33,10,10,0,0,0.720,0.720
603,유니크 & 팝 (Unique & Pop),나 혼자 산다 (1인 가구),삶을 편하게 해주는 AI/스마트 기능,"1,500만원 ~ 3,000만원 (고급형)",3,10,10,0,0,0.720,0.720
604,유니크 & 팝 (Unique & Pop),나 혼자 산다 (1인 가구),삶을 편하게 해주는 AI/스마트 기능,"1,500만원 ~ 3,000만원 (고급형)",13,10,10,0,0,0.720,0.720
605,유니크 & 팝 (Unique & Pop),나 혼자 산다 (1인 가구),삶을 편하게 해주는 AI/스마트 기능,"3,000만원 이상 (하이엔드)",25,10,10,0,0,0.650,0.650
606,유니크 & 팝 (Unique & Pop),나 혼자 산다 (1인 가구),삶을 편하게 해주는 AI/스마트 기능,"3,000만원 이상 (하이엔드)",35,10,10,0,0,0.680,0.680
607,유니크 & 팝 (Unique & Pop),나 혼자 산다 (1인 가구),삶을 편하게 해주는 AI/스마트 기능,"3,000만원 이상 (하이엔드)",19,10,10,0,0,0.830,0.830
608,유니크 & 팝 (Unique & Pop),나 혼자 산다 (1인 가구),삶을 편하게 해주는 AI/스마트 기능,"3,000만원 이상 (하이엔드)",15,10,10,0,0,0.720,0.720
609,유니크 & 팝 (Unique & Pop),나 혼자 산다 (1인 가구),지구를 지키는 에너지 효율,500만원 미만 (실속형),28,10,10,0,0,0.644,0.650
610,유니크 & 팝 (Unique & Pop),나 혼자 산다 (1인 가구),지구를 지키는 에너지 효율,500만원 미만 (실속형),26,10,8,2,0,0.806,0.830
611,유니크 & 팝 (Unique & Pop),나 혼자 산다 (1인 가구),지구를 지키는 에너지 효율,500만원 미만 (실속형),38,10,10,0,0,0.596,0.600
612,유니크 & 팝 (Unique & Pop),나 혼자 산다 (1인 가구),지구를 지키는 에너지 효율,500만원 미만 (실속형),14,10,8,2,0,0.806,0.830
613,유니크 & 팝 (Unique & Pop),나 혼자 산다 (1인 가구),지구를 지키는 에너지 효율,"500만원 ~ 1,500만원 (표준형)",34,10,0,10,0,0.560,0.560
614,유니크 & 팝 (Unique & Pop),나 혼자 산다 (1인 가구),지구를 지키는 에너지 효율,"500만원 ~ 1,500만원 (표준형)",2,10,0,10,0,0.710,0.710
615,유니크 & 팝 (Unique & Pop),나 혼자 산다 (1인 가구),지구를 지키는 에너지 효율,"500만원 ~ 1,500만원 (표준형)",32,10,0,10,0,0.710,0.710
616,유니크 & 팝 (Unique & Pop),나 혼자 산다 (1인 가구),지구를 지키는 에너지 효율,"500만원 ~ 1,500만원 (표준형)",2,10,0,10,0,0.710,0.710
617,유니크 & 팝 (Unique & Pop),나 혼자 산다 (1인 가구),지구를 지키는 에너지 효율,"1,500만원 ~ 3,000만원 (고급형)",12,10,10,0,0,0.680,0.680
618,유니크 & 팝 (Unique & Pop),나 혼자 산다 (1인 가구),지구를 지키는 에너지 효율,"1,500만원 ~ 3,000만원 (고급형)",45,10,10,0,0,0.650,0.650
619,유니크 & 팝 (Unique & Pop),나 혼자 산다 (1인 가구),지구를 지키는 에너지 효율,"1,500만원 ~ 3,000만원 (고급형)",1,10,10,0,0,0.720,0.720
620,유니크 & 팝 (Unique & Pop),나 혼자 산다 (1인 가구),지구를 지키는 에너지 효율,"1,500만원 ~ 3,000만원 (고급형)",18,10,10,0,0,0.650,0.650
621,유니크 & 팝 (Unique & Pop),나 혼자 산다 (1인 가구),지구를 지키는 에너지 효율,"3,000만원 이상 (하이엔드)",42,10,10,0,0,0.650,0.650
622,유니크 & 팝 (Unique & Pop),나 혼자 산다 (1인 가구),지구를 지키는 에너지 효율,"3,000만원 이상 (하이엔드)",34,10,10,0,0,0.650,0.650
623,유니크 & 팝 (Unique & Pop),나 혼자 산다 (1인 가구),지구를 지키는 에너지 효율,"3,000만원 이상 (하이엔드)",40,10,10,0,0,0.720,0.720
624,유니크 & 팝 (Unique & Pop),나 혼자 산다 (1인 가구),지구를 지키는 에너지 효율,"3,000만원 이상 (하이엔드)",42,10,10,0,0,0.650,0.650
625,유니크 & 팝 (Unique & Pop),나 혼자 산다 (1인 가구),가성비를 추구하는 가격,500만원 미만 (실속형),29,10,10,0,0,0.644,0.650
626,유니크 & 팝 (Unique & Pop),나 혼자 산다 (1인 가구),가성비를 추구하는 가격,500만원 미만 (실속형),36,10,10,0,0,0.674,0.680
627,유니크 & 팝 (Unique & Pop),나 혼자 산다 (1인 가구),가성비를 추구하는 가격,500만원 미만 (실속형),44,10,10,0,0,0.596,0.600
628,유니크 & 팝 (Unique & Pop),나 혼자 산다 (1인 가구),가성비를 추구하는 가격,500만원 미만 (실속형),35,10,10,0,0,0.674,0.680
629,유니크 & 팝 (Unique & Pop),나 혼자 산다 (1인 가구),가성비를 추구하는 가격,"500만원 ~ 1,500만원 (표준형)",46,10,0,10,0,0.560,0.560
630,유니크 & 팝 (Unique & Pop),나 혼자 산다 (1인 가구),가성비를 추구하는 가격,"500만원 ~ 1,500만원 (표준형)",23,10,0,10,0,0.560,0.560
631,유니크 & 팝 (Unique & Pop),나 혼자 산다 (1인 가구),가성비를 추구하는 가격,"500만원 ~ 1,500만원 (표준형)",39,10,0,10,0,0.580,0.580
632,유니크 & 팝 (Unique & Pop),나 혼자 산다 (1인 가구),가성비를 추구하는 가격,"500만원 ~ 1,500만원 (표준형)",42,10,0,10,0,0.560,0.560
633,유니크 & 팝 (Unique & Pop),나 혼자 산다 (1인 가구),가성비를 추구하는 가격,"1,500만원 ~ 3,000만원 (고급형)",39,10,10,0,0,0.680,0.680
634,유니크 & 팝 (Unique & Pop),나 혼자 산다 (1인 가구),가성비를 추구하는 가격,"1,500만원 ~ 3,000만원 (고급형)",6,10,10,0,0,0.720,0.720
635,유니크 & 팝 (Unique & Pop),나 혼자 산다 (1인 가구),가성비를 추구하는 가격,"1,500만원 ~ 3,000만원 (고급형)",17,10,10,0,0,0.720,0.720
636,유니크 & 팝 (Unique & Pop),나 혼자 산다 (1인 가구),가성비를 추구하는 가격,"1,500만원 ~ 3,000만원 (고급형)",32,10,10,0,0,0.830,0.830
637,유니크 & 팝 (Unique & Pop),나 혼자 산다 (1인 가구),가성비를 추구하는 가격,"3,000만원 이상 (하이엔드)",47,10,10,0,0,0.680,0.680
638,유니크 & 팝 (Unique & Pop),나 혼자 산다 (1인 가구),가성비를 추구하는 가격,"3,000만원 이상 (하이엔드)",5,10,10,0,0,0.830,0.830
639,유니크 & 팝 (Unique & Pop),나 혼자 산다 (1인 가구),가성비를 추구하는 가격,"3,000만원 이상 (하이엔드)",25,10,10,0,0,0.650,0.650
640,유니크 & 팝 (Unique & Pop),나 혼자 산다 (1인 가구),가성비를 추구하는 가격,"3,000만원 이상 (하이엔드)",3,10,10,0,0,0.720,0.720
641,유니크 & 팝 (Unique & Pop),우리 둘이 알콩달콩 (2인/신혼),인테리어를 완성하는 디자인,500만원 미만 (실속형),36,10,10,0,0,0.674,0.680
642,유니크 & 팝 (Unique & Pop),우리 둘이 알콩달콩 (2인/신혼),인테리어를 완성하는 디자인,500만원 미만 (실속형),19,10,8,2,0,0.806,0.830
643,유니크 & 팝 (Unique & Pop),우리 둘이 알콩달콩 (2인/신혼),인테리어를 완성하는 디자인,500만원 미만 (실속형),27,10,10,0,0,0.596,0.600
644,유니크 & 팝 (Unique & Pop),우리 둘이 알콩달콩 (2인/신혼),인테리어를 완성하는 디자인,500만원 미만 (실속형),47,10,10,0,0,0.674,0.680
645,유니크 & 팝 (Unique & Pop),우리 둘이 알콩달콩 (2인/신혼),인테리어를 완성하는 디자인,"500만원 ~ 1,500만원 (표준형)",45,10,0,10,0,0.560,0.560
646,유니크 & 팝 (Unique & Pop),우리 둘이 알콩달콩 (2인/신혼),인테리어를 완성하는 디자인,"500만원 ~ 1,500만원 (표준형)",23,10,0,10,0,0.560,0.560
647,유니크 & 팝 (Unique & Pop),우리 둘이 알콩달콩 (2인/신혼),인테리어를 완성하는 디자인,"500만원 ~ 1,500만원 (표준형)",6,10,0,10,0,0.570,0.570
648,유니크 & 팝 (Unique & Pop),우리 둘이 알콩달콩 (2인/신혼),인테리어를 완성하는 디자인,"500만원 ~ 1,500만원 (표준형)",49,10,0,10,0,0.580,0.580
649,유니크 & 팝 (Unique & Pop),우리 둘이 알콩달콩 (2인/신혼),인테리어를 완성하는 디자인,"1,500만원 ~ 3,000만원 (고급형)",11,10,10,0,0,0.830,0.830
650,유니크 & 팝 (Unique & Pop),우리 둘이 알콩달콩 (2인/신혼),인테리어를 완성하는 디자인,"1,500만원 ~ 3,000만원 (고급형)",4,10,10,0,0,0.720,0.720
651,유니크 & 팝 (Unique & Pop),우리 둘이 알콩달콩 (2인/신혼),인테리어를 완성하는 디자인,"1,500만원 ~ 3,000만원 (고급형)",3,10,10,0,0,0.720,0.720
652,유니크 & 팝 (Unique & Pop),우리 둘이 알콩달콩 (2인/신혼),인테리어를 완성하는 디자인,"1,500만원 ~ 3,000만원 (고급형)",20,10,10,0,0,0.680,0.680
653,유니크 & 팝 (Unique & Pop),우리 둘이 알콩달콩 (2인/신혼),인테리어를 완성하는 디자인,"3,000만원 이상 (하이엔드)",5,10,10,0,0,0.830,0.830
654,유니크 & 팝 (Unique & Pop),우리 둘이 알콩달콩 (2인/신혼),인테리어를 완성하는 디자인,"3,000만원 이상 (하이엔드)",1,10,10,0,0,0.720,0.720
655,유니크 & 팝 (Unique & Pop),우리 둘이 알콩달콩 (2인/신혼),인테리어를 완성하는 디자인,"3,000만원 이상 (하이엔드)",14,10,10,0,0,0.830,0.830
656,유니크 & 팝 (Unique & Pop),우리 둘이 알콩달콩 (2인/신혼),인테리어를 완성하는 디자인,"3,000만원 이상 (하이엔드)",32,10,10,0,0,0.830,0.830
657,유니크 & 팝 (Unique & Pop),우리 둘이 알콩달콩 (2인/신혼),삶을 편하게 해주는 AI/스마트 기능,500만원 미만 (실속형),15,10,10,0,0,0.596,0.600
658,유니크 & 팝 (Unique & Pop),우리 둘이 알콩달콩 (2인/신혼),삶을 편하게 해주는 AI/스마트 기능,500만원 미만 (실속형),35,10,10,0,0,0.674,0.680
659,유니크 & 팝 (Unique & Pop),우리 둘이 알콩달콩 (2인/신혼),삶을 편하게 해주는 AI/스마트 기능,500만원 미만 (실속형),24,10,10,0,0,0.596,0.600
660,유니크 & 팝 (Unique & Pop),우리 둘이 알콩달콩 (2인/신혼),삶을 편하게 해주는 AI/스마트 기능,500만원 미만 (실속형),46,10,10,0,0,0.644,0.650
661,유니크 & 팝 (Unique & Pop),우리 둘이 알콩달콩 (2인/신혼),삶을 편하게 해주는 AI/스마트 기능,"500만원 ~ 1,500만원 (표준형)",14,10,0,10,0,0.710,0.710
662,유니크 & 팝 (Unique & Pop),우리 둘이 알콩달콩 (2인/신혼),삶을 편하게 해주는 AI/스마트 기능,"500만원 ~ 1,500만원 (표준형)",3,10,0,10,0,0.570,0.570
663,유니크 & 팝 (Unique & Pop),우리 둘이 알콩달콩 (2인/신혼),삶을 편하게 해주는 AI/스마트 기능,"500만원 ~ 1,500만원 (표준형)",44,10,0,10,0,0.570,0.570
664,유니크 & 팝 (Unique & Pop),우리 둘이 알콩달콩 (2인/신혼),삶을 편하게 해주는 AI/스마트 기능,"500만원 ~ 1,500만원 (표준형)",46,10,0,10,0,0.560,0.560
665,유니크 & 팝 (Unique & Pop),우리 둘이 알콩달콩 (2인/신혼),삶을 편하게 해주는 AI/스마트 기능,"1,500만원 ~ 3,000만원 (고급형)",37,10,10,0,0,0.720,0.720
666,유니크 & 팝 (Unique & Pop),우리 둘이 알콩달콩 (2인/신혼),삶을 편하게 해주는 AI/스마트 기능,"1,500만원 ~ 3,000만원 (고급형)",27,10,10,0,0,0.720,0.720
667,유니크 & 팝 (Unique & Pop),우리 둘이 알콩달콩 (2인/신혼),삶을 편하게 해주는 AI/스마트 기능,"1,500만원 ~ 3,000만원 (고급형)",38,10,10,0,0,0.720,0.720
668,유니크 & 팝 (Unique & Pop),우리 둘이 알콩달콩 (2인/신혼),삶을 편하게 해주는 AI/스마트 기능,"1,500만원 ~ 3,000만원 (고급형)",1,10,10,0,0,0.720,0.720
669,유니크 & 팝 (Unique & Pop),우리 둘이 알콩달콩 (2인/신혼),삶을 편하게 해주는 AI/스마트 기능,"3,000만원 이상 (하이엔드)",9,10,10,0,0,0.650,0.650
670,유니크 & 팝 (Unique & Pop),우리 둘이 알콩달콩 (2인/신혼),삶을 편하게 해주는 AI/스마트 기능,"3,000만원 이상 (하이엔드)",2,10,10,0,0,0.830,0.830
671,유니크 & 팝 (Unique & Pop),우리 둘이 알콩달콩 (2인/신혼),삶을 편하게 해주는 AI/스마트 기능,"3,000만원 이상 (하이엔드)",15,10,10,0,0,0.720,0.720
672,유니크 & 팝 (Unique & Pop),우리 둘이 알콩달콩 (2인/신혼),삶을 편하게 해주는 AI/스마트 기능,"3,000만원 이상 (하이엔드)",3,10,10,0,0,0.720,0.720
673,유니크 & 팝 (Unique & Pop),우리 둘이 알콩달콩 (2인/신혼),지구를 지키는 에너지 효율,500만원 미만 (실속형),13,10,10,0,0,0.596,0.600
674,유니크 & 팝 (Unique & Pop),우리 둘이 알콩달콩 (2인/신혼),지구를 지키는 에너지 효율,500만원 미만 (실속형),44,10,10,0,0,0.596,0.600
675,유니크 & 팝 (Unique & Pop),우리 둘이 알콩달콩 (2인/신혼),지구를 지키는 에너지 효율,500만원 미만 (실속형),11,10,8,2,0,0.806,0.830
676,유니크 & 팝 (Unique & Pop),우리 둘이 알콩달콩 (2인/신혼),지구를 지키는 에너지 효율,500만원 미만 (실속형),12,10,10,0,0,0.674,0.680
677,유니크 & 팝 (Unique & Pop),우리 둘이 알콩달콩 (2인/신혼),지구를 지키는 에너지 효율,"500만원 ~ 1,500만원 (표준형)",21,10,0,10,0,0.560,0.560
678,유니크 & 팝 (Unique & Pop),우리 둘이 알콩달콩 (2인/신혼),지구를 지키는 에너지 효율,"500만원 ~ 1,500만원 (표준형)",39,10,0,10,0,0.580,0.580
679,유니크 & 팝 (Unique & Pop),우리 둘이 알콩달콩 (2인/신혼),지구를 지키는 에너지 효율,"500만원 ~ 1,500만원 (표준형)",25,10,0,10,0,0.560,0.560
680,유니크 & 팝 (Unique & Pop),우리 둘이 알콩달콩 (2인/신혼),지구를 지키는 에너지 효율,"500만원 ~ 1,500만원 (표준형)",5,10,0,10,0,0.710,0.710
681,유니크 & 팝 (Unique & Pop),우리 둘이 알콩달콩 (2인/신혼),지구를 지키는 에너지 효율,"1,500만원 ~ 3,000만원 (고급형)",21,10,10,0,0,0.650,0.650
682,유니크 & 팝 (Unique & Pop),우리 둘이 알콩달콩 (2인/신혼),지구를 지키는 에너지 효율,"1,500만원 ~ 3,000만원 (고급형)",18,10,10,0,0,0.650,0.650
683,유니크 & 팝 (Unique & Pop),우리 둘이 알콩달콩 (2인/신혼),지구를 지키는 에너지 효율,"1,500만원 ~ 3,000만원 (고급형)",46,10,10,0,0,0.650,0.650
684,유니크 & 팝 (Unique & Pop),우리 둘이 알콩달콩 (2인/신혼),지구를 지키는 에너지 효율,"1,500만원 ~ 3,000만원 (고급형)",19,10,10,0,0,0.830,0.830
685,유니크 & 팝 (Unique & Pop),우리 둘이 알콩달콩 (2인/신혼),지구를 지키는 에너지 효율,"3,000만원 이상 (하이엔드)",44,10,10,0,0,0.720,0.720
686,유니크 & 팝 (Unique & Pop),우리 둘이 알콩달콩 (2인/신혼),지구를 지키는 에너지 효율,"3,000만원 이상 (하이엔드)",26,10,10,0,0,0.830,0.830
687,유니크 & 팝 (Unique & Pop),우리 둘이 알콩달콩 (2인/신혼),지구를 지키는 에너지 효율,"3,000만원 이상 (하이엔드)",50,10,10,0,0,0.650,0.650
688,유니크 & 팝 (Unique & Pop),우리 둘이 알콩달콩 (2인/신혼),지구를 지키는 에너지 효율,"3,000만원 이상 (하이엔드)",28,10,10,0,0,0.650,0.650
689,유니크 & 팝 (Unique & Pop),우리 둘이 알콩달콩 (2인/신혼),가성비를 추구하는 가격,500만원 미만 (실속형),38,10,10,0,0,0.596,0.600
690,유니크 & 팝 (Unique & Pop),우리 둘이 알콩달콩 (2인/신혼),가성비를 추구하는 가격,500만원 미만 (실속형),40,10,10,0,0,0.596,0.600
691,유니크 & 팝 (Unique & Pop),우리 둘이 알콩달콩 (2인/신혼),가성비를 추구하는 가격,500만원 미만 (실속형),26,10,8,2,0,0.806,0.830
692,유니크 & 팝 (Unique & Pop),우리 둘이 알콩달콩 (2인/신혼),가성비를 추구하는 가격,500만원 미만 (실속형),3,10,10,0,0,0.596,0.600
693,유니크 & 팝 (Unique & Pop),우리 둘이 알콩달콩 (2인/신혼),가성비를 추구하는 가격,"500만원 ~ 1,500만원 (표준형)",26,10,0,10,0,0.710,0.710
694,유니크 & 팝 (Unique & Pop),우리 둘이 알콩달콩 (2인/신혼),가성비를 추구하는 가격,"500만원 ~ 1,500만원 (표준형)",20,10,0,10,0,0.580,0.580
695,유니크 & 팝 (Unique & Pop),우리 둘이 알콩달콩 (2인/신혼),가성비를 추구하는 가격,"500만원 ~ 1,500만원 (표준형)",2,10,0,10,0,0.710,0.710
696,유니크 & 팝 (Unique & Pop),우리 둘이 알콩달콩 (2인/신혼),가성비를 추구하는 가격,"500만원 ~ 1,500만원 (표준형)",10,10,0,10,0,0.710,0.710
697,유니크 & 팝 (Unique & Pop),우리 둘이 알콩달콩 (2인/신혼),가성비를 추구하는 가격,"1,500만원 ~ 3,000만원 (고급형)",3,10,10,0,0,0.720,0.720
698,유니크 & 팝 (Unique & Pop),우리 둘이 알콩달콩 (2인/신혼),가성비를 추구하는 가격,"1,500만원 ~ 3,000만원 (고급형)",1,10,10,0,0,0.720,0.720
699,유니크 & 팝 (Unique & Pop),우리 둘이 알콩달콩 (2인/신혼),가성비를 추구하는 가격,"1,500만원 ~ 3,000만원 (고급형)",28,10,10,0,0,0.650,0.650
700,유니크 & 팝 (Unique & Pop),우리 둘이 알콩달콩 (2인/신혼),가성비를 추구하는 가격,"1,500만원 ~ 3,000만원 (고급형)",38,10,10,0,0,0.720,0.720
701,유니크 & 팝 (Unique & Pop),우리 둘이 알콩달콩 (2인/신혼),가성비를 추구하는 가격,"3,000만원 이상 (하이엔드)",14,10,10,0,0,0.830,0.830
702,유니크 & 팝 (Unique & Pop),우리 둘이 알콩달콩 (2인/신혼),가성비를 추구하는 가격,"3,000만원 이상 (하이엔드)",2,10,10,0,0,0.830,0.830
703,유니크 & 팝 (Unique & Pop),우리 둘이 알콩달콩 (2인/신혼),가성비를 추구하는 가격,"3,000만원 이상 (하이엔드)",3,10,10,0,0,0.720,0.720
704,유니크 & 팝 (Unique & Pop),우리 둘이 알콩달콩 (2인/신혼),가성비를 추구하는 가격,"3,000만원 이상 (하이엔드)",49,10,10,0,0,0.680,0.680
705,유니크 & 팝 (Unique & Pop),함께 사는 3~4인 가족,인테리어를 완성하는 디자인,500만원 미만 (실속형),50,10,10,0,0,0.644,0.650
706,유니크 & 팝 (Unique & Pop),함께 사는 3~4인 가족,인테리어를 완성하는 디자인,500만원 미만 (실속형),35,10,10,0,0,0.674,0.680
707,유니크 & 팝 (Unique & Pop),함께 사는 3~4인 가족,인테리어를 완성하는 디자인,500만원 미만 (실속형),32,10,8,2,0,0.806,0.830
708,유니크 & 팝 (Unique & Pop),함께 사는 3~4인 가족,인테리어를 완성하는 디자인,500만원 미만 (실속형),1,10,10,0,0,0.596,0.600
709,유니크 & 팝 (Unique & Pop),함께 사는 3~4인 가족,인테리어를 완성하는 디자인,"500만원 ~ 1,500만원 (표준형)",2,10,0,10,0,0.710,0.710
710,유니크 & 팝 (Unique & Pop),함께 사는 3~4인 가족,인테리어를 완성하는 디자인,"500만원 ~ 1,500만원 (표준형)",21,10,0,10,0,0.560,0.560
711,유니크 & 팝 (Unique & Pop),함께 사는 3~4인 가족,인테리어를 완성하는 디자인,"500만원 ~ 1,500만원 (표준형)",2,10,0,10,0,0.710,0.710
712,유니크 & 팝 (Unique & Pop),함께 사는 3~4인 가족,인테리어를 완성하는 디자인,"500만원 ~ 1,500만원 (표준형)",34,10,0,10,0,0.560,0.560
713,유니크 & 팝 (Unique & Pop),함께 사는 3~4인 가족,인테리어를 완성하는 디자인,"1,500만원 ~ 3,000만원 (고급형)",10,10,10,0,0,0.830,0.830
714,유니크 & 팝 (Unique & Pop),함께 사는 3~4인 가족,인테리어를 완성하는 디자인,"1,500만원 ~ 3,000만원 (고급형)",28,10,10,0,0,0.650,0.650
715,유니크 & 팝 (Unique & Pop),함께 사는 3~4인 가족,인테리어를 완성하는 디자인,"1,500만원 ~ 3,000만원 (고급형)",30,10,10,0,0,0.830,0.830
716,유니크 & 팝 (Unique & Pop),함께 사는 3~4인 가족,인테리어를 완성하는 디자인,"1,500만원 ~ 3,000만원 (고급형)",7,10,10,0,0,0.830,0.830
717,유니크 & 팝 (Unique & Pop),함께 사는 3~4인 가족,인테리어를 완성하는 디자인,"3,000만원 이상 (하이엔드)",45,10,10,0,0,0.650,0.650
718,유니크 & 팝 (Unique & Pop),함께 사는 3~4인 가족,인테리어를 완성하는 디자인,"3,000만원 이상 (하이엔드)",16,10,10,0,0,0.680,0.680
719,유니크 & 팝 (Unique & Pop),함께 사는 3~4인 가족,인테리어를 완성하는 디자인,"3,000만원 이상 (하이엔드)",13,10,10,0,0,0.720,0.720
720,유니크 & 팝 (Unique & Pop),함께 사는 3~4인 가족,인테리어를 완성하는 디자인,"3,000만원 이상 (하이엔드)",39,10,10,0,0,0.680,0.680
721,유니크 & 팝 (Unique & Pop),함께 사는 3~4인 가족,삶을 편하게 해주는 AI/스마트 기능,500만원 미만 (실속형),38,10,10,0,0,0.596,0.600
722,유니크 & 팝 (Unique & Pop),함께 사는 3~4인 가족,삶을 편하게 해주는 AI/스마트 기능,500만원 미만 (실속형),22,10,10,0,0,0.644,0.650
723,유니크 & 팝 (Unique & Pop),함께 사는 3~4인 가족,삶을 편하게 해주는 AI/스마트 기능,500만원 미만 (실속형),43,10,10,0,0,0.674,0.680
724,유니크 & 팝 (Unique & Pop),함께 사는 3~4인 가족,삶을 편하게 해주는 AI/스마트 기능,500만원 미만 (실속형),50,10,10,0,0,0.644,0.650
725,유니크 & 팝 (Unique & Pop),함께 사는 3~4인 가족,삶을 편하게 해주는 AI/스마트 기능,"500만원 ~ 1,500만원 (표준형)",17,10,0,10,0,0.570,0.570
726,유니크 & 팝 (Unique & Pop),함께 사는 3~4인 가족,삶을 편하게 해주는 AI/스마트 기능,"500만원 ~ 1,500만원 (표준형)",11,10,0,10,0,0.710,0.710
727,유니크 & 팝 (Unique & Pop),함께 사는 3~4인 가족,삶을 편하게 해주는 AI/스마트 기능,"500만원 ~ 1,500만원 (표준형)",50,10,0,10,0,0.560,0.560
728,유니크 & 팝 (Unique & Pop),함께 사는 3~4인 가족,삶을 편하게 해주는 AI/스마트 기능,"500만원 ~ 1,500만원 (표준형)",6,10,0,10,0,0.570,0.570
729,유니크 & 팝 (Unique & Pop),함께 사는 3~4인 가족,삶을 편하게 해주는 AI/스마트 기능,"1,500만원 ~ 3,000만원 (고급형)",26,10,10,0,0,0.830,0.830
730,유니크 & 팝 (Unique & Pop),함께 사는 3~4인 가족,삶을 편하게 해주는 AI/스마트 기능,"1,500만원 ~ 3,000만원 (고급형)",21,10,10,0,0,0.650,0.650
731,유니크 & 팝 (Unique & Pop),함께 사는 3~4인 가족,삶을 편하게 해주는 AI/스마트 기능,"1,500만원 ~ 3,000만원 (고급형)",11,10,10,0,0,0.830,0.830
732,유니크 & 팝 (Unique & Pop),함께 사는 3~4인 가족,삶을 편하게 해주는 AI/스마트 기능,"1,500만원 ~ 3,000만원 (고급형)",15,10,10,0,0,0.720,0.720
733,유니크 & 팝 (Unique & Pop),함께 사는 3~4인 가족,삶을 편하게 해주는 AI/스마트 기능,"3,000만원 이상 (하이엔드)",36,10,10,0,0,0.680,0.680
734,유니크 & 팝 (Unique & Pop),함께 사는 3~4인 가족,삶을 편하게 해주는 AI/스마트 기능,"3,000만원 이상 (하이엔드)",37,10,10,0,0,0.720,0.720
735,유니크 & 팝 (Unique & Pop),함께 사는 3~4인 가족,삶을 편하게 해주는 AI/스마트 기능,"3,000만원 이상 (하이엔드)",40,10,10,0,0,0.720,0.720
736,유니크 & 팝 (Unique & Pop),함께 사는 3~4인 가족,삶을 편하게 해주는 AI/스마트 기능,"3,000만원 이상 (하이엔드)",43,10,10,0,0,0.680,0.680
737,유니크 & 팝 (Unique & Pop),함께 사는 3~4인 가족,지구를 지키는 에너지 효율,500만원 미만 (실속형),20,10,10,0,0,0.674,0.680
738,유니크 & 팝 (Unique & Pop),함께 사는 3~4인 가족,지구를 지키는 에너지 효율,500만원 미만 (실속형),23,10,10,0,0,0.644,0.650
739,유니크 & 팝 (Unique & Pop),함께 사는 3~4인 가족,지구를 지키는 에너지 효율,500만원 미만 (실속형),28,10,10,0,0,0.644,0.650
740,유니크 & 팝 (Unique & Pop),함께 사는 3~4인 가족,지구를 지키는 에너지 효율,500만원 미만 (실속형),9,10,10,0,0,0.644,0.650
741,유니크 & 팝 (Unique & Pop),함께 사는 3~4인 가족,지구를 지키는 에너지 효율,"500만원 ~ 1,500만원 (표준형)",50,10,0,10,0,0.560,0.560
742,유니크 & 팝 (Unique & Pop),함께 사는 3~4인 가족,지구를 지키는 에너지 효율,"500만원 ~ 1,500만원 (표준형)",29,10,0,10,0,0.560,0.560
743,유니크 & 팝 (Unique & Pop),함께 사는 3~4인 가족,지구를 지키는 에너지 효율,"500만원 ~ 1,500만원 (표준형)",18,10,0,10,0,0.560,0.560
744,유니크 & 팝 (Unique & Pop),함께 사는 3~4인 가족,지구를 지키는 에너지 효율,"500만원 ~ 1,500만원 (표준형)",23,10,0,10,0,0.560,0.560
745,유니크 & 팝 (Unique & Pop),함께 사는 3~4인 가족,지구를 지키는 에너지 효율,"1,500만원 ~ 3,000만원 (고급형)",11,10,10,0,0,0.830,0.830
746,유니크 & 팝 (Unique & Pop),함께 사는 3~4인 가족,지구를 지키는 에너지 효율,"1,500만원 ~ 3,000만원 (고급형)",3,10,10,0,0,0.720,0.720
747,유니크 & 팝 (Unique & Pop),함께 사는 3~4인 가족,지구를 지키는 에너지 효율,"1,500만원 ~ 3,000만원 (고급형)",17,10,10,0,0,0.720,0.720
748,유니크 & 팝 (Unique & Pop),함께 사는 3~4인 가족,지구를 지키는 에너지 효율,"1,500만원 ~ 3,000만원 (고급형)",41,10,10,0,0,0.830,0.830
749,유니크 & 팝 (Unique & Pop),함께 사는 3~4인 가족,지구를 지키는 에너지 효율,"3,000만원 이상 (하이엔드)",18,10,10,0,0,0.650,0.650
750,유니크 & 팝 (Unique & Pop),함께 사는 3~4인 가족,지구를 지키는 에너지 효율,"3,000만원 이상 (하이엔드)",29,10,10,0,0,0.650,0.650
751,유니크 & 팝 (Unique & Pop),함께 사는 3~4인 가족,지구를 지키는 에너지 효율,"3,000만원 이상 (하이엔드)",49,10,10,0,0,0.680,0.680
752,유니크 & 팝 (Unique & Pop),함께 사는 3~4인 가족,지구를 지키는 에너지 효율,"3,000만원 이상 (하이엔드)",35,10,10,0,0,0.680,0.680
753,유니크 & 팝 (Unique & Pop),함께 사는 3~4인 가족,가성비를 추구하는 가격,500만원 미만 (실속형),28,10,10,0,0,0.644,0.650
754,유니크 & 팝 (Unique & Pop),함께 사는 3~4인 가족,가성비를 추구하는 가격,500만원 미만 (실속형),38,10,10,0,0,0.596,0.600
755,유니크 & 팝 (Unique & Pop),함께 사는 3~4인 가족,가성비를 추구하는 가격,500만원 미만 (실속형),13,10,10,0,0,0.596,0.600
756,유니크 & 팝 (Unique & Pop),함께 사는 3~4인 가족,가성비를 추구하는 가격,500만원 미만 (실속형),29,10,10,0,0,0.644,0.650
757,유니크 & 팝 (Unique & Pop),함께 사는 3~4인 가족,가성비를 추구하는 가격,"500만원 ~ 1,500만원 (표준형)",28,10,0,10,0,0.560,0.560
758,유니크 & 팝 (Unique & Pop),함께 사는 3~4인 가족,가성비를 추구하는 가격,"500만원 ~ 1,500만원 (표준형)",30,10,0,10,0,0.710,0.710
759,유니크 & 팝 (Unique & Pop),함께 사는 3~4인 가족,가성비를 추구하는 가격,"500만원 ~ 1,500만원 (표준형)",12,10,0,10,0,0.580,0.580
760,유니크 & 팝 (Unique & Pop),함께 사는 3~4인 가족,가성비를 추구하는 가격,"500만원 ~ 1,500만원 (표준형)",24,10,0,10,0,0.570,0.570
761,유니크 & 팝 (Unique & Pop),함께 사는 3~4인 가족,가성비를 추구하는 가격,"1,500만원 ~ 3,000만원 (고급형)",29,10,10,0,0,0.650,0.650
762,유니크 & 팝 (Unique & Pop),함께 사는 3~4인 가족,가성비를 추구하는 가격,"1,500만원 ~ 3,000만원 (고급형)",2,10,10,0,0,0.830,0.830
763,유니크 & 팝 (Unique & Pop),함께 사는 3~4인 가족,가성비를 추구하는 가격,"1,500만원 ~ 3,000만원 (고급형)",1,10,10,0,0,0.720,0.720
764,유니크 & 팝 (Unique & Pop),함께 사는 3~4인 가족,가성비를 추구하는 가격,"1,500만원 ~ 3,000만원 (고급형)",43,10,10,0,0,0.680,0.680
765,유니크 & 팝 (Unique & Pop),함께 사는 3~4인 가족,가성비를 추구하는 가격,"3,000만원 이상 (하이엔드)",16,10,10,0,0,0.680,0.680
766,유니크 & 팝 (Unique & Pop),함께 사는 3~4인 가족,가성비를 추구하는 가격,"3,000만원 이상 (하이엔드)",39,10,10,0,0,0.680,0.680
767,유니크 & 팝 (Unique & Pop),함께 사는 3~4인 가족,가성비를 추구하는 가격,"3,000만원 이상 (하이엔드)",13,10,10,0,0,0.720,0.720
768,유니크 & 팝 (Unique & Pop),함께 사는 3~4인 가족,가성비를 추구하는 가격,"3,000만원 이상 (하이엔드)",10,10,10,0,0,0.830,0.830
