제품군,URL,제품명,모델명,상태,정가,판매가,최대혜택가,구매혜택안내,6년구독가격,최대혜택구독가격,평점,이미지리스트,색상 (올인원타워),색상 (청소기 본체),"크기 (WxHxD, mm)",무게 (kg),간편 비움 시스템,스마트 인버터 모터,충전 및 보관,종류,4단계 길이 조절 연장관,5단계 미세먼지 차단 시스템,UP가전,오토 스탑&고,올인원타워,미세먼지 차단 시스템,최대흡입력 (W),정격소비전력 (W),최대소비전력 (W) (터보 모드),소비전력 (W) (청소시),소비전력 (A) (충전시),소비전력 (A) (청소시),먼지통 비우기 시간 (초),먼지봉투 용량 (L),다용도 흡입구,틈새 흡입구,침구 흡입구,와이드 LED+ 흡입구,안심 스팀 물걸레 흡입구 2.0,배터리 포함 수 (개),싱글 배터리 기준 최대사용시간 (분) (표준모드 / 흡입구 미장착 시),싱글 배터리 기준 최대사용시간 (분) (강모드 / 흡입구 미장착 시),싱글 배터리 기준 최대사용시간 (분) (터보모드 / 흡입구 미장착 시),싱글 배터리 기준 최대사용시간 (분) (표준모드 / 파워 드라이브 흡입구 사용 시),싱글 배터리 기준 최대사용시간 (분) (강모드 / 파워 드라이브 흡입구 사용 시),싱글 배터리 기준 최대사용시간 (분) (터보모드 / 파워 드라이브 흡입구 사용 시),베터리 종류,싱글 배터리 기준 최소충전시간 (분),듀얼 배터리 기준 최대사용시간 (분) (표준모드 / 흡입구 미장착 시),듀얼 배터리 기준 최대사용시간 (분) (강모드 / 흡입구 미장착 시),듀얼 배터리 기준 최대사용시간 (분) (터보모드 / 흡입구 미장착 시),듀얼 배터리 기준 최대사용시간 (분) (표준모드 / 파워 드라이브 흡입구 사용 시),듀얼 배터리 기준 최대사용시간 (분) (강모드 / 파워 드라이브 흡입구 사용 시),듀얼 배터리 기준 최대사용시간 (분) (터보모드 / 파워 드라이브 흡입구 사용 시),듀얼 배터리 기준 최대사용시간 (분) (저전력모드),싱글 배터리 기준 최대사용시간 (분) (저전력모드),듀얼 배터리 기준 최대사용시간 (분) (저전력모드 / 파워 드라이브 흡입구 사용 시),싱글 배터리 기준 최대사용시간 (분) (저전력모드 / 파워 드라이브 흡입구 사용 시),청소 이력 모니터링,스마트진단,필터 청소 주기 알림,필터 청소가이드,KC 인증 필 유무,KC인증조회,전자파 적합성 인증(등록) 번호 (본체),전자파 적합성 인증(등록) 번호 (무선모듈),에너지 소비효율등급,정격전압 (V) (DC),동일모델의 출시년월,제조자 (수입자),제조국,판매자,품질보증기준,A/S 책임자와 전화번호,전기용품 안전인증(확인신고) 번호 (충전대),전자파 적합성 인증(등록) 번호 (충전대),정격전압,와이드 LED 흡입구,슬림 마루 흡입구,물걸레 흡입구,청소용 솔,자동물공급시스템 (전자식 펌프),"스마트 터보 (먼지,구석,카펫 감지)",자동충전,물걸레 청소,사이드 브러시,먼지통 용량 (L),소비전력 (W) (흡입력 조절 터보 모드),지그재그 청소,스마트 터보 기능,수동 청소,흡입력 모드,자이로 센서,적외선 센서,가속도 센서,LiDAR,낭떠러지 센서,최소충전시간 (분),최대사용시간 (분) (흡입력 조절 약 모드),최대사용시간 (분) (흡입력 조절 터보 모드),스마트 원격제어,청소 다이어리,청소예약,마이존,안심 스팀 물걸레 흡입구 1.0,색상,싸이클론 기술,배기 필터,길이 조절 연장관,최대소비전력 (W),코드 길이 (m),청소 반경 (m),자동먼지압축,파워 모드,전기용품 안전인증(확인신고) 번호 (본체),배터리 상태 표시,듀얼 스핀 물걸레 청소,5단계 물공급량 조절 (ThinQ앱),물통 용량 (L),소비전력 (W) (물 공급 없음),소비전력 (W) (물 공급량 최강),퀵 청소,집중 청소,카메라 (상단부),카메라 (하단부),레이저 센서,"최대사용시간 (분) (퀵 청소 모드, 물 공급량 강)",홈뷰,홈가드,스마트 페어링,네트워크,집진방식,필터(Filter),흡입구,보조 흡입구,먼지통,전기용품 안전인증번호(본체),최대소비전력(W),정격소비전력(W),소비전력,크기,대용량 먼지통,코드길이,연장관,백리스 방식,본체 전원 On/Off,불어내기 기능,머리카락 엉킴 방지,자동 급배수,물걸레 자동 세척,물걸레 자동 건조,물걸레 리프팅 높이 (mm),물걸레 회전 속도 (RPM),"흡입 모터 최대 진공도 (Pa, 파스칼)",급수통 용량 (L),배수통 용량 (L),초음파 센서,3D 레이저 센서,최대사용시간(분) (흡입력 조절 중 모드),최대사용시간(분) (흡입력 조절 터보 모드),3D 듀얼 아이,쿼드코어 CPU,"소비전력 (W) (집중 청소 모드, 터보 기능 해제)","소비전력 (W) (집중 청소 모드, 터보 기능 설정)","소비전력 (W) (지그재그/꼼꼼 청소 모드, 터보 기능 해제)",꼼꼼 청소,지정영역 청소 기능,무게,LiDAR 센서,리모컨,장애물 감지 방식,문턱 등반 높이,원격제어,배터리 종류,최소 충전시간 (분),사용 시간 (분)
청소기,https://www.lge.co.kr/vacuum-cleaners/ai958wa,LG 코드제로 AI 오브제컬렉션 A9흡입+스팀 물걸레,T-ST6W5.BKOR,판매중,"1,690,000원","1,540,000원","1,339,200원",포인트 최대 0 멤버십 포인트 적립 | 제휴카드혜택 LGE.COM 플러스 서비스 최대 100만원 조건부 할인+ 10% 캐시백 | 결제일 할인 신용카드 7% 결제일 할인 (신한/현대/국민/롯데) | 무이자 카드사별 무이자 할부 혜택 | 간편결제 네이버페이 7% 포인트 적립(최대 10만원) 토스페이 1% 포인트 적립 (최대 2만원),"월 37,200 원","월 11,200원",5.0,"['https://www.lge.co.kr/kr/images/vacuum-cleaners/md10587827/gallery/small-interior01.jpg', 'https://www.lge.co.kr/kr/images/vacuum-cleaners/md10587827/gallery/small09.jpg', 'https://www.lge.co.kr/kr/images/vacuum-cleaners/md10587827/gallery/small10.jpg', 'https://www.lge.co.kr/kr/images/vacuum-cleaners/md10587827/gallery/small11.jpg', 'https://www.lge.co.kr/kr/images/vacuum-cleaners/md10587827/gallery/small04.jpg', 'https://www.lge.co.kr/kr/images/vacuum-cleaners/md10587827/gallery/small05.jpg', 'https://www.lge.co.kr/kr/images/vacuum-cleaners/md10587827/gallery/small06.jpg', 'https://www.lge.co.kr/kr/images/vacuum-cleaners/md10587827/gallery/small07.jpg', 'https://www.lge.co.kr/kr/images/vacuum-cleaners/md10587827/gallery/small08.jpg']",카밍 베이지,카밍 베이지,"256 x 1,009 x 298",9.2,O,O,올인원타워,무선청소기,O,O,O,O,O,O,320,400,810,"1,600",1.15,0.4,30,2.5,O,O,O,O,O,2 (듀얼),30,10,6,20,13,8,리튬이온,240,60,20,12,40,26,16,120,60,80,40,O,O,O,O,KC 인증 필 유무,공정거래위원회(소비자24)제공 인증정보 조회,R-R-LGE-S9AX3,R-C-LGE-LCWB-001,해당없음,25.2,2025-04,LG전자(주),베트남,LG전자(주),결함·하자 등에 따른 소비자피해에 대해서는 소비자분쟁해결기준(소비자기본법 제 16조)에 따라 보상 가능,LG전자서비스센터 / 1544-7777,HM07125-21122,R-R-LGE-ST6,220V / 60Hz,,,,,,,,,,,,,,,,,,,,,,,,,,,,,,,,,,,,,,,,,,,,,,,,,,,,,,,,,,,,,,,,,,,,,,,,,,,,,,,,,,,,,,,,,,,,,,,,,,,
청소기,https://www.lge.co.kr/vacuum-cleaners/ax920bwe-bkor1,LG 코드제로 오브제컬렉션 A9S흡입 전용,T-ST4WL.BKOR,판매중,"1,180,000원","770,000원","688,200원",포인트 최대 0 멤버십 포인트 적립 | 제휴카드혜택 LGE.COM 플러스 서비스 최대 100만원 조건부 할인+ 10% 캐시백 | 결제일 할인 신용카드 7% 결제일 할인 (신한/현대/국민/롯데) | 무이자 카드사별 무이자 할부 혜택 | 간편결제 네이버페이 7% 포인트 적립(최대 10만원) 토스페이 1% 포인트 적립 (최대 2만원),,,5.0,"['https://www.lge.co.kr/kr/images/vacuum-cleaners/md10328840/gallery/small-interior01.jpg', 'https://www.lge.co.kr/kr/images/vacuum-cleaners/md10328840/gallery/small01.jpg', 'https://www.lge.co.kr/kr/images/vacuum-cleaners/md10328840/gallery/small02.jpg', 'https://www.lge.co.kr/kr/images/vacuum-cleaners/md10328840/gallery/small03.jpg', 'https://www.lge.co.kr/kr/images/vacuum-cleaners/md10328840/gallery/small04.jpg', 'https://www.lge.co.kr/kr/images/vacuum-cleaners/md10328840/gallery/small05.jpg', 'https://www.lge.co.kr/kr/images/vacuum-cleaners/md10328840/gallery/small06.jpg', 'https://www.lge.co.kr/kr/images/vacuum-cleaners/md10328840/gallery/small07.jpg']",카밍 베이지,카밍 베이지,"256 x 1,009 x 298",9.145,O,O,올인원타워,무선청소기,O,O,O,,O,O,280,400,750,"1,600",1.15,0.4,30,,O,O,,,,1 (싱글),30,10,6,20,13,8,리튬이온,240,,,,,,,,60,,40,O,O,O,O,KC 인증 필 유무,공정거래위원회(소비자24)제공 인증정보 조회,R-R-LGE-S9AX2,R-C-LGE-LCWB-001,해당없음,25.2,2025-08,LG전자(주),베트남,LG전자(주),결함·하자 등에 따른 소비자피해에 대해서는 소비자분쟁해결기준(소비자기본법 제 16조)에 따라 보상 가능,LG전자서비스센터 / 1544-7777,HM07125-21122,R-R-LGE-ST6,220V / 60Hz,O,,,,,,,,,,,,,,,,,,,,,,,,,,,,,,,,,,,,,,,,,,,,,,,,,,,,,,,,,,,,,,,,,,,,,,,,,,,,,,,,,,,,,,,,,,,,,,,,,,
청소기,https://www.lge.co.kr/vacuum-cleaners/ai948ba,LG 코드제로 AI 오브제컬렉션 A9흡입+스팀 물걸레,T-ST6B5.BKOR,판매중,"1,610,000원","1,290,000원","1,134,600원",포인트 최대 0 멤버십 포인트 적립 | 제휴카드혜택 LGE.COM 플러스 서비스 최대 100만원 조건부 할인+ 10% 캐시백 | 결제일 할인 신용카드 7% 결제일 할인 (신한/현대/국민/롯데) | 무이자 카드사별 무이자 할부 혜택 | 간편결제 네이버페이 7% 포인트 적립(최대 10만원) 토스페이 1% 포인트 적립 (최대 2만원),"월 36,900 원","월 10,900원",4.9,"['https://www.lge.co.kr/kr/images/vacuum-cleaners/md10624829/gallery/small-interior01.jpg', 'https://www.lge.co.kr/kr/images/vacuum-cleaners/md10624829/gallery/small01.jpg', 'https://www.lge.co.kr/kr/images/vacuum-cleaners/md10624829/gallery/small02.jpg', 'https://www.lge.co.kr/kr/images/vacuum-cleaners/md10624829/gallery/small03.jpg', 'https://www.lge.co.kr/kr/images/vacuum-cleaners/md10624829/gallery/small04.jpg', 'https://www.lge.co.kr/kr/images/vacuum-cleaners/md10624829/gallery/small05.jpg', 'https://www.lge.co.kr/kr/images/vacuum-cleaners/md10624829/gallery/small06.jpg', 'https://www.lge.co.kr/kr/images/vacuum-cleaners/md10624829/gallery/small07.jpg', 'https://www.lge.co.kr/kr/images/vacuum-cleaners/md10624829/gallery/small08.jpg']",크림 스카이,크림 스카이,"256 x 1,009 x 298",9.2,O,O,올인원타워,무선청소기,O,O,O,O,O,O,320,400,810,"1,600",1.15,0.4,30,2.5,O,O,,O,O,2 (듀얼),30,10,6,20,13,8,리튬이온,240,60,20,12,40,26,16,120,60,80,40,O,O,O,O,KC 인증 필 유무,공정거래위원회(소비자24)제공 인증정보 조회,R-R-LGE-S9AX3,R-C-LGE-LCWB-001,해당없음,25.2,2025-05,LG전자(주),베트남,LG전자(주),결함·하자 등에 따른 소비자피해에 대해서는 소비자분쟁해결기준(소비자기본법 제 16조)에 따라 보상 가능,LG전자서비스센터 / 1544-7777,HM07125-21122,R-R-LGE-ST6,220V / 60Hz,,,,,,,,,,,,,,,,,,,,,,,,,,,,,,,,,,,,,,,,,,,,,,,,,,,,,,,,,,,,,,,,,,,,,,,,,,,,,,,,,,,,,,,,,,,,,,,,,,,
청소기,https://www.lge.co.kr/vacuum-cleaners/a727wa,LG 코드제로 오브제컬렉션 A7 Core흡입+물걸레,T-ST2WL.BKOR,판매중,"1,050,000원","810,000원","725,400원",포인트 최대 0 멤버십 포인트 적립 | 제휴카드혜택 LGE.COM 플러스 서비스 최대 100만원 조건부 할인+ 10% 캐시백 | 결제일 할인 신용카드 7% 결제일 할인 (신한/현대/국민/롯데) | 무이자 카드사별 무이자 할부 혜택 | 간편결제 네이버페이 7% 포인트 적립(최대 10만원) 토스페이 1% 포인트 적립 (최대 2만원),"월 26,900 원",월 900원,4.9,"['https://www.lge.co.kr/kr/images/vacuum-cleaners/md10536826/gallery/small-interior01.jpg', 'https://www.lge.co.kr/kr/images/vacuum-cleaners/md10536826/gallery/small01.jpg', 'https://www.lge.co.kr/kr/images/vacuum-cleaners/md10536826/gallery/small02.jpg', 'https://www.lge.co.kr/kr/images/vacuum-cleaners/md10536826/gallery/small03.jpg', 'https://www.lge.co.kr/kr/images/vacuum-cleaners/md10536826/gallery/small04.jpg', 'https://www.lge.co.kr/kr/images/vacuum-cleaners/md10536826/gallery/small05.jpg', 'https://www.lge.co.kr/kr/images/vacuum-cleaners/md10536826/gallery/small06.jpg', 'https://www.lge.co.kr/kr/images/vacuum-cleaners/md10536826/gallery/small07.jpg', 'https://www.lge.co.kr/kr/images/vacuum-cleaners/md10536826/gallery/small08.jpg']",카밍 베이지,카밍 베이지,"255 x 1,009 x 297",9.7,O,O,올인원타워,무선청소기,O,O,,,O,O,220,350,650,"1,600",1.15,,30,2.5,O,O,,,,1 (싱글),60,30,7,40,20,6,리튬이온,240,,,,,,,,,,,,,,,KC 인증 필 유무,공정거래위원회(소비자24)제공 인증정보 조회,R-R-8sT-S9AXLT,,해당없음,25.2,2025-03,LG전자(주),베트남,LG전자(주),결함·하자 등에 따른 소비자피해에 대해서는 소비자분쟁해결기준(소비자기본법 제 16조)에 따라 보상 가능,LG전자서비스센터 / 1544-7777,HM07125-21122,R-R-LGE-ST2,220V / 60Hz,,O,O,,,,,,,,,,,,,,,,,,,,,,,,,,,,,,,,,,,,,,,,,,,,,,,,,,,,,,,,,,,,,,,,,,,,,,,,,,,,,,,,,,,,,,,,,,,,,,,,
청소기,https://www.lge.co.kr/vacuum-cleaners/a737wa,LG 코드제로 오브제컬렉션 A7 Core흡입+물걸레,T-ST2WL.BKOR,판매중,"1,130,000원","840,000원","753,300원",포인트 최대 0 멤버십 포인트 적립 | 제휴카드혜택 LGE.COM 플러스 서비스 최대 100만원 조건부 할인+ 10% 캐시백 | 결제일 할인 신용카드 7% 결제일 할인 (신한/현대/국민/롯데) | 무이자 카드사별 무이자 할부 혜택 | 간편결제 네이버페이 7% 포인트 적립(최대 10만원) 토스페이 1% 포인트 적립 (최대 2만원),"월 27,900 원","월 1,900원",5.0,"['https://www.lge.co.kr/kr/images/vacuum-cleaners/md10572836/gallery/small-interior01.jpg', 'https://www.lge.co.kr/kr/images/vacuum-cleaners/md10572836/gallery/small01.jpg', 'https://www.lge.co.kr/kr/images/vacuum-cleaners/md10572836/gallery/small09.jpg', 'https://www.lge.co.kr/kr/images/vacuum-cleaners/md10572836/gallery/small03.jpg', 'https://www.lge.co.kr/kr/images/vacuum-cleaners/md10572836/gallery/small04.jpg', 'https://www.lge.co.kr/kr/images/vacuum-cleaners/md10572836/gallery/small05.jpg', 'https://www.lge.co.kr/kr/images/vacuum-cleaners/md10572836/gallery/small06.jpg', 'https://www.lge.co.kr/kr/images/vacuum-cleaners/md10572836/gallery/small07.jpg', 'https://www.lge.co.kr/kr/images/vacuum-cleaners/md10572836/gallery/small08.jpg']",카밍 베이지,카밍 베이지,"255 x 1,009 x 297",9.7,O,O,올인원타워,무선청소기,O,O,,,O,O,220,350,650,"1,600",1.15,,30,2.5,O,O,O,,,1 (싱글),60,30,7,40,20,6,리튬이온,240,,,,,,,,,,,,,,,KC 인증 필 유무,공정거래위원회(소비자24)제공 인증정보 조회,R-R-8sT-S9AXLT,,해당없음,25.2,2025-03,LG전자(주),베트남,LG전자(주),결함·하자 등에 따른 소비자피해에 대해서는 소비자분쟁해결기준(소비자기본법 제 16조)에 따라 보상 가능,LG전자서비스센터 / 1544-7777,HM07125-21122,R-R-LGE-ST2,220V / 60Hz,,O,O,,,,,,,,,,,,,,,,,,,,,,,,,,,,,,,,,,,,,,,,,,,,,,,,,,,,,,,,,,,,,,,,,,,,,,,,,,,,,,,,,,,,,,,,,,,,,,,,
청소기,https://www.lge.co.kr/vacuum-cleaners/as527ha,LG 코드제로 A5흡입+물걸레,AS527HA,판매중,"750,000원","500,000원","470,000원",포인트 최대 0 멤버십 포인트 적립 | 제휴카드혜택 LGE.COM 플러스 서비스 최대 100만원 조건부 할인+ 10% 캐시백 | 결제일 할인 신용카드 7% 결제일 할인 (신한/현대/국민/롯데) | 무이자 카드사별 무이자 할부 혜택 | 간편결제 네이버페이 7% 포인트 적립(최대 10만원) 토스페이 1% 포인트 적립 (최대 2만원),"월 21,900 원",월 0원,4.9,"['https://www.lge.co.kr/kr/images/vacuum-cleaners/md10572835/gallery/small-interior01.jpg', 'https://www.lge.co.kr/kr/images/vacuum-cleaners/md10572835/gallery/small01.jpg', 'https://www.lge.co.kr/kr/images/vacuum-cleaners/md10572835/gallery/small02.jpg', 'https://www.lge.co.kr/kr/images/vacuum-cleaners/md10572835/gallery/small03.jpg', 'https://www.lge.co.kr/kr/images/vacuum-cleaners/md10572835/gallery/small04.jpg', 'https://www.lge.co.kr/kr/images/vacuum-cleaners/md10572835/gallery/small05.jpg', 'https://www.lge.co.kr/kr/images/vacuum-cleaners/md10572835/gallery/small06.jpg']",,에센스 화이트,"251 x 1,026 x 242",1.97,,O,,무선청소기,,O,,,,,150,250,450,,,,,,O,O,,,,1 (싱글),40,20,7,30,15,6,리튬이온,240,,,,,,,,,,,,,,,KC 인증 필 유무,공정거래위원회(소비자24)제공 인증정보 조회,R-R-8sT-S3AXX,,해당없음,18.5,2025-04,Suntone,중국,LG전자(주),결함·하자 등에 따른 소비자피해에 대해서는 소비자분쟁해결기준(소비자기본법 제 16조)에 따라 보상 가능,LG전자서비스센터 / 1544-7777,,,,,O,O,O,,,,,,,,,,,,,,,,,,,,,,,,,,,,,,,,,,,,,,,,,,,,,,,,,,,,,,,,,,,,,,,,,,,,,,,,,,,,,,,,,,,,,,,,,,,,,,,
청소기,https://www.lge.co.kr/vacuum-cleaners/r585wka1,LG 코드제로 오브제컬렉션 R5흡입+물걸레,R585WKA1,판매중,"900,000원","560,000원","492,900원",포인트 최대 0 멤버십 포인트 적립 | 제휴카드혜택 LGE.COM 플러스 서비스 최대 100만원 조건부 할인+ 10% 캐시백 | 결제일 할인 신용카드 7% 결제일 할인 (신한/현대/국민/롯데) | 무이자 카드사별 무이자 할부 혜택 | 간편결제 네이버페이 7% 포인트 적립(최대 10만원) 토스페이 1% 포인트 적립 (최대 2만원),,,4.9,"['https://www.lge.co.kr/kr/images/vacuum-cleaners/md10249826/gallery/small-interior01.jpg', 'https://www.lge.co.kr/kr/images/vacuum-cleaners/md10249826/gallery/small01.jpg', 'https://www.lge.co.kr/kr/images/vacuum-cleaners/md10249826/gallery/small02.jpg', 'https://www.lge.co.kr/kr/images/vacuum-cleaners/md10249826/gallery/small03.jpg', 'https://www.lge.co.kr/kr/images/vacuum-cleaners/md10249826/gallery/small04.jpg', 'https://www.lge.co.kr/kr/images/vacuum-cleaners/md10249826/gallery/small05.jpg', 'https://www.lge.co.kr/kr/images/vacuum-cleaners/md10249826/gallery/small06.jpg', 'https://www.lge.co.kr/kr/images/vacuum-cleaners/md10249826/gallery/small07.jpg', 'https://www.lge.co.kr/kr/images/vacuum-cleaners/md10249826/gallery/small08.jpg', 'https://www.lge.co.kr/kr/images/vacuum-cleaners/md10249826/gallery/small09.jpg', 'https://www.lge.co.kr/kr/images/vacuum-cleaners/md10249826/gallery/small10.jpg', 'https://www.lge.co.kr/kr/images/vacuum-cleaners/md10249826/gallery/small11.jpg']",카밍 베이지,카밍 베이지,202 x 480 x 233,5.4,,,,,,,,,O,O,,,,"1,450",1.45,,300,,,,,,,1 (내장형),,,,,,,리튬이온,,,,,,,,,,,,,,,,KC 인증 필 유무,공정거래위원회(소비자24)제공 인증정보 조회,R-R-LGE-R5VCW,R-C-LGE-LCWB-002EA,해당없음,14.4,2023-11,신성델타테크(주),한국,,결함·하자 등에 따른 소비자피해에 대해서는 소비자분쟁해결기준(소비자기본법 제 16조)에 따라 보상 가능,LG전자서비스센터 / 1544-7777,HM07125-22165,R-R-LGE-TRB5,220V / 60Hz,,,,,O,O,O,O,O,0.4,30,O,O,O,약 / 중 / 강 / 터보,O,O,O,O,O,300,140,60,O,O,O,O,,,,,,,,,,,,,,,,,,,,,,,,,,,,,,,,,,,,,,,,,,,,,,,,,,,,,,,,,,,,,,,,,,,,,,,,
청소기,https://www.lge.co.kr/vacuum-cleaners/ai948wa,LG 코드제로 AI 오브제컬렉션 A9흡입+스팀 물걸레,T-ST6W5.BKOR,판매중,"1,610,000원","1,510,000원","1,311,300원",포인트 최대 0 멤버십 포인트 적립 | 제휴카드혜택 LGE.COM 플러스 서비스 최대 100만원 조건부 할인+ 10% 캐시백 | 결제일 할인 신용카드 7% 결제일 할인 (신한/현대/국민/롯데) | 무이자 카드사별 무이자 할부 혜택 | 간편결제 네이버페이 7% 포인트 적립(최대 10만원) 토스페이 1% 포인트 적립 (최대 2만원),,,4.9,"['https://www.lge.co.kr/kr/images/vacuum-cleaners/md10587828/gallery/small-interior01.jpg', 'https://www.lge.co.kr/kr/images/vacuum-cleaners/md10587828/gallery/small09.jpg', 'https://www.lge.co.kr/kr/images/vacuum-cleaners/md10587828/gallery/small10.jpg', 'https://www.lge.co.kr/kr/images/vacuum-cleaners/md10587828/gallery/small11.jpg', 'https://www.lge.co.kr/kr/images/vacuum-cleaners/md10587828/gallery/small04.jpg', 'https://www.lge.co.kr/kr/images/vacuum-cleaners/md10587828/gallery/small05.jpg', 'https://www.lge.co.kr/kr/images/vacuum-cleaners/md10587828/gallery/small06.jpg', 'https://www.lge.co.kr/kr/images/vacuum-cleaners/md10587828/gallery/small07.jpg', 'https://www.lge.co.kr/kr/images/vacuum-cleaners/md10587828/gallery/small08.jpg']",카밍 베이지,카밍 베이지,"256 x 1,009 x 298",9.2,O,O,올인원타워,무선청소기,O,O,O,O,O,O,320,400,810,"1,600",1.15,0.4,30,2.5,O,O,,O,O,2 (듀얼),30,10,6,20,13,8,리튬이온,240,60,20,12,40,26,16,120,60,80,40,O,O,O,O,KC 인증 필 유무,공정거래위원회(소비자24)제공 인증정보 조회,R-R-LGE-S9AX3,R-C-LGE-LCWB-001,해당없음,25.2,2025-04,LG전자(주),베트남,LG전자(주),결함·하자 등에 따른 소비자피해에 대해서는 소비자분쟁해결기준(소비자기본법 제 16조)에 따라 보상 가능,LG전자서비스센터 / 1544-7777,HM07125-21122,R-R-LGE-ST6,220V / 60Hz,,,,,,,,,,,,,,,,,,,,,,,,,,,,,,,,,,,,,,,,,,,,,,,,,,,,,,,,,,,,,,,,,,,,,,,,,,,,,,,,,,,,,,,,,,,,,,,,,,,
청소기,https://www.lge.co.kr/vacuum-cleaners/ai927wa,LG 코드제로 AI 오브제컬렉션 A9흡입+물걸레,T-ST6W5.BKOR,판매중,"1,330,000원","1,020,000원","920,700원",포인트 최대 0 멤버십 포인트 적립 | 제휴카드혜택 LGE.COM 플러스 서비스 최대 100만원 조건부 할인+ 10% 캐시백 | 결제일 할인 신용카드 7% 결제일 할인 (신한/현대/국민/롯데) | 무이자 카드사별 무이자 할부 혜택 | 간편결제 네이버페이 7% 포인트 적립(최대 10만원) 토스페이 1% 포인트 적립 (최대 2만원),,,5.0,"['https://www.lge.co.kr/kr/images/vacuum-cleaners/md10602827/gallery/small-interior01.jpg', 'https://www.lge.co.kr/kr/images/vacuum-cleaners/md10602827/gallery/small01.jpg', 'https://www.lge.co.kr/kr/images/vacuum-cleaners/md10602828/gallery/small15.jpg', 'https://www.lge.co.kr/kr/images/vacuum-cleaners/md10602827/gallery/small03.jpg', 'https://www.lge.co.kr/kr/images/vacuum-cleaners/md10602828/gallery/small07.jpg', 'https://www.lge.co.kr/kr/images/vacuum-cleaners/md10602827/gallery/small04.jpg', 'https://www.lge.co.kr/kr/images/vacuum-cleaners/md10602828/gallery/small08.jpg', 'https://www.lge.co.kr/kr/images/vacuum-cleaners/md10602827/gallery/small06.jpg', 'https://www.lge.co.kr/kr/images/vacuum-cleaners/md10602827/gallery/small07.jpg']",카밍 베이지,카밍 베이지,"256 x 1,009 x 298",9.2,O,O,올인원타워,무선청소기,O,O,O,O,O,O,320,400,810,"1,600",1.15,0.4,30,2.5,O,O,,O,,1 (싱글),30,10,6,20,13,8,리튬이온,240,60,20,12,40,26,16,120,60,80,40,O,O,O,O,KC 인증 필 유무,공정거래위원회(소비자24)제공 인증정보 조회,R-R-LGE-S9AX3,R-C-LGE-LCWB-001,해당없음,25.2,2025-05,LG전자(주),베트남,LG전자(주),결함·하자 등에 따른 소비자피해에 대해서는 소비자분쟁해결기준(소비자기본법 제 16조)에 따라 보상 가능,LG전자서비스센터 / 1544-7777,HM07125-21122,R-R-LGE-ST6,220V / 60Hz,,,O,,,,,,,,,,,,,,,,,,,,,,,,,,,,,,,,,,,,,,,,,,,,,,,,,,,,,,,,,,,,,,,,,,,,,,,,,,,,,,,,,,,,,,,,,,,,,,,,
청소기,https://www.lge.co.kr/vacuum-cleaners/ax958bwe-bkor1,LG 코드제로 오브제컬렉션 A9S흡입+스팀 물걸레,T-ST4WL.BKOR,판매중,"1,610,000원","1,150,000원","1,041,600원",포인트 최대 0 멤버십 포인트 적립 | 제휴카드혜택 LGE.COM 플러스 서비스 최대 100만원 조건부 할인+ 10% 캐시백 | 결제일 할인 신용카드 7% 결제일 할인 (신한/현대/국민/롯데) | 무이자 카드사별 무이자 할부 혜택 | 간편결제 네이버페이 7% 포인트 적립(최대 10만원) 토스페이 1% 포인트 적립 (최대 2만원),,,5.0,"['https://www.lge.co.kr/kr/images/vacuum-cleaners/md10645837/gallery/small-interior01.jpg', 'https://www.lge.co.kr/kr/images/vacuum-cleaners/md10645837/gallery/small01.jpg', 'https://www.lge.co.kr/kr/images/vacuum-cleaners/md10645837/gallery/small02.jpg', 'https://www.lge.co.kr/kr/images/vacuum-cleaners/md10645837/gallery/small03.jpg', 'https://www.lge.co.kr/kr/images/vacuum-cleaners/md10645837/gallery/small04.jpg', 'https://www.lge.co.kr/kr/images/vacuum-cleaners/md10645837/gallery/small05.jpg', 'https://www.lge.co.kr/kr/images/vacuum-cleaners/md10645837/gallery/small06.jpg', 'https://www.lge.co.kr/kr/images/vacuum-cleaners/md10645837/gallery/small07.jpg', 'https://www.lge.co.kr/kr/images/vacuum-cleaners/md10645837/gallery/small08.jpg']",카밍 베이지,카밍 베이지,"256 x 1,009 x 298",9.145,O,O,올인원타워,무선청소기,O,O,O,O,O,O,280,400,750,"1,600",1.15,0.4,30,,O,O,O,X,O,2 (듀얼),30,10,6,20,13,8,리튬이온,240,60,20,12,40,26,16,120,60,80,40,O,O,O,O,KC 인증 필 유무,공정거래위원회(소비자24)제공 인증정보 조회,R-R-LGE-S9AX2,R-C-LGE-LCWB-001,해당없음,25.2,2025-08,LG전자(주),베트남,LG전자(주),결함·하자 등에 따른 소비자피해에 대해서는 소비자분쟁해결기준(소비자기본법 제 16조)에 따라 보상 가능,LG전자서비스센터 / 1544-7777,HM07125-21122,R-R-LGE-ST6,220V / 60Hz,O,,,,,,,,,,,,,,,,,,,,,,,,,,,X,,,,,,,,,,,,,,,,,,,,,,,,,,,,,,,,,,,,,,,,,,,,,,,,,,,,,,,,,,,,,,,,,,,,,,,
청소기,https://www.lge.co.kr/vacuum-cleaners/ai927ba,LG 코드제로 AI 오브제컬렉션 A9흡입+물걸레,T-ST6B5.BKOR,판매중,"1,330,000원","1,230,000원","1,078,800원",포인트 최대 0 멤버십 포인트 적립 | 제휴카드혜택 LGE.COM 플러스 서비스 최대 100만원 조건부 할인+ 10% 캐시백 | 결제일 할인 신용카드 7% 결제일 할인 (신한/현대/국민/롯데) | 무이자 카드사별 무이자 할부 혜택 | 간편결제 네이버페이 7% 포인트 적립(최대 10만원) 토스페이 1% 포인트 적립 (최대 2만원),"월 31,200 원","월 5,200원",5.0,"['https://www.lge.co.kr/kr/images/vacuum-cleaners/md10624830/gallery/small-interior01.jpg', 'https://www.lge.co.kr/kr/images/vacuum-cleaners/md10624830/gallery/small01.jpg', 'https://www.lge.co.kr/kr/images/vacuum-cleaners/md10624830/gallery/small09.jpg', 'https://www.lge.co.kr/kr/images/vacuum-cleaners/md10624830/gallery/small03.jpg', 'https://www.lge.co.kr/kr/images/vacuum-cleaners/md10624830/gallery/small04.jpg', 'https://www.lge.co.kr/kr/images/vacuum-cleaners/md10624830/gallery/small05.jpg', 'https://www.lge.co.kr/kr/images/vacuum-cleaners/md10624830/gallery/small06.jpg', 'https://www.lge.co.kr/kr/images/vacuum-cleaners/md10624830/gallery/small07.jpg', 'https://www.lge.co.kr/kr/images/vacuum-cleaners/md10624830/gallery/small08.jpg']",크림 스카이,크림 스카이,"256 x 1,009 x 298",9.2,O,O,올인원타워,무선청소기,O,O,O,O,O,O,320,400,810,"1,600",1.15,0.4,30,2.5,O,O,,O,,1 (싱글),30,10,6,20,13,8,리튬이온,240,60,20,12,40,26,16,120,60,80,40,O,O,O,O,KC 인증 필 유무,공정거래위원회(소비자24)제공 인증정보 조회,R-R-LGE-S9AX3,R-C-LGE-LCWB-001,해당없음,25.2,2025-05,LG전자(주),베트남,LG전자(주),결함·하자 등에 따른 소비자피해에 대해서는 소비자분쟁해결기준(소비자기본법 제 16조)에 따라 보상 가능,LG전자서비스센터 / 1544-7777,HM07125-21122,R-R-LGE-ST6,220V / 60Hz,,,O,,,,,,,,,,,,,,,,,,,,,,,,,,,,,,,,,,,,,,,,,,,,,,,,,,,,,,,,,,,,,,,,,,,,,,,,,,,,,,,,,,,,,,,,,,,,,,,,
청소기,https://www.lge.co.kr/vacuum-cleaners/a730wa,LG 코드제로 오브제컬렉션 A7 Core흡입 전용,T-ST2WL.BKOR,판매중,"1,041,000원","1,040,000원","939,300원",포인트 최대 0 멤버십 포인트 적립 | 제휴카드혜택 LGE.COM 플러스 서비스 최대 100만원 조건부 할인+ 10% 캐시백 | 결제일 할인 신용카드 7% 결제일 할인 (신한/현대/국민/롯데) | 무이자 카드사별 무이자 할부 혜택 | 간편결제 네이버페이 7% 포인트 적립(최대 10만원) 토스페이 1% 포인트 적립 (최대 2만원),"월 24,900 원",월 0원,5.0,"['https://www.lge.co.kr/kr/images/vacuum-cleaners/md10572836/gallery/small-interior01.jpg', 'https://www.lge.co.kr/kr/images/vacuum-cleaners/md10572837/gallery/small01.jpg', 'https://www.lge.co.kr/kr/images/vacuum-cleaners/md10572837/gallery/small02.jpg', 'https://www.lge.co.kr/kr/images/vacuum-cleaners/md10572837/gallery/small03.jpg', 'https://www.lge.co.kr/kr/images/vacuum-cleaners/md10572837/gallery/small04.jpg', 'https://www.lge.co.kr/kr/images/vacuum-cleaners/md10572837/gallery/small05.jpg', 'https://www.lge.co.kr/kr/images/vacuum-cleaners/md10572837/gallery/small06.jpg', 'https://www.lge.co.kr/kr/images/vacuum-cleaners/md10572837/gallery/small07.jpg']",카밍 베이지,카밍 베이지,"255 x 1,009 x 297",9.7,O,O,올인원타워,무선청소기,O,O,,,O,O,220,350,650,"1,600",1.15,,30,2.5,O,O,O,,,1 (싱글),60,30,7,40,20,6,리튬이온,240,,,,,,,,,,,,,,,KC 인증 필 유무,공정거래위원회(소비자24)제공 인증정보 조회,R-R-8sT-S9AXLT,,해당없음,25.2,2025-03,LG전자(주),베트남,LG전자(주),결함·하자 등에 따른 소비자피해에 대해서는 소비자분쟁해결기준(소비자기본법 제 16조)에 따라 보상 가능,LG전자서비스센터 / 1544-7777,HM07125-21122,R-R-LGE-ST2,220V / 60Hz,,O,,,,,,,,,,,,,,,,,,,,,,,,,,,,,,,,,,,,,,,,,,,,,,,,,,,,,,,,,,,,,,,,,,,,,,,,,,,,,,,,,,,,,,,,,,,,,,,,,
청소기,https://www.lge.co.kr/vacuum-cleaners/c40wgy,LG CYKING POWER흡입 전용3등급,C40WGY,판매중,"249,000원","185,000원","185,000원",포인트 최대 0 멤버십 포인트 적립 | 제휴카드혜택 LGE.COM 플러스 서비스 최대 100만원 조건부 할인+ 10% 캐시백 | 결제일 할인 신용카드 7% 결제일 할인 (신한/현대/국민/롯데) | 무이자 카드사별 무이자 할부 혜택 | 간편결제 네이버페이 7% 포인트 적립(최대 10만원) 토스페이 1% 포인트 적립 (최대 2만원),,,4.9,"['https://www.lge.co.kr/kr/images/vacuum-cleaners/md10014827/gallery/small-interior01.jpg', 'https://www.lge.co.kr/kr/images/vacuum-cleaners/md10014827/gallery/small01.jpg', 'https://www.lge.co.kr/kr/images/vacuum-cleaners/md10014827/gallery/small02.jpg']",,,260 x 265 x 352,4.4,,,,,,,,,,,,"1,050",,,,,,,,,,,,,,,,,,,,,,,,,,,,,,,,,,,KC 인증 필 유무,공정거래위원회(소비자24)제공 인증정보 조회,MSIP-REM-LGE-VC40XX,,3등급,,2023-05,LG전자(주),베트남,LG전자(주),결함·하자 등에 따른 소비자피해에 대해서는 소비자분쟁해결기준(소비자기본법 제 16조)에 따라 보상 가능,LG전자서비스센터 / 1544-7777,,,220V / 60Hz,,,,,,,,,,0.9,,,,,,,,,,,,,,,,,,,카밍 베이지,터보 싸이클론,1종 필터,O,"1,200",5,7,,,,,,,,,,,,,,,,,,,,,,,,,,,,,,,,,,,,,,,,,,,,,,,,,,,,,,,,,,,,,,,,
청소기,https://www.lge.co.kr/vacuum-cleaners/k83wgy,LG CYKING K8흡입 전용3등급,K83WGY,판매중,"350,000원","349,000원","349,000원",포인트 최대 0 멤버십 포인트 적립 | 제휴카드혜택 LGE.COM 플러스 서비스 최대 100만원 조건부 할인+ 10% 캐시백 | 결제일 할인 신용카드 7% 결제일 할인 (신한/현대/국민/롯데) | 무이자 카드사별 무이자 할부 혜택 | 간편결제 네이버페이 7% 포인트 적립(최대 10만원) 토스페이 1% 포인트 적립 (최대 2만원),,,4.8,"['https://www.lge.co.kr/kr/images/vacuum-cleaners/md09996826/gallery/small-interior01.jpg', 'https://www.lge.co.kr/kr/images/vacuum-cleaners/md09996826/gallery/small01.jpg', 'https://www.lge.co.kr/kr/images/vacuum-cleaners/md09996826/gallery/small02.jpg']",,,285 x 305 x 445,6.0,,,,,,,,,,,,"1,100",,,,,,,,,,,,,,,,,,,,,,,,,,,,,,,,,,,KC 인증 필 유무,공정거래위원회(소비자24)제공 인증정보 조회,KCC-REM-LGE-VK8913LHA,,3등급,,2023-04,LG전자(주),베트남,LG전자(주),결함·하자 등에 따른 소비자피해에 대해서는 소비자분쟁해결기준(소비자기본법 제 16조)에 따라 보상 가능,LG전자서비스센터 / 1544-7777,,,220V / 60Hz,,,,,,,,,,1.2,,,,,,,,,,,,,,,,,,,카밍 베이지,트윈 싸이클론,고성능 필터,O,"1,210",6,8,O,최강 / 강 / 증 / 약,HM07125-17016,,,,,,,,,,,,,,,,,,,,,,,,,,,,,,,,,,,,,,,,,,,,,,,,,,,,,,,,,,,,,
청소기,https://www.lge.co.kr/vacuum-cleaners/c33fnt,LG CYKING 청소기흡입 전용3등급,C33FNT,판매중,"189,000원","143,000원","143,000원",포인트 최대 0 멤버십 포인트 적립 | 제휴카드혜택 LGE.COM 플러스 서비스 최대 100만원 조건부 할인+ 10% 캐시백 | 결제일 할인 신용카드 7% 결제일 할인 (신한/현대/국민/롯데) | 무이자 카드사별 무이자 할부 혜택 | 간편결제 네이버페이 7% 포인트 적립(최대 10만원) 토스페이 1% 포인트 적립 (최대 2만원),,,4.8,"['https://www.lge.co.kr/kr/images/vacuum-cleaners/md10014830/gallery/small-interior01.jpg', 'https://www.lge.co.kr/kr/images/vacuum-cleaners/md10014830/gallery/small01.jpg', 'https://www.lge.co.kr/kr/images/vacuum-cleaners/md10014830/gallery/small02.jpg']",,,270 x 234 x 400,4.4,,,,,,,,,,,,"1,050",,,,,,,,,,,,,,,,,,,,,,,,,,,,,,,,,,,KC 인증 필 유무,공정거래위원회(소비자24)제공 인증정보 조회,R-R-LGE-C33NT,,3등급,,2023-04,LG전자(주),베트남,LG전자(주),결함·하자 등에 따른 소비자피해에 대해서는 소비자분쟁해결기준(소비자기본법 제 16조)에 따라 보상 가능,LG전자서비스센터 / 1544-7777,,,220V / 60Hz,,,,,,,,,,1.1,,,,,,,,,,,,,,,,,,,샤이닝 실버,,1종 필터,O,"1,200",5,7,,,,,,,,,,,,,,,,,,,,,,,,,,,,,,,,,,,,,,,,,,,,,,,,,,,,,,,,,,,,,,,,
청소기,https://www.lge.co.kr/vacuum-cleaners/mo972wa,LG 코드제로 오브제컬렉션 M9물걸레 전용,MO972WA,판매중,"770,000원","640,000원","567,300원",포인트 최대 0 멤버십 포인트 적립 | 제휴카드혜택 LGE.COM 플러스 서비스 최대 100만원 조건부 할인+ 10% 캐시백 | 결제일 할인 신용카드 7% 결제일 할인 (신한/현대/국민/롯데) | 무이자 카드사별 무이자 할부 혜택 | 간편결제 네이버페이 7% 포인트 적립(최대 10만원) 토스페이 1% 포인트 적립 (최대 2만원),"월 28,900 원","월 2,900원",4.9,"['https://www.lge.co.kr/kr/images/vacuum-cleaners/md09946834/gallery/small-interior01.jpg', 'https://www.lge.co.kr/kr/images/vacuum-cleaners/md09946834/gallery/small01.jpg', 'https://www.lge.co.kr/kr/images/vacuum-cleaners/md09946834/gallery/small02.jpg', 'https://www.lge.co.kr/kr/images/vacuum-cleaners/md09946834/gallery/small03.jpg', 'https://www.lge.co.kr/kr/images/vacuum-cleaners/md09946834/gallery/small04.jpg', 'https://www.lge.co.kr/kr/images/vacuum-cleaners/md09946834/gallery/small05.jpg', 'https://www.lge.co.kr/kr/images/vacuum-cleaners/md09946834/gallery/small06.jpg', 'https://www.lge.co.kr/kr/images/vacuum-cleaners/md09946834/gallery/small07.jpg', 'https://www.lge.co.kr/kr/images/vacuum-cleaners/md09946834/gallery/small08.jpg', 'https://www.lge.co.kr/kr/images/vacuum-cleaners/md09946834/gallery/small09.jpg', 'https://www.lge.co.kr/kr/images/vacuum-cleaners/md09946834/gallery/small10.jpg', 'https://www.lge.co.kr/kr/images/vacuum-cleaners/md09946834/gallery/small11.jpg', 'https://www.lge.co.kr/kr/images/vacuum-cleaners/md09946834/gallery/small12.jpg', 'https://www.lge.co.kr/kr/images/vacuum-cleaners/md09946834/gallery/small13.jpg', 'https://www.lge.co.kr/kr/images/vacuum-cleaners/md09946834/gallery/small14.jpg', 'https://www.lge.co.kr/kr/images/vacuum-cleaners/md09946834/gallery/small15.jpg']",,,280 x 280 x 89,2.0,,,,,,,,,,,,,,,,,,,,,,,,1 (내장형),,,,,,,리튬이온,,,,,,,,,,,,,O,,,KC 인증 필 유무,공정거래위원회(소비자24)제공 인증정보 조회,R-R-LGE-M9VCSE,R-R-LGE-LCWB-002,해당없음,14.4,2023-03,신성델타테크(주),한국,LG전자(주),결함·하자 등에 따른 소비자피해에 대해서는 소비자분쟁해결기준(소비자기본법 제 16조)에 따라 보상 가능,,HU071769-15001,R-R-LGE-M97C,,,,,,O,,O,,,,,,,O,,,,,,O,180,,,O,O,O,O,,카밍 베이지,,,,,,,,,YU10148-21007,O,O,O,0.3,12.5,15.0,O,O,O,O,O,100,O,O,O,Wi-Fi,,,,,,,,,,,,,,,,,,,,,,,,,,,,,,,,,,,,,,,,,,,,,
청소기,https://www.lge.co.kr/vacuum-cleaners/c40rf,LG 싸이킹 청소기흡입 전용3등급,C40RF,판매중,"210,000원","209,000원","209,000원",포인트 최대 0 멤버십 포인트 적립 | 제휴카드혜택 LGE.COM 플러스 서비스 최대 100만원 조건부 할인+ 10% 캐시백 | 결제일 할인 신용카드 7% 결제일 할인 (신한/현대/국민/롯데) | 무이자 카드사별 무이자 할부 혜택 | 간편결제 네이버페이 7% 포인트 적립(최대 10만원) 토스페이 1% 포인트 적립 (최대 2만원),,,4.9,"['https://www.lge.co.kr/kr/images/vacuum-cleaners/md10196829/gallery/small-interior01.jpg', 'https://www.lge.co.kr/kr/images/vacuum-cleaners/md10196829/gallery/small01.jpg', 'https://www.lge.co.kr/kr/images/vacuum-cleaners/md10196829/gallery/small02.jpg', 'https://www.lge.co.kr/kr/images/vacuum-cleaners/md10196829/gallery/small03.jpg', 'https://www.lge.co.kr/kr/images/vacuum-cleaners/md10196829/gallery/small04.jpg', 'https://www.lge.co.kr/kr/images/vacuum-cleaners/md10196829/gallery/small05.jpg']",,,260 x 266 x 352,4.3,,,,,,,,,,,,,,,,,,,,,,,,,,,,,,,,,,,,,,,,,,,,,,,KC 인증 필 유 - 로고 및 관련 내용을 확인 할 수 있습니다.MSIP-REM-LGE-VC40XX (전자파 적합등록)HM07125-17017 (전기용품 안전확인),공정거래위원회(소비자24)제공 인증정보 조회,MSIP-REM-LGE-VC40XX,,3등급,,2017년 10월,LG전자(주),베트남,,결함·하자 등에 따른 소비자피해에 대해서는 소비자분쟁해결기준(소비자기본법 제 16조)에 따라 보상 가능,LG전자서비스센터 / 1544-7777,,,220V / 60Hz,,,,,,,,,,,,,,,,,,,,,,,,,,,,,이탈리안 레드(펄),,,,,,,,,,,,,,,,,,,,,,,,,,터보 싸이클론,배기 필터,가구보호,"칼형, 솔형 / 소파청소 흡입구",초간편 먼지통,HM07125-17017,"1,200","1,050",,,,,,,,,,,,,,,,,,,,,,,,,,,,,,,,,,,,,
청소기,https://www.lge.co.kr/vacuum-cleaners/k83igy,LG CYKING K8흡입 전용3등급,K83IGY,판매중,"329,000원","213,000원","213,000원",포인트 최대 0 멤버십 포인트 적립 | 제휴카드혜택 LGE.COM 플러스 서비스 최대 100만원 조건부 할인+ 10% 캐시백 | 결제일 할인 신용카드 7% 결제일 할인 (신한/현대/국민/롯데) | 무이자 카드사별 무이자 할부 혜택 | 간편결제 네이버페이 7% 포인트 적립(최대 10만원) 토스페이 1% 포인트 적립 (최대 2만원),,,4.9,"['https://www.lge.co.kr/kr/images/vacuum-cleaners/md08046024/gallery/small-interior01.jpg', 'https://www.lge.co.kr/kr/images/vacuum-cleaners/md08046024/gallery/small01.jpg', 'https://www.lge.co.kr/kr/images/vacuum-cleaners/md08046024/gallery/small02.jpg']",,,285 x 305 x 445,6.0,,,,,,,,,,,,"1,100",,,,,,,,,,,,,,,,,,,,,,,,,,,,,,,,,,,KC 인증 필 유무,공정거래위원회(소비자24)제공 인증정보 조회,KCC-REM-LGE-VK8913LHA,,3등급,,2020-11,LG전자(주),베트남,LG전자(주),결함·하자 등에 따른 소비자피해에 대해서는 소비자분쟁해결기준(소비자기본법 제 16조)에 따라 보상 가능,LG전자서비스센터 / 1544-7777,,,220V / 60Hz,,,,,,,,,,1.2,,,,,,,,,,,,,,,,,,,아이언 그레이,트윈 싸이클론,고성능 필터,O,"1,210",6,8,O,최강 / 강 / 증 / 약,HM07125-17016,,,,,,,,,,,,,,,,,,,,,,,,,,,,,,,,,,,,,,,,,,,,,,,,,,,,,,,,,,,,,
청소기,https://www.lge.co.kr/vacuum-cleaners/c40sgy,LG CYKING POWER흡입 전용3등급,C40SGY,판매중,"229,000원","156,000원","156,000원",포인트 최대 0 멤버십 포인트 적립 | 제휴카드혜택 LGE.COM 플러스 서비스 최대 100만원 조건부 할인+ 10% 캐시백 | 결제일 할인 신용카드 7% 결제일 할인 (신한/현대/국민/롯데) | 무이자 카드사별 무이자 할부 혜택 | 간편결제 네이버페이 7% 포인트 적립(최대 10만원) 토스페이 1% 포인트 적립 (최대 2만원),,,4.9,"['https://www.lge.co.kr/kr/images/vacuum-cleaners/md08745434/gallery/small-interior01.jpg', 'https://www.lge.co.kr/kr/images/vacuum-cleaners/md08745434/gallery/small01.jpg']",,,,,,,,,,,,,,,,,,,,,,,,,,,,,,,,,,,,,,,,,,,,,,,,,,,KC 인증 필 유 - 로고 및 관련 내용을 확인 할 수 있습니다.MSIP-REM-LGE-VC40XX (전자파 적합등록)HM07125-17017 (전기용품 안전확인),공정거래위원회(소비자24)제공 인증정보 조회,,,3등급,,2016-11,LG전자(주),베트남,,결함·하자 등에 따른 소비자피해에 대해서는 소비자분쟁해결기준(소비자기본법 제 16조)에 따라 보상 가능,LG전자서비스센터 / 1544-7777,,,,,,,,,,,,,,,,,,,,,,,,,,,,,,,,샤이니 실버,,,,,,,,,,,,,,,,,,,,,,,,,,터보 싸이클론,배기 필터,코너팍팍 흡입구,"침구팍팍 / 칼형,솔형 / 현관 흡입구",초간편 먼지통,,,,"1,050 W",260 × 352 × 266 mm,,,,,,,,,,,,,,,,,,,,,,,,,,,,,,,,,,,
청소기,https://www.lge.co.kr/vacuum-cleaners/c40sfht,LG CYKING POWER흡입 전용3등급,C40SFHT,판매중,"209,000원","148,000원","148,000원",포인트 최대 0 멤버십 포인트 적립 | 제휴카드혜택 LGE.COM 플러스 서비스 최대 100만원 조건부 할인+ 10% 캐시백 | 결제일 할인 신용카드 7% 결제일 할인 (신한/현대/국민/롯데) | 무이자 카드사별 무이자 할부 혜택 | 간편결제 네이버페이 7% 포인트 적립(최대 10만원) 토스페이 1% 포인트 적립 (최대 2만원),,,4.9,"['https://www.lge.co.kr/kr/images/vacuum-cleaners/md08751581/gallery/small-interior01.jpg', 'https://www.lge.co.kr/kr/images/vacuum-cleaners/md08751581/gallery/small01.jpg']",,,260 x 266 x 352,4.3,,,,,,,,,,,,,,,,,,,,,,,,,,,,,,,,,,,,,,,,,,,,,,,KC 인증 필 유 - 로고 및 관련 내용을 확인 할 수 있습니다.MSIP-REM-LGE-VC40XX (전자파 적합등록)HM07125-17017 (전기용품 안전확인),공정거래위원회(소비자24)제공 인증정보 조회,,,3등급,,2018-06,LG전자(주),베트남,,결함·하자 등에 따른 소비자피해에 대해서는 소비자분쟁해결기준(소비자기본법 제 16조)에 따라 보상 가능,LG전자서비스센터 / 1544-7777,,,220V / 60Hz,,,,,,,,,,,,,,,,,,,,,,,,,,,,,스파클실버,,,,,,,,,,,,,,,,,,,,,,,,,,터보 싸이클론,배기필터,가구보호,칼형 / 솔형 / 소파 청소,초간편 먼지통,,,,"1,050 W",,,,,,,,,,,,,,,,,,,,,,,,,,,,,,,,,,,,
청소기,https://www.lge.co.kr/vacuum-cleaners/vp8000s,LG 업소용 청소기흡입 전용,VP8000S,판매중,"276,000원","249,000원","249,000원",포인트 최대 0 멤버십 포인트 적립 | 제휴카드혜택 LGE.COM 플러스 서비스 최대 100만원 조건부 할인+ 10% 캐시백 | 결제일 할인 신용카드 7% 결제일 할인 (신한/현대/국민/롯데) | 무이자 카드사별 무이자 할부 혜택 | 간편결제 네이버페이 7% 포인트 적립(최대 10만원) 토스페이 1% 포인트 적립 (최대 2만원),,,5.0,"['https://www.lge.co.kr/kr/images/vacuum-cleaners/md09092829/gallery/small-interior01.jpg', 'https://www.lge.co.kr/kr/images/vacuum-cleaners/md09092829/gallery/small01.jpg']",,,,,,,,,,,,,,,,,,,,,,,,,,,,,,,,,,,,,,,,,,,,,,,,,,,KC 인증 필 유 - 로고 및 관련 내용을 확인 할 수 있습니다.MSIP-REM-LGE-VP7330NNT (전자파 적합등록)SU07187-14001 (전기용품 안전확인),공정거래위원회(소비자24)제공 인증정보 조회,,,해당 없음,,2022년 02월,"Foshan shunde Augewei Electric Appliances Co., Ltd. (LG전자(주))",중국,,결함·하자 등에 따른 소비자피해에 대해서는 소비자분쟁해결기준(소비자기본법 제 16조)에 따라 보상 가능,LG전자서비스센터 / 1544-7777,,,,,,,,,,,,,,,,,,,,,,,,,,,,,,,,,,,,,,,,,,,,,,,,,,,,,,,,,,,,마루/카펫 전환,2종 (칼형/솔형 흡입구),,,,,1200 W,345 x 382 x 595mm,17 L,9 M,스틸 파이프,O,O,O,,,,,,,,,,,,,,,,,,,,,,,,,,,,,
청소기,https://www.lge.co.kr/vacuum-cleaners/as520wa,LG 코드제로 A5흡입 전용,AS520WA,판매중,"650,000원","399,000원","399,000원",포인트 최대 0 멤버십 포인트 적립 | 제휴카드혜택 LGE.COM 플러스 서비스 최대 100만원 조건부 할인+ 10% 캐시백 | 결제일 할인 신용카드 7% 결제일 할인 (신한/현대/국민/롯데) | 무이자 카드사별 무이자 할부 혜택 | 간편결제 네이버페이 7% 포인트 적립(최대 10만원) 토스페이 1% 포인트 적립 (최대 2만원),,,4.9,"['https://www.lge.co.kr/kr/images/vacuum-cleaners/md10555907/gallery/small-interior01.jpg', 'https://www.lge.co.kr/kr/images/vacuum-cleaners/md10555907/gallery/small01.jpg', 'https://www.lge.co.kr/kr/images/vacuum-cleaners/md10555907/gallery/small02.jpg', 'https://www.lge.co.kr/kr/images/vacuum-cleaners/md10555907/gallery/small03.jpg', 'https://www.lge.co.kr/kr/images/vacuum-cleaners/md10555907/gallery/small04.jpg', 'https://www.lge.co.kr/kr/images/vacuum-cleaners/md10555907/gallery/small05.jpg', 'https://www.lge.co.kr/kr/images/vacuum-cleaners/md10555907/gallery/small06.jpg']",,카밍 베이지,"251 x 1,026 x 242",1.97,,O,,무선청소기,,O,,,,,150,250,450,,,,,,O,O,,,,1 (싱글),40,20,7,30,15,6,리튬이온,240,,,,,,,,,,,,,,,KC 인증 필 유무,공정거래위원회(소비자24)제공 인증정보 조회,R-R-8sT-S3AXX,,해당없음,18.5,2025-02,Suntone,중국,LG전자(주),결함·하자 등에 따른 소비자피해에 대해서는 소비자분쟁해결기준(소비자기본법 제 16조)에 따라 보상 가능,LG전자서비스센터 / 1544-7777,,,,,O,,O,,,,,,,,,,,,,,,,,,,,,,,,,,,,,,,,,,,,,,,,,,,,,,,,,,,,,,,,,,,,,,,,,,,,,,,,,,,,,,,,,,,,,,,,,,,,,,,
청소기,https://www.lge.co.kr/vacuum-cleaners/as527wa,LG 코드제로 A5흡입+물걸레,AS527WA,판매중,"751,000원","750,000원","669,600원",포인트 최대 0 멤버십 포인트 적립 | 제휴카드혜택 LGE.COM 플러스 서비스 최대 100만원 조건부 할인+ 10% 캐시백 | 결제일 할인 신용카드 7% 결제일 할인 (신한/현대/국민/롯데) | 무이자 카드사별 무이자 할부 혜택 | 간편결제 네이버페이 7% 포인트 적립(최대 10만원) 토스페이 1% 포인트 적립 (최대 2만원),"월 21,400 원",월 0원,5.0,"['https://www.lge.co.kr/kr/images/vacuum-cleaners/md10572834/gallery/small-interior01.jpg', 'https://www.lge.co.kr/kr/images/vacuum-cleaners/md10572834/gallery/small01.jpg', 'https://www.lge.co.kr/kr/images/vacuum-cleaners/md10572834/gallery/small02.jpg', 'https://www.lge.co.kr/kr/images/vacuum-cleaners/md10572834/gallery/small03.jpg', 'https://www.lge.co.kr/kr/images/vacuum-cleaners/md10572834/gallery/small04.jpg', 'https://www.lge.co.kr/kr/images/vacuum-cleaners/md10572834/gallery/small05.jpg', 'https://www.lge.co.kr/kr/images/vacuum-cleaners/md10572834/gallery/small06.jpg']",,카밍 베이지,"251 x 1,026 x 242",1.97,,O,,무선청소기,,O,,,,,150,250,450,,,,,,O,O,,,,1 (싱글),40,20,7,30,15,6,리튬이온,240,,,,,,,,,,,,,,,KC 인증 필 유무,공정거래위원회(소비자24)제공 인증정보 조회,R-R-8sT-S3AXX,,해당없음,18.5,2025-04,Suntone,중국,LG전자(주),결함·하자 등에 따른 소비자피해에 대해서는 소비자분쟁해결기준(소비자기본법 제 16조)에 따라 보상 가능,LG전자서비스센터 / 1544-7777,,,,,O,O,O,,,,,,,,,,,,,,,,,,,,,,,,,,,,,,,,,,,,,,,,,,,,,,,,,,,,,,,,,,,,,,,,,,,,,,,,,,,,,,,,,,,,,,,,,,,,,,,
청소기,https://www.lge.co.kr/vacuum-cleaners/b95awbh-1,LG 코드제로 AI 오브제컬렉션 로보킹 올인원 (프리스탠딩)흡입+물걸레,B95AWBH,판매중,"1,990,000원","1,940,000원","1,711,200원",포인트 최대 0 멤버십 포인트 적립 | 제휴카드혜택 LGE.COM 플러스 서비스 최대 100만원 조건부 할인+ 10% 캐시백 | 결제일 할인 신용카드 7% 결제일 할인 (신한/현대/국민/롯데) | 무이자 카드사별 무이자 할부 혜택 | 간편결제 네이버페이 7% 포인트 적립(최대 10만원) 토스페이 1% 포인트 적립 (최대 2만원),"월 50,400 원","월 24,400원",4.9,"['https://www.lge.co.kr/kr/images/vacuum-cleaners/md10436831/gallery/small-interior01.jpg', 'https://www.lge.co.kr/kr/images/vacuum-cleaners/md10436831/gallery/small01.jpg', 'https://www.lge.co.kr/kr/images/vacuum-cleaners/md10436831/gallery/small02.jpg', 'https://www.lge.co.kr/kr/images/vacuum-cleaners/md10436831/gallery/small03.jpg', 'https://www.lge.co.kr/kr/images/vacuum-cleaners/md10436831/gallery/small04.jpg', 'https://www.lge.co.kr/kr/images/vacuum-cleaners/md10436831/gallery/small05.jpg', 'https://www.lge.co.kr/kr/images/vacuum-cleaners/md10436831/gallery/small06.jpg', 'https://www.lge.co.kr/kr/images/vacuum-cleaners/md10436831/gallery/small07.jpg', 'https://www.lge.co.kr/kr/images/vacuum-cleaners/md10436831/gallery/small08.jpg', 'https://www.lge.co.kr/kr/images/vacuum-cleaners/md10436831/gallery/small09.jpg', 'https://www.lge.co.kr/kr/images/vacuum-cleaners/md10436831/gallery/small10.jpg', 'https://www.lge.co.kr/kr/images/vacuum-cleaners/md10436831/gallery/small11.jpg']",카밍 베이지,카밍 베이지,411 x 497 x 441,10.8,,,,,,,O,,O,,,,,950,1.0,,15,2.5,,,,,,1 (내장형),,,,,,,리튬이온,,,,,,,,,,,,,,,,KC 인증 필 유무,공정거래위원회(소비자24)제공 인증정보 조회,R-R-LGE-I9VCW,R-R-HCK-HC03RFM-1,해당없음,14.4,2025-06,"SHENZHEN SILVER STAR INTELLIGENT GROUP CO., LTD.",중국,,결함·하자 등에 따른 소비자피해에 대해서는 소비자분쟁해결기준(소비자기본법 제 16조)에 따라 보상 가능,LG전자서비스센터 / 1544-7777,HU073486-24001,R-R-LGE-I9STW,220-240V~ 50/60Hz,,,,,O,O,O,O,O,0.27,80,,O,O,약 / 중 / 강 / 터보,O,O,O,O,O,300,,,O,O,O,O,,,,,,,,,,,,,,,,,,,,,,,,,,,,,,,,,,,,,,,,,,,,O,X,O,O,9,180,"10,000",3.0,2.5,O,O,110,40,,,,,,,,,,,,,,,,
청소기,https://www.lge.co.kr/vacuum-cleaners/as720wa,LG 코드제로 오브제컬렉션 A7 Core흡입 전용,AS720WA,판매중,"700,000원","550,000원","483,600원",포인트 최대 0 멤버십 포인트 적립 | 제휴카드혜택 LGE.COM 플러스 서비스 최대 100만원 조건부 할인+ 10% 캐시백 | 결제일 할인 신용카드 7% 결제일 할인 (신한/현대/국민/롯데) | 무이자 카드사별 무이자 할부 혜택 | 간편결제 네이버페이 7% 포인트 적립(최대 10만원) 토스페이 1% 포인트 적립 (최대 2만원),,,4.8,"['https://www.lge.co.kr/kr/images/vacuum-cleaners/md10536827/gallery/small-interior01.jpg', 'https://www.lge.co.kr/kr/images/vacuum-cleaners/md10536827/gallery/small01.jpg', 'https://www.lge.co.kr/kr/images/vacuum-cleaners/md10536827/gallery/small02.jpg', 'https://www.lge.co.kr/kr/images/vacuum-cleaners/md10536827/gallery/small03.jpg', 'https://www.lge.co.kr/kr/images/vacuum-cleaners/md10536827/gallery/small04.jpg', 'https://www.lge.co.kr/kr/images/vacuum-cleaners/md10536827/gallery/small05.jpg', 'https://www.lge.co.kr/kr/images/vacuum-cleaners/md10536827/gallery/small06.jpg', 'https://www.lge.co.kr/kr/images/vacuum-cleaners/md10536827/gallery/small07.jpg', 'https://www.lge.co.kr/kr/images/vacuum-cleaners/md10536827/gallery/small08.jpg']",,카밍 베이지,"250 x 1,120 x 260",2.47,,O,,무선청소기,O,O,,,,,220,350,650,,,,,,O,O,,,,1 (싱글),60,30,7,40,20,6,리튬이온,240,,,,,,,,,,,,,,,KC 인증 필 유무,공정거래위원회(소비자24)제공 인증정보 조회,R-R-8sT-S9AXL,,해당없음,25.2,2025-03,Suntone,중국,LG전자(주),결함·하자 등에 따른 소비자피해에 대해서는 소비자분쟁해결기준(소비자기본법 제 16조)에 따라 보상 가능,LG전자서비스센터 / 1544-7777,,,,,O,,,,,,,,,,,,,,,,,,,,,,,,,,,,,,,,,,,,,,,,,,,,,,,,,,,,,,,,,,,,,,,,,,,,,,,,,,,,,,,,,,,,,,,,,,,,,,,,,
청소기,https://www.lge.co.kr/vacuum-cleaners/as520ha,LG 코드제로 A5흡입 전용,AS520HA,판매중,"650,000원","500,000원","470,000원",포인트 최대 0 멤버십 포인트 적립 | 제휴카드혜택 LGE.COM 플러스 서비스 최대 100만원 조건부 할인+ 10% 캐시백 | 결제일 할인 신용카드 7% 결제일 할인 (신한/현대/국민/롯데) | 무이자 카드사별 무이자 할부 혜택 | 간편결제 네이버페이 7% 포인트 적립(최대 10만원) 토스페이 1% 포인트 적립 (최대 2만원),"월 19,900 원",월 0원,4.9,"['https://www.lge.co.kr/kr/images/vacuum-cleaners/md10555910/gallery/small-interior01.jpg', 'https://www.lge.co.kr/kr/images/vacuum-cleaners/md10555910/gallery/small01.jpg', 'https://www.lge.co.kr/kr/images/vacuum-cleaners/md10555910/gallery/small02.jpg', 'https://www.lge.co.kr/kr/images/vacuum-cleaners/md10555910/gallery/small03.jpg', 'https://www.lge.co.kr/kr/images/vacuum-cleaners/md10555910/gallery/small04.jpg', 'https://www.lge.co.kr/kr/images/vacuum-cleaners/md10555910/gallery/small05.jpg', 'https://www.lge.co.kr/kr/images/vacuum-cleaners/md10555910/gallery/small06.jpg']",,에센스 화이트,"251 x 1,026 x 242",1.97,,O,,무선청소기,,O,,,,,150,250,450,,,,,,O,O,,,,1 (싱글),40,20,7,30,15,6,리튬이온,240,,,,,,,,,,,,,,,KC 인증 필 유무,공정거래위원회(소비자24)제공 인증정보 조회,R-R-8sT-S3AXX,,해당없음,18.5,2025-02,Suntone,중국,LG전자(주),결함·하자 등에 따른 소비자피해에 대해서는 소비자분쟁해결기준(소비자기본법 제 16조)에 따라 보상 가능,LG전자서비스센터 / 1544-7777,,,,,O,,O,,,,,,,,,,,,,,,,,,,,,,,,,,,,,,,,,,,,,,,,,,,,,,,,,,,,,,,,,,,,,,,,,,,,,,,,,,,,,,,,,,,,,,,,,,,,,,,
청소기,https://www.lge.co.kr/vacuum-cleaners/ro585hgh,LG 코드제로 오브제컬렉션 R5흡입+물걸레,RO585HGH,판매중,"901,000원","900,000원","809,100원",포인트 최대 0 멤버십 포인트 적립 | 제휴카드혜택 LGE.COM 플러스 서비스 최대 100만원 조건부 할인+ 10% 캐시백 | 결제일 할인 신용카드 7% 결제일 할인 (신한/현대/국민/롯데) | 무이자 카드사별 무이자 할부 혜택 | 간편결제 네이버페이 7% 포인트 적립(최대 10만원) 토스페이 1% 포인트 적립 (최대 2만원),,,5.0,"['https://www.lge.co.kr/kr/images/vacuum-cleaners/md10555829/gallery/small-interior01.jpg', 'https://www.lge.co.kr/kr/images/vacuum-cleaners/md10249827/gallery/small01.jpg', 'https://www.lge.co.kr/kr/images/vacuum-cleaners/md10249827/gallery/small02.jpg', 'https://www.lge.co.kr/kr/images/vacuum-cleaners/md10249827/gallery/small03.jpg', 'https://www.lge.co.kr/kr/images/vacuum-cleaners/md10249827/gallery/small04.jpg', 'https://www.lge.co.kr/kr/images/vacuum-cleaners/md10249827/gallery/small05.jpg', 'https://www.lge.co.kr/kr/images/vacuum-cleaners/md10249827/gallery/small06.jpg', 'https://www.lge.co.kr/kr/images/vacuum-cleaners/md10249827/gallery/small07.jpg', 'https://www.lge.co.kr/kr/images/vacuum-cleaners/md10249827/gallery/small08.jpg', 'https://www.lge.co.kr/kr/images/vacuum-cleaners/md10249827/gallery/small09.jpg', 'https://www.lge.co.kr/kr/images/vacuum-cleaners/md10249827/gallery/small10.jpg', 'https://www.lge.co.kr/kr/images/vacuum-cleaners/md10249827/gallery/small11.jpg']",에센스 화이트,에센스 화이트,202 x 480 x 233,5.4,,,,,,,,,O,O,,,,"1,450",1.45,,300,2.0,,,,,,1 (내장형),,,,,,,리튬이온,,,,,,,,,,,,,,,,KC 인증 필 유무,공정거래위원회(소비자24)제공 인증정보 조회,R-R-LGE-R5VCW,R-R-LGE-LCWB-002,해당없음,14.4,2025-01,신성델타테크(주),한국,,결함·하자 등에 따른 소비자피해에 대해서는 소비자분쟁해결기준(소비자기본법 제 16조)에 따라 보상 가능,LG전자서비스센터 / 1544-7777,HM07125-22165B,R-R-LGE-TRB5,220V / 60Hz,,,,,O,O,O,O,O,0.4,30,O,O,O,약 / 중 / 강 / 터보,O,O,O,O,O,300,140,60,O,O,O,O,,,,,,,,,,,,,,,,,,,,,,,,,,,,,,,,,,,,,,,,,,,,,,,,,,,,,,,,,,,,,,,,,,,,,,,,
청소기,https://www.lge.co.kr/vacuum-cleaners/r9300wb,LG 코드제로 오브제컬렉션 R9흡입 전용,R9300WB,판매중,"1,400,000원","1,190,000원","1,078,800원",포인트 최대 0 멤버십 포인트 적립 | 제휴카드혜택 LGE.COM 플러스 서비스 최대 100만원 조건부 할인+ 10% 캐시백 | 결제일 할인 신용카드 7% 결제일 할인 (신한/현대/국민/롯데) | 무이자 카드사별 무이자 할부 혜택 | 간편결제 네이버페이 7% 포인트 적립(최대 10만원) 토스페이 1% 포인트 적립 (최대 2만원),,,5.0,"['https://www.lge.co.kr/kr/images/vacuum-cleaners/md10555830/gallery/small-interior01.jpg', 'https://www.lge.co.kr/kr/images/vacuum-cleaners/md10555830/gallery/small01.jpg', 'https://www.lge.co.kr/kr/images/vacuum-cleaners/md10555830/gallery/small02.jpg', 'https://www.lge.co.kr/kr/images/vacuum-cleaners/md10555830/gallery/small03.jpg', 'https://www.lge.co.kr/kr/images/vacuum-cleaners/md10555830/gallery/small04.jpg', 'https://www.lge.co.kr/kr/images/vacuum-cleaners/md10555830/gallery/small05.jpg', 'https://www.lge.co.kr/kr/images/vacuum-cleaners/md10555830/gallery/small06.jpg', 'https://www.lge.co.kr/kr/images/vacuum-cleaners/md10555830/gallery/small07.jpg', 'https://www.lge.co.kr/kr/images/vacuum-cleaners/md10555830/gallery/small08.jpg', 'https://www.lge.co.kr/kr/images/vacuum-cleaners/md10555830/gallery/small09.jpg']",카밍 베이지,카밍 베이지,235 x 498 x 432,5.7,,O,,,,,O,,O,O,,,,"1,450",1.45,,14,2.0,,,,,,1 (내장형),,,,,,,리튬이온,,,,,,,,,,,,,O,,,KC 인증 필 유무,공정거래위원회(소비자24)제공 인증정보 조회,R-R-LGE-R9OB,MSIP-CRM-LGE-LCW-006,해당없음,21.6,2025-01,신성델타테크(주),한국,,결함·하자 등에 따른 소비자피해에 대해서는 소비자분쟁해결기준(소비자기본법 제 16조)에 따라 보상 가능,LG전자서비스센터 / 1544-7777,,,220V / 60Hz,,,,,,O,O,,,0.6,70,O,O,O,,O,O,O,,O,240,,,O,O,O,O,,,,,,,,,,,,O,,,,,,,O,O,O,O,,O,O,,,,,,,,,,,,,,,,,,,O,,,,,,,,,,O,90,60,O,O,200,350,45,O,O,,,,,,,,,
청소기,https://www.lge.co.kr/vacuum-cleaners/ai927wa-m,LG 코드제로 오브제컬렉션 M9 + LG 코드제로 AI 오브제컬렉션 A9,AI927WA-M,판매중,"2,101,000원","2,100,000원","1,841,400원",포인트 최대 0 멤버십 포인트 적립 | 제휴카드혜택 LGE.COM 플러스 서비스 최대 100만원 조건부 할인+ 10% 캐시백 | 결제일 할인 신용카드 7% 결제일 할인 (신한/현대/국민/롯데) | 무이자 카드사별 무이자 할부 혜택 | 간편결제 네이버페이 7% 포인트 적립(최대 10만원) 토스페이 1% 포인트 적립 (최대 2만원),,,,['https://www.lge.co.kr/kr/images/vacuum-cleaners/md10612835/gallery/small01.jpg'],,,280 x 280 x 89,2.0,,,,,,,,,,,,,,,,,,,,,,,,1 (내장형),,,,,,,리튬이온,,,,,,,,,,,,,O,,,KC 인증 필 유무,공정거래위원회(소비자24)제공 인증정보 조회,R-R-LGE-M9VCSE,R-R-LGE-LCWB-002,해당없음,14.4,2023-03,신성델타테크(주),한국,LG전자(주),결함·하자 등에 따른 소비자피해에 대해서는 소비자분쟁해결기준(소비자기본법 제 16조)에 따라 보상 가능,,HU071769-15001,R-R-LGE-M97C,,,,,,O,,O,,,,,,,O,,,,,,O,180,,,O,O,O,O,,카밍 베이지,,,,,,,,,YU10148-21007,O,O,O,0.3,12.5,15.0,O,O,O,O,O,100,O,O,O,Wi-Fi,,,,,,,,,,,,,,,,,,,,,,,,,,,,,,,,,,,,,,,,,,,,,
청소기,https://www.lge.co.kr/vacuum-cleaners/as520wa-r,LG 코드제로 오브제컬렉션 R5 + LG 코드제로 A5,AS520WA-R,판매중,"1,551,000원","1,550,000원","1,348,500원",포인트 최대 0 멤버십 포인트 적립 | 제휴카드혜택 LGE.COM 플러스 서비스 최대 100만원 조건부 할인+ 10% 캐시백 | 결제일 할인 신용카드 7% 결제일 할인 (신한/현대/국민/롯데) | 무이자 카드사별 무이자 할부 혜택 | 간편결제 네이버페이 7% 포인트 적립(최대 10만원) 토스페이 1% 포인트 적립 (최대 2만원),,,5.0,['https://www.lge.co.kr/kr/images/vacuum-cleaners/md10609839/gallery/small01.jpg'],카밍 베이지,카밍 베이지,202 x 480 x 233,5.4,,,,,,,,,O,O,,,,"1,450",1.45,,300,,,,,,,1 (내장형),,,,,,,리튬이온,,,,,,,,,,,,,,,,KC 인증 필 유무,공정거래위원회(소비자24)제공 인증정보 조회,R-R-LGE-R5VCW,R-C-LGE-LCWB-002EA,해당없음,14.4,2023-11,신성델타테크(주),한국,,결함·하자 등에 따른 소비자피해에 대해서는 소비자분쟁해결기준(소비자기본법 제 16조)에 따라 보상 가능,LG전자서비스센터 / 1544-7777,HM07125-22165,R-R-LGE-TRB5,220V / 60Hz,,,,,O,O,O,O,O,0.4,30,O,O,O,약 / 중 / 강 / 터보,O,O,O,O,O,300,140,60,O,O,O,O,,,,,,,,,,,,,,,,,,,,,,,,,,,,,,,,,,,,,,,,,,,,,,,,,,,,,,,,,,,,,,,,,,,,,,,,
청소기,https://www.lge.co.kr/vacuum-cleaners/as527wa-r,LG 코드제로 오브제컬렉션 R5 + LG 코드제로 A5,AS527WA-R,판매중,"1,651,000원","1,650,000원","1,441,500원",포인트 최대 0 멤버십 포인트 적립 | 제휴카드혜택 LGE.COM 플러스 서비스 최대 100만원 조건부 할인+ 10% 캐시백 | 결제일 할인 신용카드 7% 결제일 할인 (신한/현대/국민/롯데) | 무이자 카드사별 무이자 할부 혜택 | 간편결제 네이버페이 7% 포인트 적립(최대 10만원) 토스페이 1% 포인트 적립 (최대 2만원),,,5.0,['https://www.lge.co.kr/kr/images/vacuum-cleaners/md10609837/gallery/small01.jpg'],카밍 베이지,카밍 베이지,202 x 480 x 233,5.4,,,,,,,,,O,O,,,,"1,450",1.45,,300,,,,,,,1 (내장형),,,,,,,리튬이온,,,,,,,,,,,,,,,,KC 인증 필 유무,공정거래위원회(소비자24)제공 인증정보 조회,R-R-LGE-R5VCW,R-C-LGE-LCWB-002EA,해당없음,14.4,2023-11,신성델타테크(주),한국,,결함·하자 등에 따른 소비자피해에 대해서는 소비자분쟁해결기준(소비자기본법 제 16조)에 따라 보상 가능,LG전자서비스센터 / 1544-7777,HM07125-22165,R-R-LGE-TRB5,220V / 60Hz,,,,,O,O,O,O,O,0.4,30,O,O,O,약 / 중 / 강 / 터보,O,O,O,O,O,300,140,60,O,O,O,O,,,,,,,,,,,,,,,,,,,,,,,,,,,,,,,,,,,,,,,,,,,,,,,,,,,,,,,,,,,,,,,,,,,,,,,,
청소기,https://www.lge.co.kr/vacuum-cleaners/as527ha-r,LG 코드제로 오브제컬렉션 R5 + LG 코드제로 A5,AS527HA-R,판매중,"1,651,000원","1,650,000원","1,441,500원",포인트 최대 0 멤버십 포인트 적립 | 제휴카드혜택 LGE.COM 플러스 서비스 최대 100만원 조건부 할인+ 10% 캐시백 | 결제일 할인 신용카드 7% 결제일 할인 (신한/현대/국민/롯데) | 무이자 카드사별 무이자 할부 혜택 | 간편결제 네이버페이 7% 포인트 적립(최대 10만원) 토스페이 1% 포인트 적립 (최대 2만원),,,5.0,['https://www.lge.co.kr/kr/images/vacuum-cleaners/md10609838/gallery/small01.jpg'],카밍 베이지,카밍 베이지,202 x 480 x 233,5.4,,,,,,,,,O,O,,,,"1,450",1.45,,300,,,,,,,1 (내장형),,,,,,,리튬이온,,,,,,,,,,,,,,,,KC 인증 필 유무,공정거래위원회(소비자24)제공 인증정보 조회,R-R-LGE-R5VCW,R-C-LGE-LCWB-002EA,해당없음,14.4,2023-11,신성델타테크(주),한국,,결함·하자 등에 따른 소비자피해에 대해서는 소비자분쟁해결기준(소비자기본법 제 16조)에 따라 보상 가능,LG전자서비스센터 / 1544-7777,HM07125-22165,R-R-LGE-TRB5,220V / 60Hz,,,,,O,O,O,O,O,0.4,30,O,O,O,약 / 중 / 강 / 터보,O,O,O,O,O,300,140,60,O,O,O,O,,,,,,,,,,,,,,,,,,,,,,,,,,,,,,,,,,,,,,,,,,,,,,,,,,,,,,,,,,,,,,,,,,,,,,,,
청소기,https://www.lge.co.kr/vacuum-cleaners/as520ha-r,LG 코드제로 오브제컬렉션 R5 + LG 코드제로 A5,AS520HA-R,판매중,"1,551,000원","1,550,000원","1,348,500원",포인트 최대 0 멤버십 포인트 적립 | 제휴카드혜택 LGE.COM 플러스 서비스 최대 100만원 조건부 할인+ 10% 캐시백 | 결제일 할인 신용카드 7% 결제일 할인 (신한/현대/국민/롯데) | 무이자 카드사별 무이자 할부 혜택 | 간편결제 네이버페이 7% 포인트 적립(최대 10만원) 토스페이 1% 포인트 적립 (최대 2만원),,,,['https://www.lge.co.kr/kr/images/vacuum-cleaners/md10609840/gallery/small01.jpg'],카밍 베이지,카밍 베이지,202 x 480 x 233,5.4,,,,,,,,,O,O,,,,"1,450",1.45,,300,,,,,,,1 (내장형),,,,,,,리튬이온,,,,,,,,,,,,,,,,KC 인증 필 유무,공정거래위원회(소비자24)제공 인증정보 조회,R-R-LGE-R5VCW,R-C-LGE-LCWB-002EA,해당없음,14.4,2023-11,신성델타테크(주),한국,,결함·하자 등에 따른 소비자피해에 대해서는 소비자분쟁해결기준(소비자기본법 제 16조)에 따라 보상 가능,LG전자서비스센터 / 1544-7777,HM07125-22165,R-R-LGE-TRB5,220V / 60Hz,,,,,O,O,O,O,O,0.4,30,O,O,O,약 / 중 / 강 / 터보,O,O,O,O,O,300,140,60,O,O,O,O,,,,,,,,,,,,,,,,,,,,,,,,,,,,,,,,,,,,,,,,,,,,,,,,,,,,,,,,,,,,,,,,,,,,,,,,
청소기,https://www.lge.co.kr/vacuum-cleaners/a737wa-r,LG 코드제로 오브제컬렉션 R5 + LG 코드제로 A7 Core,A737WA-R,판매중,"2,031,000원","2,030,000원","1,776,300원",포인트 최대 0 멤버십 포인트 적립 | 제휴카드혜택 LGE.COM 플러스 서비스 최대 100만원 조건부 할인+ 10% 캐시백 | 결제일 할인 신용카드 7% 결제일 할인 (신한/현대/국민/롯데) | 무이자 카드사별 무이자 할부 혜택 | 간편결제 네이버페이 7% 포인트 적립(최대 10만원) 토스페이 1% 포인트 적립 (최대 2만원),,,5.0,['https://www.lge.co.kr/kr/images/vacuum-cleaners/md10611826/gallery/small01.jpg'],카밍 베이지,카밍 베이지,202 x 480 x 233,5.4,,,,,,,,,O,O,,,,"1,450",1.45,,300,,,,,,,1 (내장형),,,,,,,리튬이온,,,,,,,,,,,,,,,,KC 인증 필 유무,공정거래위원회(소비자24)제공 인증정보 조회,R-R-LGE-R5VCW,R-C-LGE-LCWB-002EA,해당없음,14.4,2023-11,신성델타테크(주),한국,,결함·하자 등에 따른 소비자피해에 대해서는 소비자분쟁해결기준(소비자기본법 제 16조)에 따라 보상 가능,LG전자서비스센터 / 1544-7777,HM07125-22165,R-R-LGE-TRB5,220V / 60Hz,,,,,O,O,O,O,O,0.4,30,O,O,O,약 / 중 / 강 / 터보,O,O,O,O,O,300,140,60,O,O,O,O,,,,,,,,,,,,,,,,,,,,,,,,,,,,,,,,,,,,,,,,,,,,,,,,,,,,,,,,,,,,,,,,,,,,,,,,
청소기,https://www.lge.co.kr/vacuum-cleaners/a737wa-m,LG 코드제로 오브제컬렉션 M9 + LG 코드제로 A7 Core,A737WA-M,판매중,"1,901,000원","1,900,000원","1,674,000원",포인트 최대 0 멤버십 포인트 적립 | 제휴카드혜택 LGE.COM 플러스 서비스 최대 100만원 조건부 할인+ 10% 캐시백 | 결제일 할인 신용카드 7% 결제일 할인 (신한/현대/국민/롯데) | 무이자 카드사별 무이자 할부 혜택 | 간편결제 네이버페이 7% 포인트 적립(최대 10만원) 토스페이 1% 포인트 적립 (최대 2만원),,,,['https://www.lge.co.kr/kr/images/vacuum-cleaners/md10611831/gallery/small01.jpg'],,,280 x 280 x 89,2.0,,,,,,,,,,,,,,,,,,,,,,,,1 (내장형),,,,,,,리튬이온,,,,,,,,,,,,,O,,,KC 인증 필 유무,공정거래위원회(소비자24)제공 인증정보 조회,R-R-LGE-M9VCSE,R-R-LGE-LCWB-002,해당없음,14.4,2023-03,신성델타테크(주),한국,LG전자(주),결함·하자 등에 따른 소비자피해에 대해서는 소비자분쟁해결기준(소비자기본법 제 16조)에 따라 보상 가능,,HU071769-15001,R-R-LGE-M97C,,,,,,O,,O,,,,,,,O,,,,,,O,180,,,O,O,O,O,,카밍 베이지,,,,,,,,,YU10148-21007,O,O,O,0.3,12.5,15.0,O,O,O,O,O,100,O,O,O,Wi-Fi,,,,,,,,,,,,,,,,,,,,,,,,,,,,,,,,,,,,,,,,,,,,,
청소기,https://www.lge.co.kr/vacuum-cleaners/a727wa-m,LG 코드제로 오브제컬렉션 M9 + LG 코드제로 A7 Core,A727WA-M,판매중,"1,821,000원","1,820,000원","1,599,600원",포인트 최대 0 멤버십 포인트 적립 | 제휴카드혜택 LGE.COM 플러스 서비스 최대 100만원 조건부 할인+ 10% 캐시백 | 결제일 할인 신용카드 7% 결제일 할인 (신한/현대/국민/롯데) | 무이자 카드사별 무이자 할부 혜택 | 간편결제 네이버페이 7% 포인트 적립(최대 10만원) 토스페이 1% 포인트 적립 (최대 2만원),,,,['https://www.lge.co.kr/kr/images/vacuum-cleaners/md10611832/gallery/small01.jpg'],,,280 x 280 x 89,2.0,,,,,,,,,,,,,,,,,,,,,,,,1 (내장형),,,,,,,리튬이온,,,,,,,,,,,,,O,,,KC 인증 필 유무,공정거래위원회(소비자24)제공 인증정보 조회,R-R-LGE-M9VCSE,R-R-LGE-LCWB-002,해당없음,14.4,2023-03,신성델타테크(주),한국,LG전자(주),결함·하자 등에 따른 소비자피해에 대해서는 소비자분쟁해결기준(소비자기본법 제 16조)에 따라 보상 가능,,HU071769-15001,R-R-LGE-M97C,,,,,,O,,O,,,,,,,O,,,,,,O,180,,,O,O,O,O,,카밍 베이지,,,,,,,,,YU10148-21007,O,O,O,0.3,12.5,15.0,O,O,O,O,O,100,O,O,O,Wi-Fi,,,,,,,,,,,,,,,,,,,,,,,,,,,,,,,,,,,,,,,,,,,,,
청소기,https://www.lge.co.kr/vacuum-cleaners/ai948ba-m,LG 코드제로 오브제컬렉션 M9 + LG 코드제로 AI 오브제컬렉션 A9,AI948BA-M,판매중,"2,381,000원",,"2,261,000원",포인트 최대 0 멤버십 포인트 적립 | 제휴카드혜택 LGE.COM 플러스 서비스 최대 100만원 조건부 할인+ 10% 캐시백 | 결제일 할인 신용카드 7% 결제일 할인 (신한/현대/국민/롯데) | 무이자 카드사별 무이자 할부 혜택 | 간편결제 네이버페이 7% 포인트 적립(최대 10만원) 토스페이 1% 포인트 적립 (최대 2만원),,,,['https://www.lge.co.kr/kr/images/vacuum-cleaners/md10628829/gallery/small01.jpg'],,,280 x 280 x 89,2.0,,,,,,,,,,,,,,,,,,,,,,,,1 (내장형),,,,,,,리튬이온,,,,,,,,,,,,,O,,,KC 인증 필 유무,공정거래위원회(소비자24)제공 인증정보 조회,R-R-LGE-M9VCSE,R-R-LGE-LCWB-002,해당없음,14.4,2023-03,신성델타테크(주),한국,LG전자(주),결함·하자 등에 따른 소비자피해에 대해서는 소비자분쟁해결기준(소비자기본법 제 16조)에 따라 보상 가능,,HU071769-15001,R-R-LGE-M97C,,,,,,O,,O,,,,,,,O,,,,,,O,180,,,O,O,O,O,,카밍 베이지,,,,,,,,,YU10148-21007,O,O,O,0.3,12.5,15.0,O,O,O,O,O,100,O,O,O,Wi-Fi,,,,,,,,,,,,,,,,,,,,,,,,,,,,,,,,,,,,,,,,,,,,,
청소기,https://www.lge.co.kr/vacuum-cleaners/a727wa-r,LG 코드제로 오브제컬렉션 R5 + LG 코드제로 A7 Core,A727WA-R,판매중,"1,951,000원","1,950,000원","1,720,500원",포인트 최대 0 멤버십 포인트 적립 | 제휴카드혜택 LGE.COM 플러스 서비스 최대 100만원 조건부 할인+ 10% 캐시백 | 결제일 할인 신용카드 7% 결제일 할인 (신한/현대/국민/롯데) | 무이자 카드사별 무이자 할부 혜택 | 간편결제 네이버페이 7% 포인트 적립(최대 10만원) 토스페이 1% 포인트 적립 (최대 2만원),,,5.0,['https://www.lge.co.kr/kr/images/vacuum-cleaners/md10611827/gallery/small01.jpg'],카밍 베이지,카밍 베이지,202 x 480 x 233,5.4,,,,,,,,,O,O,,,,"1,450",1.45,,300,,,,,,,1 (내장형),,,,,,,리튬이온,,,,,,,,,,,,,,,,KC 인증 필 유무,공정거래위원회(소비자24)제공 인증정보 조회,R-R-LGE-R5VCW,R-C-LGE-LCWB-002EA,해당없음,14.4,2023-11,신성델타테크(주),한국,,결함·하자 등에 따른 소비자피해에 대해서는 소비자분쟁해결기준(소비자기본법 제 16조)에 따라 보상 가능,LG전자서비스센터 / 1544-7777,HM07125-22165,R-R-LGE-TRB5,220V / 60Hz,,,,,O,O,O,O,O,0.4,30,O,O,O,약 / 중 / 강 / 터보,O,O,O,O,O,300,140,60,O,O,O,O,,,,,,,,,,,,,,,,,,,,,,,,,,,,,,,,,,,,,,,,,,,,,,,,,,,,,,,,,,,,,,,,,,,,,,,,
청소기,https://www.lge.co.kr/vacuum-cleaners/ax948bwe-bkor1,LG 코드제로 오브제컬렉션 A9S흡입+스팀 물걸레,T-ST4WL.BKOR,일시품절,"1,531,000원","1,530,000원","1,329,900원",포인트 최대 0 멤버십 포인트 적립 | 제휴카드혜택 LGE.COM 플러스 서비스 최대 100만원 조건부 할인+ 10% 캐시백 | 결제일 할인 신용카드 7% 결제일 할인 (신한/현대/국민/롯데) | 무이자 카드사별 무이자 할부 혜택 | 간편결제 네이버페이 7% 포인트 적립(최대 10만원) 토스페이 1% 포인트 적립 (최대 2만원),,,5.0,"['https://www.lge.co.kr/kr/images/vacuum-cleaners/md10328834/gallery/small-interior01.jpg', 'https://www.lge.co.kr/kr/images/vacuum-cleaners/md10328834/gallery/small01.jpg', 'https://www.lge.co.kr/kr/images/vacuum-cleaners/md10328834/gallery/small02.jpg', 'https://www.lge.co.kr/kr/images/vacuum-cleaners/md10328834/gallery/small03.jpg', 'https://www.lge.co.kr/kr/images/vacuum-cleaners/md10328834/gallery/small04.jpg', 'https://www.lge.co.kr/kr/images/vacuum-cleaners/md10328834/gallery/small05.jpg', 'https://www.lge.co.kr/kr/images/vacuum-cleaners/md10328834/gallery/small06.jpg', 'https://www.lge.co.kr/kr/images/vacuum-cleaners/md10328834/gallery/small07.jpg', 'https://www.lge.co.kr/kr/images/vacuum-cleaners/md10328834/gallery/small08.jpg']",카밍 베이지,카밍 베이지,"256 x 1,009 x 298",2.49,O,O,올인원타워,무선청소기,O,O,O,,O,O,280,400,750,"1,600",1.15,0.4,30,,O,O,,X,O,2 (듀얼),30,10,6,20,13,8,리튬이온,240,60,20,12,40,26,16,120,60,80,40,O,O,O,O,KC 인증 필 유무,공정거래위원회(소비자24)제공 인증정보 조회,R-R-LGE-S9AX2,R-C-LGE-LCWB-001,해당없음,25.2,2025-08,LG전자(주),베트남,LG전자(주),결함·하자 등에 따른 소비자피해에 대해서는 소비자분쟁해결기준(소비자기본법 제 16조)에 따라 보상 가능,LG전자서비스센터 / 1544-7777,HM07125-21122,R-R-LGE-ST6,220V / 60Hz,O,,,,,,,,,,,,,,,,,,,,,,,,,,,X,,,,,,,,,,,,,,,,,,,,,,,,,,,,,,,,,,,,,,,,,,,,,,,,,,,,,,,,,,,,,,,,,,,,,,,
청소기,https://www.lge.co.kr/vacuum-cleaners/b94ahb-1,LG 코드제로 AI 오브제컬렉션 로보킹 올인원 (프리스탠딩)흡입+물걸레,B94AHB,일시품절,"1,970,000원","1,800,000원","1,581,000원",포인트 최대 0 멤버십 포인트 적립 | 제휴카드혜택 LGE.COM 플러스 서비스 최대 100만원 조건부 할인+ 10% 캐시백 | 결제일 할인 신용카드 7% 결제일 할인 (신한/현대/국민/롯데) | 무이자 카드사별 무이자 할부 혜택 | 간편결제 네이버페이 7% 포인트 적립(최대 10만원) 토스페이 1% 포인트 적립 (최대 2만원),"월 47,700 원","월 21,700원",5.0,"['https://www.lge.co.kr/kr/images/vacuum-cleaners/md10612836/gallery/small-interior01.jpg', 'https://www.lge.co.kr/kr/images/vacuum-cleaners/md10481826/gallery/small11.jpg', 'https://www.lge.co.kr/kr/images/vacuum-cleaners/md10481826/gallery/small02.jpg', 'https://www.lge.co.kr/kr/images/vacuum-cleaners/md10481826/gallery/small03.jpg', 'https://www.lge.co.kr/kr/images/vacuum-cleaners/md10481826/gallery/small04.jpg', 'https://www.lge.co.kr/kr/images/vacuum-cleaners/md10481826/gallery/small05.jpg', 'https://www.lge.co.kr/kr/images/vacuum-cleaners/md10481826/gallery/small06.jpg', 'https://www.lge.co.kr/kr/images/vacuum-cleaners/md10481826/gallery/small07.jpg', 'https://www.lge.co.kr/kr/images/vacuum-cleaners/md10481826/gallery/small08.jpg', 'https://www.lge.co.kr/kr/images/vacuum-cleaners/md10481826/gallery/small09.jpg', 'https://www.lge.co.kr/kr/images/vacuum-cleaners/md10481826/gallery/small10.jpg']",에센스 화이트,에센스 화이트,411 x 497 x 441,10.8,,,,,,,O,,O,,,,,950,1.0,,15,2.5,,,,,,1 (내장형),,,,,,,리튬이온,,,,,,,,,,,,,,,,KC 인증 필 유무,공정거래위원회(소비자24)제공 인증정보 조회,R-R-LGE-I9VCW,R-R-HCK-HC03RFM-1,해당없음,14.4,2025-06,"SHENZHEN SILVER STAR INTELLIGENT GROUP CO., LTD.",중국,,결함·하자 등에 따른 소비자피해에 대해서는 소비자분쟁해결기준(소비자기본법 제 16조)에 따라 보상 가능,LG전자서비스센터 / 1544-7777,HU073486-24001,R-R-LGE-I9STW,220-240V~ 50/60Hz,,,,,O,O,O,O,O,0.27,80,,O,O,약 / 중 / 강 / 터보,O,O,O,O,O,300,,,O,O,O,O,,,,,,,,,,,,,,,,,,,,,,,,,,,,,,,,,,,,,,,,,,,,O,,O,O,9,180,"10,000",3.0,2.5,O,O,110,40,,,,,,,,,,,,,,,,
청소기,https://www.lge.co.kr/vacuum-cleaners/ai937wa,LG 코드제로 AI 오브제컬렉션 A9흡입+물걸레,T-ST6W5.BKOR,일시품절,"1,410,000원","1,050,000원","948,600원",포인트 최대 0 멤버십 포인트 적립 | 제휴카드혜택 LGE.COM 플러스 서비스 최대 100만원 조건부 할인+ 10% 캐시백 | 결제일 할인 신용카드 7% 결제일 할인 (신한/현대/국민/롯데) | 무이자 카드사별 무이자 할부 혜택 | 간편결제 네이버페이 7% 포인트 적립(최대 10만원) 토스페이 1% 포인트 적립 (최대 2만원),,,5.0,"['https://www.lge.co.kr/kr/images/vacuum-cleaners/md10602827/gallery/small-interior01.jpg', 'https://www.lge.co.kr/kr/images/vacuum-cleaners/md10602827/gallery/small01.jpg', 'https://www.lge.co.kr/kr/images/vacuum-cleaners/md10602827/gallery/small02.jpg', 'https://www.lge.co.kr/kr/images/vacuum-cleaners/md10602827/gallery/small03.jpg', 'https://www.lge.co.kr/kr/images/vacuum-cleaners/md10602827/gallery/small04.jpg', 'https://www.lge.co.kr/kr/images/vacuum-cleaners/md10602827/gallery/small06.jpg', 'https://www.lge.co.kr/kr/images/vacuum-cleaners/md10602827/gallery/small07.jpg']",카밍 베이지,카밍 베이지,"256 x 1,009 x 298",9.2,O,O,올인원타워,무선청소기,O,O,O,O,O,O,320,400,810,"1,600",1.15,0.4,30,2.5,O,O,O,O,,1 (싱글),30,10,6,20,13,8,리튬이온,240,60,20,12,40,26,16,120,60,80,40,O,O,O,O,KC 인증 필 유무,공정거래위원회(소비자24)제공 인증정보 조회,R-R-LGE-S9AX3,R-C-LGE-LCWB-001,해당없음,25.2,2025-05,LG전자(주),베트남,LG전자(주),결함·하자 등에 따른 소비자피해에 대해서는 소비자분쟁해결기준(소비자기본법 제 16조)에 따라 보상 가능,LG전자서비스센터 / 1544-7777,HM07125-21122,R-R-LGE-ST6,220V / 60Hz,,,O,,,,,,,,,,,,,,,,,,,,,,,,,,,,,,,,,,,,,,,,,,,,,,,,,,,,,,,,,,,,,,,,,,,,,,,,,,,,,,,,,,,,,,,,,,,,,,,,
청소기,https://www.lge.co.kr/vacuum-cleaners/a720wa,LG 코드제로 오브제컬렉션 A7 Core흡입 전용,T-ST2WL.BKOR,일시품절,"900,000원","650,000원","576,600원",포인트 최대 0 멤버십 포인트 적립 | 제휴카드혜택 LGE.COM 플러스 서비스 최대 100만원 조건부 할인+ 10% 캐시백 | 결제일 할인 신용카드 7% 결제일 할인 (신한/현대/국민/롯데) | 무이자 카드사별 무이자 할부 혜택 | 간편결제 네이버페이 7% 포인트 적립(최대 10만원) 토스페이 1% 포인트 적립 (최대 2만원),,,4.9,"['https://www.lge.co.kr/kr/images/vacuum-cleaners/md10572836/gallery/small-interior01.jpg', 'https://www.lge.co.kr/kr/images/vacuum-cleaners/md10572838/gallery/small01.jpg', 'https://www.lge.co.kr/kr/images/vacuum-cleaners/md10572838/gallery/small02.jpg', 'https://www.lge.co.kr/kr/images/vacuum-cleaners/md10572838/gallery/small03.jpg', 'https://www.lge.co.kr/kr/images/vacuum-cleaners/md10572838/gallery/small04.jpg', 'https://www.lge.co.kr/kr/images/vacuum-cleaners/md10572838/gallery/small05.jpg', 'https://www.lge.co.kr/kr/images/vacuum-cleaners/md10572838/gallery/small06.jpg', 'https://www.lge.co.kr/kr/images/vacuum-cleaners/md10572838/gallery/small07.jpg']",카밍 베이지,카밍 베이지,"255 x 1,009 x 297",9.7,O,O,올인원타워,무선청소기,O,O,,,O,O,220,350,650,"1,600",1.15,,30,2.5,O,O,,,,1 (싱글),60,30,7,40,20,6,리튬이온,240,,,,,,,,,,,,,,,KC 인증 필 유무,공정거래위원회(소비자24)제공 인증정보 조회,R-R-8sT-S9AXLT,,해당없음,25.2,2025-03,LG전자(주),베트남,LG전자(주),결함·하자 등에 따른 소비자피해에 대해서는 소비자분쟁해결기준(소비자기본법 제 16조)에 따라 보상 가능,LG전자서비스센터 / 1544-7777,HM07125-21122,,220V / 60Hz,,O,,,,,,,,,,,,,,,,,,,,,,,,,,,,,,,,,,,,,,,,,,,,,,,,,,,,,,,,,,,,,,,,,,,,,,,,,,,,,,,,,,,,,,,,,,,,,,,,,
청소기,https://www.lge.co.kr/vacuum-cleaners/b95awbth-1,LG 코드제로 AI 오브제컬렉션 로보킹 올인원 (자동 급배수)흡입+물걸레,B95AWBTH,일시품절,"2,190,000원","2,090,000원","1,832,100원",포인트 최대 0 멤버십 포인트 적립 | 제휴카드혜택 LGE.COM 플러스 서비스 최대 100만원 조건부 할인+ 10% 캐시백 | 결제일 할인 신용카드 7% 결제일 할인 (신한/현대/국민/롯데) | 무이자 카드사별 무이자 할부 혜택 | 간편결제 네이버페이 7% 포인트 적립(최대 10만원) 토스페이 1% 포인트 적립 (최대 2만원),"월 54,400 원","월 28,400원",5.0,"['https://www.lge.co.kr/kr/images/vacuum-cleaners/md10436830/gallery/small-interior01.jpg', 'https://www.lge.co.kr/kr/images/vacuum-cleaners/md10360831/gallery/small01.jpg', 'https://www.lge.co.kr/kr/images/vacuum-cleaners/md10360831/gallery/small02.jpg', 'https://www.lge.co.kr/kr/images/vacuum-cleaners/md10360831/gallery/small03.jpg', 'https://www.lge.co.kr/kr/images/vacuum-cleaners/md10360831/gallery/small04.jpg', 'https://www.lge.co.kr/kr/images/vacuum-cleaners/md10360831/gallery/small05.jpg', 'https://www.lge.co.kr/kr/images/vacuum-cleaners/md10360831/gallery/small06.jpg', 'https://www.lge.co.kr/kr/images/vacuum-cleaners/md10360831/gallery/small07.jpg', 'https://www.lge.co.kr/kr/images/vacuum-cleaners/md10360831/gallery/small08.jpg', 'https://www.lge.co.kr/kr/images/vacuum-cleaners/md10360831/gallery/small09.jpg', 'https://www.lge.co.kr/kr/images/vacuum-cleaners/md10360831/gallery/small10.jpg', 'https://www.lge.co.kr/kr/images/vacuum-cleaners/md10360831/gallery/small11.jpg', 'https://www.lge.co.kr/kr/images/vacuum-cleaners/md10436830/gallery/small12.jpg']",카밍 베이지,카밍 베이지,411 x 497 x 441,10.8,,,,,,,,,O,,,,,950,1.0,,15,2.5,,,,,,1 (내장형),,,,,,,리튬이온,,,,,,,,,,,,,,,,KC 인증 필 유무,공정거래위원회(소비자24)제공 인증정보 조회,R-R-LGE-I9VCW,R-R-HCK-HC03RFM-1,해당없음,14.4,2025-09,"SHENZHEN SILVER STAR INTELLIGENT GROUP CO., LTD.",중국,,결함·하자 등에 따른 소비자피해에 대해서는 소비자분쟁해결기준(소비자기본법 제 16조)에 따라 보상 가능,LG전자서비스센터 / 1544-7777,HU073486-24001,R-R-LGE-I9STW,220-240V~ 50/60Hz,,,,,O,O,O,O,O,0.27,80,,O,O,약 / 중 / 강 / 터보,O,O,O,O,O,300,,,O,O,O,O,,,,,,,,,,,,,,,,,,,,,,,,,,,,,,,,,,,,,,,,,,,,O,O,O,O,9,180,"10,000",3.0,2.5,O,O,110,40,,,,,,,,,,,,,,,,
청소기,https://www.lge.co.kr/vacuum-cleaners/vfa-wd01n,자동 급배수 키트,VFA-WD01N,일시품절,"222,000원","200,000원","200,000원",포인트 최대 0 멤버십 포인트 적립 | 제휴카드혜택 LGE.COM 플러스 서비스 최대 100만원 조건부 할인+ 10% 캐시백 | 결제일 할인 신용카드 7% 결제일 할인 (신한/현대/국민/롯데) | 무이자 카드사별 무이자 할부 혜택 | 간편결제 네이버페이 7% 포인트 적립(최대 10만원) 토스페이 1% 포인트 적립 (최대 2만원),,,4.7,"['https://www.lge.co.kr/kr/images/vacuum-cleaners/md10455828/gallery/small01.jpg', 'https://www.lge.co.kr/kr/images/vacuum-cleaners/md10455828/gallery/small02.jpg', 'https://www.lge.co.kr/kr/images/vacuum-cleaners/md10455828/gallery/small03.jpg']",,,435 x 288 x 272,1.67,,,,,,,,,,,,,,,,,,,,,,,,,,,,,,,,,,,,,,,,,,,,,,,,,,,,,2024-09,"SHENZHEN SILVER STAR INTELLIGENT GROUP CO., LTD.",중국,,결함·하자 등에 따른 소비자피해에 대해서는 소비자분쟁해결기준(소비자기본법 제 16조)에 따라 보상 가능,LG전자서비스센터 / 1544-7777,,,,,,,,,,,,,,,,,,,,,,,,,,,,,,,,,,,,,,,,,,,,,,,,,,,,,,,,,,,,,,,,,,,,,,,,,,,,,,,,,,,,,,,,,,,,,,,,,,,,,,
청소기,https://www.lge.co.kr/vacuum-cleaners/w71rvlb,LG 상업용 로봇청소기흡입 전용,W71RVLB,비판매상품,,,,,,,,"['https://www.lge.co.kr/kr/images/vacuum-cleaners/md09348828/gallery/small-interior01.jpg', 'https://www.lge.co.kr/kr/images/vacuum-cleaners/md09348828/gallery/small01.jpg', 'https://www.lge.co.kr/kr/images/vacuum-cleaners/md09348828/gallery/small02.jpg', 'https://www.lge.co.kr/kr/images/vacuum-cleaners/md09348828/gallery/small03.jpg', 'https://www.lge.co.kr/kr/images/vacuum-cleaners/md09348828/gallery/small04.jpg', 'https://www.lge.co.kr/kr/images/vacuum-cleaners/md09348828/gallery/small05.jpg', 'https://www.lge.co.kr/kr/images/vacuum-cleaners/md09348828/gallery/small06.jpg', 'https://www.lge.co.kr/kr/images/vacuum-cleaners/md09348828/gallery/small07.jpg', 'https://www.lge.co.kr/kr/images/vacuum-cleaners/md09348828/gallery/small08.jpg', 'https://www.lge.co.kr/kr/images/vacuum-cleaners/md09348828/gallery/small09.jpg', 'https://www.lge.co.kr/kr/images/vacuum-cleaners/md09348828/gallery/small10.jpg', 'https://www.lge.co.kr/kr/images/vacuum-cleaners/md09348828/gallery/small11.jpg', 'https://www.lge.co.kr/kr/images/vacuum-cleaners/md09348828/gallery/small12.jpg', 'https://www.lge.co.kr/kr/images/vacuum-cleaners/md09348828/gallery/small13.jpg', 'https://www.lge.co.kr/kr/images/vacuum-cleaners/md09348828/gallery/small14.jpg', 'https://www.lge.co.kr/kr/images/vacuum-cleaners/md09348828/gallery/small15.jpg']",,,,,,,,,,,,,,,,,,,,,,,,,,,,2,,,,,,,,,,,,,,,,,,,,,,,KC 인증 필 유 - 로고 및 관련 내용을 확인 할 수 있습니다.R-R-LGE-B9VC (전자파 적합등록 - 본체)MSIP-CRM-LGE-LCW-006 (전자파 적합등록 - 무선모듈)R-C-OHS-C011 (전자파 적합등록 - 리모컨)R-C-OHS-T007 (전자파 적합등록 - RF)HU071045-18023 (전기용품 안전확인 - 충전대),공정거래위원회(소비자24)제공 인증정보 조회,,,해당 없음,,2023년 3월,LG전자(주),"일본(본체) / 중국(충전기, 배터리)",,결함·하자 등에 따른 소비자피해에 대해서는 소비자분쟁해결기준(소비자기본법 제 16조)에 따라 보상 가능,,,,DC 18 V,,,,,,,배터리 분리 충전,,,,,,,,,,,,,,,,,,,,,,,,,,,,,,,,,,,,,,,,,,,,,,,,,,,,,,,,53 W,500 x 500 x 204 mm,,,,,,,,,,,,,,,,,,,,,,,,,,,약 10.6 Kg (배터리 2개를 장착한 경우),O,O,초음파 + 범퍼 센서,15 mm 까지 가능,가능,리튬이온,약 130분,"약 240분 * 타일 바닥에서 지정 모드, 흡입 모드, 알림음 동작, 배터리 2개 사용기준"
청소기,https://www.lge.co.kr/vacuum-cleaners/aw1-948wa,LG 코드제로 AI 오브제컬렉션 로보킹 올인원 + LG 코드제로 AI 오브제컬렉션 A9,AW1-948WA,비판매상품,,,,,,,,['https://www.lge.co.kr/kr/images/vacuum-cleaners/md10648829/gallery/small01.jpg'],카밍 베이지,카밍 베이지,411 x 497 x 441,10.8,,,,,,,O,,O,,,,,950,1.0,,15,2.5,,,,,,1 (내장형),,,,,,,리튬이온,,,,,,,,,,,,,,,,KC 인증 필 유무,공정거래위원회(소비자24)제공 인증정보 조회,R-R-LGE-I9VCW,R-R-HCK-HC03RFM-1,해당없음,14.4,2025-06,"SHENZHEN SILVER STAR INTELLIGENT GROUP CO., LTD.",중국,,결함·하자 등에 따른 소비자피해에 대해서는 소비자분쟁해결기준(소비자기본법 제 16조)에 따라 보상 가능,LG전자서비스센터 / 1544-7777,HU073486-24001,R-R-LGE-I9STW,220-240V~ 50/60Hz,,,,,O,O,O,O,O,0.27,80,,O,O,약 / 중 / 강 / 터보,O,O,O,O,O,300,,,O,O,O,O,,,,,,,,,,,,,,,,,,,,,,,,,,,,,,,,,,,,,,,,,,,,O,X,O,O,9,180,"10,000",3.0,2.5,O,O,110,40,,,,,,,,,,,,,,,,
청소기,https://www.lge.co.kr/vacuum-cleaners/aw1-730wa,LG 코드제로 AI 오브제컬렉션 로보킹 올인원 + LG 코드제로 오브제컬렉션 A7 Core,AW1-730WA,비판매상품,,,,,,,,['https://www.lge.co.kr/kr/images/vacuum-cleaners/md10648830/gallery/small01.jpg'],카밍 베이지,카밍 베이지,411 x 497 x 441,10.8,,,,,,,O,,O,,,,,950,1.0,,15,2.5,,,,,,1 (내장형),,,,,,,리튬이온,,,,,,,,,,,,,,,,KC 인증 필 유무,공정거래위원회(소비자24)제공 인증정보 조회,R-R-LGE-I9VCW,R-R-HCK-HC03RFM-1,해당없음,14.4,2025-06,"SHENZHEN SILVER STAR INTELLIGENT GROUP CO., LTD.",중국,,결함·하자 등에 따른 소비자피해에 대해서는 소비자분쟁해결기준(소비자기본법 제 16조)에 따라 보상 가능,LG전자서비스센터 / 1544-7777,HU073486-24001,R-R-LGE-I9STW,220-240V~ 50/60Hz,,,,,O,O,O,O,O,0.27,80,,O,O,약 / 중 / 강 / 터보,O,O,O,O,O,300,,,O,O,O,O,,,,,,,,,,,,,,,,,,,,,,,,,,,,,,,,,,,,,,,,,,,,O,X,O,O,9,180,"10,000",3.0,2.5,O,O,110,40,,,,,,,,,,,,,,,,
청소기,https://www.lge.co.kr/vacuum-cleaners/aw1-s720wa,LG 코드제로 AI 오브제컬렉션 로보킹 올인원 + LG 코드제로 오브제컬렉션 A7 Core,AW1-S720WA,비판매상품,,,,,,,,['https://www.lge.co.kr/kr/images/vacuum-cleaners/md10648833/gallery/small01.jpg'],카밍 베이지,카밍 베이지,411 x 497 x 441,10.8,,,,,,,O,,O,,,,,950,1.0,,15,2.5,,,,,,1 (내장형),,,,,,,리튬이온,,,,,,,,,,,,,,,,KC 인증 필 유무,공정거래위원회(소비자24)제공 인증정보 조회,R-R-LGE-I9VCW,R-R-HCK-HC03RFM-1,해당없음,14.4,2025-06,"SHENZHEN SILVER STAR INTELLIGENT GROUP CO., LTD.",중국,,결함·하자 등에 따른 소비자피해에 대해서는 소비자분쟁해결기준(소비자기본법 제 16조)에 따라 보상 가능,LG전자서비스센터 / 1544-7777,HU073486-24001,R-R-LGE-I9STW,220-240V~ 50/60Hz,,,,,O,O,O,O,O,0.27,80,,O,O,약 / 중 / 강 / 터보,O,O,O,O,O,300,,,O,O,O,O,,,,,,,,,,,,,,,,,,,,,,,,,,,,,,,,,,,,,,,,,,,,O,X,O,O,9,180,"10,000",3.0,2.5,O,O,110,40,,,,,,,,,,,,,,,,
청소기,https://www.lge.co.kr/vacuum-cleaners/aw1-s520wa,LG 코드제로 AI 오브제컬렉션 로보킹 올인원 + LG 코드제로 A5,AW1-S520WA,비판매상품,,,,,,,,['https://www.lge.co.kr/kr/images/vacuum-cleaners/md10648831/gallery/small01.jpg'],카밍 베이지,카밍 베이지,411 x 497 x 441,10.8,,,,,,,O,,O,,,,,950,1.0,,15,2.5,,,,,,1 (내장형),,,,,,,리튬이온,,,,,,,,,,,,,,,,KC 인증 필 유무,공정거래위원회(소비자24)제공 인증정보 조회,R-R-LGE-I9VCW,R-R-HCK-HC03RFM-1,해당없음,14.4,2025-06,"SHENZHEN SILVER STAR INTELLIGENT GROUP CO., LTD.",중국,,결함·하자 등에 따른 소비자피해에 대해서는 소비자분쟁해결기준(소비자기본법 제 16조)에 따라 보상 가능,LG전자서비스센터 / 1544-7777,HU073486-24001,R-R-LGE-I9STW,220-240V~ 50/60Hz,,,,,O,O,O,O,O,0.27,80,,O,O,약 / 중 / 강 / 터보,O,O,O,O,O,300,,,O,O,O,O,,,,,,,,,,,,,,,,,,,,,,,,,,,,,,,,,,,,,,,,,,,,O,X,O,O,9,180,"10,000",3.0,2.5,O,O,110,40,,,,,,,,,,,,,,,,
