제품군,URL,제품명,모델명,상태,정가,판매가,최대혜택가,구매혜택안내,6년구독가격,최대혜택구독가격,평점,이미지리스트,사양,소비전력,안전장치 시스템(개),안전장치 세부항목,자동용기감지,화력 인디케이터,대버너 (W)(Turbo),중버너 (W)(Turbo),소버너 (W)(Turbo),인버터,글라스,조작방법,글라스컬러,싱크대 타공치수 (W X H X D)(mm),무게 (kg),"제품 크기 (WXHXD,mm)",ThinQ,UP 가전,상태 모니터링,"에너지 모니터링(전력 사용량, 사용 시간)",끓음 알림,KC 인증 필 유무,KC인증조회,전기용품 안전인증(확인신고) 번호,전자파 적합성 인증(등록) 번호 (무선모듈),전자파 적합성 인증(등록) 번호,최저소비효율기준,정격전압,소비전력 (W),동일모델의 출시년월,제조자 (수입자),제조국,품질보증기준,A/S 책임자와 전화번호,에너지 소비효율등급,와이드존 (W)(Turbo),대버너 (W),소버너 (W),일시정지,프리스탠딩 케이스 높이,글라스패턴,"에너지 모니터링 (전력 사용량, 사용 시간)",동일 모델의 출시년월,진행상황표시,설치타입,조작버튼,용량,걸레받이 높이(mm),색상,도어,세척 노즐 - 색상,세척 노즐 - 노즐 분사구 색상,세척 노즐 - 스테인리스 커버,린스 세제 보충 알림,소금 보충 알림,잔여 시간 표시(전면),내부 조명,접힘 범위 (하단 바스켓),접힘 범위 (상단 바스켓),높낮이 조절,다용도 선반(3rd Rack),최대높이 (하단 바스켓) (mm),최대높이 (상단 바스켓) (mm),핸들/데코 (하단 바스켓),핸들/데코 (상단 바스켓),바스켓(선반) Grade,프라이팬 선반 (사이드랙),글라이드 레일(상단),칼/가위 거치대,태블릿 세제함,세척 코스 수,자동,강력,다운로드,부가기능 수,스팀,예약,버튼 잠금,취소,일반,열풍건조,건조단독,조용,상단급속,살균,헹굼,통살균,원격제어,1시간코스,"원격진단, 원격모니터링",스마트진단,ThinQ(Wi-Fi),자동 문열림 건조,건조방식,인버터 DD모터,물 노즐 개수,토네이도 세척 날개,3단 누수 방지 시스템,스마트 선반 시스템,100℃ 트루스팀,높이조절 선반,물 분사 노출 위치,보관기능,에어 필터,연수장치,음성안내,크기(WxHxD) (mm),무게(Kg),"상판 제거 시, 제품 크기 - 깊이(mm)","상판 제거 시, 제품 크기 - 세로(mm)","상판 제거 시, 제품 크기 - 가로(mm)",소비 전력(W),전압(V),전자파 적합성 인증(등록) 번호(무선모듈),전자파 적합성 인증(등록) 번호(제품명),정격전압 (V/Hz),품명 및 모델명,"제품 크기 (WxHxD, mm)"
전기레인지,https://www.lge.co.kr/electric-ranges/bei3hrble,LG 디오스 인덕션1등급블랙 세라믹,BEI3HRBLE,판매중,"850,000원","769,000원","687,300원",포인트 최대 0 멤버십 포인트 적립 | 제휴카드혜택 LGE.COM 플러스 서비스 최대 100만원 조건부 할인+ 10% 캐시백 | 결제일 할인 신용카드 7% 결제일 할인 (신한/현대/국민/롯데) | 무이자 카드사별 무이자 할부 혜택 | 간편결제 네이버페이 7% 포인트 적립(최대 10만원) 토스페이 1% 포인트 적립 (최대 2만원),"월 15,400 원",월 0원,5.0,"['https://www.lge.co.kr/kr/images/electric-ranges/md10666831/gallery/small-interior01.jpg', 'https://www.lge.co.kr/kr/images/electric-ranges/md10666831/gallery/small06.jpg', 'https://www.lge.co.kr/kr/images/electric-ranges/md10666831/gallery/small01.jpg', 'https://www.lge.co.kr/kr/images/electric-ranges/md10666831/gallery/small02.jpg', 'https://www.lge.co.kr/kr/images/electric-ranges/md10666831/gallery/small03.jpg', 'https://www.lge.co.kr/kr/images/electric-ranges/md10666831/gallery/small04.jpg', 'https://www.lge.co.kr/kr/images/electric-ranges/md10666831/gallery/small05.jpg']",인덕션 3구,"3,400",21,"220℃ 내열 코일, Fan Lock 안전장치, 고/저전압 보호설계, 고성능 단열재, 변속 쿨링팬, 분리벽 코일 설계, 상판 과열 방지, 소프트웨어 안전인증(KTL), 시간제어, 용기감지, 일시낮춤, 잔열표시 ""H"", 잠금기능, 전류퓨즈, 전원 자동 OFF, 정전기 방지 시스템, 출력제어, 코일 감지 센서, 쿨링 에어가이드 설계, 타이머, 화구 자동 OFF",O,X,"2,000(3,400)","1,400","1,100",듀얼인버터,세라믹 글라스,글라스터치,블랙,560 x 65 x 480,9.7,575 x 59 x 515,O,O,O,O,X,KC 인증 필 유무,공정거래위원회(소비자24)제공 인증정보 조회,SM07005-21007,R-C-LGE-LCWB-008,R-R-LGE-BEI3HRBLE5,만족,220V / 60Hz,"3,400",2025-09,신성델타테크(주),한국,결함·하자 등에 따른 소비자피해에 대해서는 소비자분쟁해결기준(소비자기본법 제 16조)에 따라 보상 가능,LG전자서비스센터 / 1544-7777,1등급,,,,,,,,,,,,,,,,,,,,,,,,,,,,,,,,,,,,,,,,,,,,,,,,,,,,,,,,,,,,,,,,,,,,,,,,,,,,,,,,,,,
전기레인지,https://www.lge.co.kr/electric-ranges/bef3amb4e,LG 디오스 인덕션1등급미라듀어,BEF3AMB4E,판매중,"2,134,000원","1,940,000원","1,711,200원",포인트 최대 0 멤버십 포인트 적립 | 제휴카드혜택 LGE.COM 플러스 서비스 최대 100만원 조건부 할인+ 10% 캐시백 | 결제일 할인 신용카드 7% 결제일 할인 (신한/현대/국민/롯데) | 무이자 카드사별 무이자 할부 혜택 | 간편결제 네이버페이 7% 포인트 적립(최대 10만원) 토스페이 1% 포인트 적립 (최대 2만원),"월 36,600 원","월 10,600원",5.0,"['https://www.lge.co.kr/kr/images/electric-ranges/md10372836/gallery/small-interior01.jpg', 'https://www.lge.co.kr/kr/images/electric-ranges/md10372836/gallery/small01.jpg', 'https://www.lge.co.kr/kr/images/electric-ranges/md10372836/gallery/small02.jpg', 'https://www.lge.co.kr/kr/images/electric-ranges/md10372836/gallery/small03.jpg', 'https://www.lge.co.kr/kr/images/electric-ranges/md10372836/gallery/small04.jpg', 'https://www.lge.co.kr/kr/images/electric-ranges/md10372836/gallery/small05.jpg']",인덕션 3구 (와이드존),"3,400",21,"220℃ 내열 코일, Fan Lock 안전장치, 고/저전압 보호설계, 고성능 단열재, 변속 쿨링팬, 분리벽 코일 설계, 상판 과열 방지, 소프트웨어 안전인증(KTL), 시간제어, 용기감지, 일시낮춤, 잔열표시 ""H"", 잠금기능, 전류퓨즈, 전원 자동 OFF, 정전기 방지 시스템, 출력제어, 코일 감지 센서, 쿨링 에어가이드 설계, 타이머, 화구 자동 OFF",O,X,"2,000(3,400)","1,400(2,200)","1,400(2,200)",쿼드인버터,미라듀어 글라스,글라스터치,블랙,560 x 65 x 480,10.6,575 x 59 x 515,O,O,O,O,O,KC 인증 필 유무,공정거래위원회(소비자24)제공 인증정보 조회,SM07005-22008,R-C-LGE-LCWB-008,R-R-LGE-BEF3ANHL4,,220V / 60Hz,"3,400",2025-07,신성델타테크(주),한국,결함·하자 등에 따른 소비자피해에 대해서는 소비자분쟁해결기준(소비자기본법 제 16조)에 따라 보상 가능,LG전자서비스센터 / 1544-7777,1등급,"2,800(3,400)",,,,,,,,,,,,,,,,,,,,,,,,,,,,,,,,,,,,,,,,,,,,,,,,,,,,,,,,,,,,,,,,,,,,,,,,,,,,,,,,,,
전기레인지,https://www.lge.co.kr/electric-ranges/bei3ambloe,LG 디오스 인덕션1등급미라듀어,BEI3AMBLOE,판매중,"1,590,000원","1,255,000원","1,102,100원",포인트 최대 0 멤버십 포인트 적립 | 제휴카드혜택 LGE.COM 플러스 서비스 최대 100만원 조건부 할인+ 10% 캐시백 | 결제일 할인 신용카드 7% 결제일 할인 (신한/현대/국민/롯데) | 무이자 카드사별 무이자 할부 혜택 | 간편결제 네이버페이 7% 포인트 적립(최대 10만원) 토스페이 1% 포인트 적립 (최대 2만원),"월 26,600 원",월 600원,5.0,"['https://www.lge.co.kr/kr/images/electric-ranges/md10372843/gallery/small-interior01.jpg', 'https://www.lge.co.kr/kr/images/electric-ranges/md10372843/gallery/small01.jpg', 'https://www.lge.co.kr/kr/images/electric-ranges/md10372843/gallery/small02.jpg', 'https://www.lge.co.kr/kr/images/electric-ranges/md10372843/gallery/small03.jpg', 'https://www.lge.co.kr/kr/images/electric-ranges/md10372843/gallery/small04.jpg', 'https://www.lge.co.kr/kr/images/electric-ranges/md10372843/gallery/small05.jpg']",인덕션 3구,"3,400",21,"220℃ 내열 코일, Fan Lock 안전장치, 고/저전압 보호설계, 고성능 단열재, 변속 쿨링팬, 분리벽 코일 설계, 상판 과열 방지, 소프트웨어 안전인증(KTL), 시간제어, 용기감지, 일시낮춤, 잔열표시 ""H"", 잠금기능, 전류퓨즈, 전원 자동 OFF, 정전기 방지 시스템, 출력제어, 코일 감지 센서, 쿨링 에어가이드 설계, 타이머, 화구 자동 OFF",O,X,"2,000(3,400)","1,400","1,100",쿼드인버터,미라듀어 글라스,글라스터치,블랙,560 x 65 x 480,10.1,575 x 59 x 515,O,O,O,O,O,KC 인증 필 유무,공정거래위원회(소비자24)제공 인증정보 조회,SM07005-21007,R-C-LGE-LCWB-008,R-R-LGE-BEI3ANHL4,,220V / 60Hz,"3,400",2025-07,신성델타테크(주),한국,결함·하자 등에 따른 소비자피해에 대해서는 소비자분쟁해결기준(소비자기본법 제 16조)에 따라 보상 가능,LG전자서비스센터 / 1544-7777,1등급,,,,,,,,,,,,,,,,,,,,,,,,,,,,,,,,,,,,,,,,,,,,,,,,,,,,,,,,,,,,,,,,,,,,,,,,,,,,,,,,,,,
전기레인지,https://www.lge.co.kr/electric-ranges/bei3qkbloe,LG 디오스 오브제컬렉션 인덕션1등급오브제 화이트,BEI3QKBLOE,판매중,"1,290,000원","1,074,000원","971,000원",포인트 최대 0 멤버십 포인트 적립 | 제휴카드혜택 LGE.COM 플러스 서비스 최대 100만원 조건부 할인+ 10% 캐시백 | 결제일 할인 신용카드 7% 결제일 할인 (신한/현대/국민/롯데) | 무이자 카드사별 무이자 할부 혜택 | 간편결제 네이버페이 7% 포인트 적립(최대 10만원) 토스페이 1% 포인트 적립 (최대 2만원),"월 21,500 원",월 0원,5.0,"['https://www.lge.co.kr/kr/images/electric-ranges/md10372830/gallery/small-interior01.jpg', 'https://www.lge.co.kr/kr/images/electric-ranges/md10372830/gallery/small01.jpg', 'https://www.lge.co.kr/kr/images/electric-ranges/md10372830/gallery/small02.jpg', 'https://www.lge.co.kr/kr/images/electric-ranges/md10372830/gallery/small03.jpg', 'https://www.lge.co.kr/kr/images/electric-ranges/md10372830/gallery/small04.jpg', 'https://www.lge.co.kr/kr/images/electric-ranges/md10372830/gallery/small05.jpg']",인덕션 3구,"3,400",21,"220℃ 내열 코일, Fan Lock 안전장치, 고/저전압 보호설계, 고성능 단열재, 변속 쿨링팬, 분리벽 코일 설계, 상판 과열 방지, 소프트웨어 안전인증(KTL), 시간제어, 용기감지, 일시낮춤, 잔열표시 ""H"", 잠금기능, 전류퓨즈, 전원 자동 OFF, 정전기 방지 시스템, 출력제어, 코일 감지 센서, 쿨링 에어가이드 설계, 타이머, 화구 자동 OFF",O,X,"2,000(3,400)","1,400(2,200)","1,100(2,200)",쿼드인버터,세라믹 글라스+강화 글라스,글라스터치,화이트(조작부: 미스트 베이지),560 x 65 x 480,10.1,580 x 59 x 520,O,O,O,O,X,KC 인증 필 유무,공정거래위원회(소비자24)제공 인증정보 조회,SM07005-21007,R-C-LGE-LCWB-008,R-R-LGE-BEI3ANHL4,,220V / 60Hz,"3,400",2025-07,신성델타테크(주),한국,결함·하자 등에 따른 소비자피해에 대해서는 소비자분쟁해결기준(소비자기본법 제 16조)에 따라 보상 가능,LG전자서비스센터 / 1544-7777,1등급,,,,,,,,,,,,,,,,,,,,,,,,,,,,,,,,,,,,,,,,,,,,,,,,,,,,,,,,,,,,,,,,,,,,,,,,,,,,,,,,,,,
전기레인지,https://www.lge.co.kr/electric-ranges/bef3asmle,LG 디오스 인덕션1등급매트라인,BEF3ASMLE,판매중,"2,079,000원","1,890,000원","1,664,700원",포인트 최대 0 멤버십 포인트 적립 | 제휴카드혜택 LGE.COM 플러스 서비스 최대 100만원 조건부 할인+ 10% 캐시백 | 결제일 할인 신용카드 7% 결제일 할인 (신한/현대/국민/롯데) | 무이자 카드사별 무이자 할부 혜택 | 간편결제 네이버페이 7% 포인트 적립(최대 10만원) 토스페이 1% 포인트 적립 (최대 2만원),"월 35,100 원","월 9,100원",5.0,"['https://www.lge.co.kr/kr/images/electric-ranges/md10596843/gallery/small-interior01.jpg', 'https://www.lge.co.kr/kr/images/electric-ranges/md10596843/gallery/small01.jpg', 'https://www.lge.co.kr/kr/images/electric-ranges/md10596843/gallery/small02.jpg', 'https://www.lge.co.kr/kr/images/electric-ranges/md10596843/gallery/small03.jpg', 'https://www.lge.co.kr/kr/images/electric-ranges/md10596843/gallery/small04.jpg', 'https://www.lge.co.kr/kr/images/electric-ranges/md10596843/gallery/small05.jpg']",인덕션 3구 (와이드존),"3,400",21,"220℃ 내열 코일, Fan Lock 안전장치, 고/저전압 보호설계, 고성능 단열재, 변속 쿨링팬, 분리벽 코일 설계, 상판 과열 방지, 소프트웨어 안전인증(KTL), 시간제어, 용기감지, 일시낮춤, 잔열표시 ""H"", 잠금기능, 전류퓨즈, 전원 자동 OFF, 정전기 방지 시스템, 출력제어, 코일 감지 센서, 쿨링 에어가이드 설계, 타이머, 화구 자동 OFF",O,X,"2,000(3,400)","1,400(2,200)","1,400(2,200)",쿼드인버터,매트라인 글라스,글라스터치,무광블랙,560 x 65 x 480,10.6,575 x 59 x 515,O,O,O,O,O,KC 인증 필 유무,공정거래위원회(소비자24)제공 인증정보 조회,SM07005-22008,R-C-LGE-LCWB-008,R-R-LGE-BEF3ANHL4,,220V / 60Hz,"3,400",2025-05,신성델타테크(주),한국,결함·하자 등에 따른 소비자피해에 대해서는 소비자분쟁해결기준(소비자기본법 제 16조)에 따라 보상 가능,LG전자서비스센터 / 1544-7777,1등급,"2,800(3,400)",,,,,,,,,,,,,,,,,,,,,,,,,,,,,,,,,,,,,,,,,,,,,,,,,,,,,,,,,,,,,,,,,,,,,,,,,,,,,,,,,,
전기레인지,https://www.lge.co.kr/electric-ranges/bei3qebloe,LG 디오스 인덕션1등급블랙 세라믹,BEI3QEBLOE,판매중,"990,000원","901,000원","810,100원",포인트 최대 0 멤버십 포인트 적립 | 제휴카드혜택 LGE.COM 플러스 서비스 최대 100만원 조건부 할인+ 10% 캐시백 | 결제일 할인 신용카드 7% 결제일 할인 (신한/현대/국민/롯데) | 무이자 카드사별 무이자 할부 혜택 | 간편결제 네이버페이 7% 포인트 적립(최대 10만원) 토스페이 1% 포인트 적립 (최대 2만원),"월 17,200 원",월 0원,5.0,"['https://www.lge.co.kr/kr/images/electric-ranges/md10372834/gallery/small-interior01.jpg', 'https://www.lge.co.kr/kr/images/electric-ranges/md10372834/gallery/small01.jpg', 'https://www.lge.co.kr/kr/images/electric-ranges/md10372834/gallery/small02.jpg', 'https://www.lge.co.kr/kr/images/electric-ranges/md10372834/gallery/small03.jpg', 'https://www.lge.co.kr/kr/images/electric-ranges/md10372834/gallery/small04.jpg', 'https://www.lge.co.kr/kr/images/electric-ranges/md10372834/gallery/small05.jpg']",인덕션 3구,"3,400",21,"220℃ 내열 코일, Fan Lock 안전장치, 고/저전압 보호설계, 고성능 단열재, 변속 쿨링팬, 분리벽 코일 설계, 상판 과열 방지, 소프트웨어 안전인증(KTL), 시간제어, 용기감지, 일시낮춤, 잔열표시 ""H"", 잠금기능, 전류퓨즈, 전원 자동 OFF, 정전기 방지 시스템, 출력제어, 코일 감지 센서, 쿨링 에어가이드 설계, 타이머, 화구 자동 OFF",O,X,"2,000(3,400)","1,400(2,200)","1,100(2,200)",쿼드인버터,세라믹 글라스,글라스터치,블랙,560 x 65 x 480,10.1,575 x 59 x 515,O,O,O,O,X,KC 인증 필 유무,공정거래위원회(소비자24)제공 인증정보 조회,SM07005-21007,R-C-LGE-LCWB-008,R-R-LGE-BEI3ANHL4,,220V / 60Hz,"3,400",2025-07,신성델타테크(주),한국,결함·하자 등에 따른 소비자피해에 대해서는 소비자분쟁해결기준(소비자기본법 제 16조)에 따라 보상 가능,LG전자서비스센터 / 1544-7777,1등급,,,,,,,,,,,,,,,,,,,,,,,,,,,,,,,,,,,,,,,,,,,,,,,,,,,,,,,,,,,,,,,,,,,,,,,,,,,,,,,,,,,
전기레인지,https://www.lge.co.kr/electric-ranges/bei3qmbloe,LG 디오스 인덕션1등급미라듀어,BEI3QMBLOE,판매중,"1,590,000원","1,347,000원","1,187,700원",포인트 최대 0 멤버십 포인트 적립 | 제휴카드혜택 LGE.COM 플러스 서비스 최대 100만원 조건부 할인+ 10% 캐시백 | 결제일 할인 신용카드 7% 결제일 할인 (신한/현대/국민/롯데) | 무이자 카드사별 무이자 할부 혜택 | 간편결제 네이버페이 7% 포인트 적립(최대 10만원) 토스페이 1% 포인트 적립 (최대 2만원),"월 26,800 원",월 800원,5.0,"['https://www.lge.co.kr/kr/images/electric-ranges/md10372844/gallery/small-interior01.jpg', 'https://www.lge.co.kr/kr/images/electric-ranges/md10372844/gallery/small01.jpg', 'https://www.lge.co.kr/kr/images/electric-ranges/md10372844/gallery/small02.jpg', 'https://www.lge.co.kr/kr/images/electric-ranges/md10372844/gallery/small03.jpg', 'https://www.lge.co.kr/kr/images/electric-ranges/md10372844/gallery/small04.jpg', 'https://www.lge.co.kr/kr/images/electric-ranges/md10372844/gallery/small05.jpg']",인덕션 3구,"3,400",21,"220℃ 내열 코일, Fan Lock 안전장치, 고/저전압 보호설계, 고성능 단열재, 변속 쿨링팬, 분리벽 코일 설계, 상판 과열 방지, 소프트웨어 안전인증(KTL), 시간제어, 용기감지, 일시낮춤, 잔열표시 ""H"", 잠금기능, 전류퓨즈, 전원 자동 OFF, 정전기 방지 시스템, 출력제어, 코일 감지 센서, 쿨링 에어가이드 설계, 타이머, 화구 자동 OFF",O,X,"2,000(3,400)","1,400(2,200)","1,100(2,200)",쿼드인버터,미라듀어 글라스,글라스터치,블랙,560 x 65 x 480,10.1,575 x 59 x 515,O,O,O,O,X,KC 인증 필 유무,공정거래위원회(소비자24)제공 인증정보 조회,SM07005-21007,R-C-LGE-LCWB-008,R-R-LGE-BEI3ANHL4,,220V / 60Hz,"3,400",2025-07,신성델타테크(주),한국,결함·하자 등에 따른 소비자피해에 대해서는 소비자분쟁해결기준(소비자기본법 제 16조)에 따라 보상 가능,LG전자서비스센터 / 1544-7777,1등급,,,,,,,,,,,,,,,,,,,,,,,,,,,,,,,,,,,,,,,,,,,,,,,,,,,,,,,,,,,,,,,,,,,,,,,,,,,,,,,,,,,
전기레인지,https://www.lge.co.kr/electric-ranges/bef3anhle,LG 디오스 오브제컬렉션 인덕션1등급오브제 화이트,BEF3ANHLE,판매중,"2,098,000원","1,890,000원","1,664,700원",포인트 최대 0 멤버십 포인트 적립 | 제휴카드혜택 LGE.COM 플러스 서비스 최대 100만원 조건부 할인+ 10% 캐시백 | 결제일 할인 신용카드 7% 결제일 할인 (신한/현대/국민/롯데) | 무이자 카드사별 무이자 할부 혜택 | 간편결제 네이버페이 7% 포인트 적립(최대 10만원) 토스페이 1% 포인트 적립 (최대 2만원),"월 36,900 원","월 10,900원",4.9,"['https://www.lge.co.kr/kr/images/electric-ranges/md10517826/gallery/small-interior01.jpg', 'https://www.lge.co.kr/kr/images/electric-ranges/md10372838/gallery/small01.jpg', 'https://www.lge.co.kr/kr/images/electric-ranges/md10372838/gallery/small02.jpg', 'https://www.lge.co.kr/kr/images/electric-ranges/md10372838/gallery/small03.jpg', 'https://www.lge.co.kr/kr/images/electric-ranges/md10372838/gallery/small04.jpg', 'https://www.lge.co.kr/kr/images/electric-ranges/md10372838/gallery/small05.jpg']",인덕션 3구 (와이드존),"3,400",21,"220℃ 내열 코일, Fan Lock 안전장치, 고/저전압 보호설계, 고성능 단열재, 변속 쿨링팬, 분리벽 코일 설계, 상판 과열 방지, 소프트웨어 안전인증(KTL), 시간제어, 용기감지, 일시낮춤, 잔열표시 ""H"", 잠금기능, 전류퓨즈, 전원 자동 OFF, 정전기 방지 시스템, 출력제어, 코일 감지 센서, 쿨링 에어가이드 설계, 타이머, 화구 자동 OFF",O,X,"2,000(3,400)","1,400(2,200)","1,400(2,200)",쿼드인버터,세라믹 글라스+강화 글라스,글라스터치,화이트(조작부: 미스트 에센스 화이트),560 x 65 x 480,10.6,580 x 59 x 520,O,O,O,O,O,KC 인증 필 유무,공정거래위원회(소비자24)제공 인증정보 조회,SM07005-22008,R-C-LGE-LCWB-008,R-R-LGE-BEF3ANHL4,,220V / 60Hz,"3,400",2025-07,신성델타테크(주),한국,결함·하자 등에 따른 소비자피해에 대해서는 소비자분쟁해결기준(소비자기본법 제 16조)에 따라 보상 가능,LG전자서비스센터 / 1544-7777,1등급,"2,800(3,400)",,,,,,,,,,,,,,,,,,,,,,,,,,,,,,,,,,,,,,,,,,,,,,,,,,,,,,,,,,,,,,,,,,,,,,,,,,,,,,,,,,
전기레인지,https://www.lge.co.kr/electric-ranges/bef3anhloe,LG 디오스 오브제컬렉션 인덕션1등급오브제 화이트,BEF3ANHLOE,판매중,"1,690,000원","1,438,000원","1,272,300원",포인트 최대 0 멤버십 포인트 적립 | 제휴카드혜택 LGE.COM 플러스 서비스 최대 100만원 조건부 할인+ 10% 캐시백 | 결제일 할인 신용카드 7% 결제일 할인 (신한/현대/국민/롯데) | 무이자 카드사별 무이자 할부 혜택 | 간편결제 네이버페이 7% 포인트 적립(최대 10만원) 토스페이 1% 포인트 적립 (최대 2만원),"월 30,800 원","월 4,800원",5.0,"['https://www.lge.co.kr/kr/images/electric-ranges/md10524829/gallery/small-interior01.jpg', 'https://www.lge.co.kr/kr/images/electric-ranges/md10524829/gallery/small01.jpg', 'https://www.lge.co.kr/kr/images/electric-ranges/md10524829/gallery/small02.jpg', 'https://www.lge.co.kr/kr/images/electric-ranges/md10524829/gallery/small03.jpg', 'https://www.lge.co.kr/kr/images/electric-ranges/md10524829/gallery/small04.jpg', 'https://www.lge.co.kr/kr/images/electric-ranges/md10524829/gallery/small05.jpg']",인덕션 3구 (와이드존),"3,400",21,"220℃ 내열 코일, Fan Lock 안전장치, 고/저전압 보호설계, 고성능 단열재, 변속 쿨링팬, 분리벽 코일 설계, 상판 과열 방지, 소프트웨어 안전인증(KTL), 시간제어, 용기감지, 일시낮춤, 잔열표시 ""H"", 잠금기능, 전류퓨즈, 전원 자동 OFF, 정전기 방지 시스템, 출력제어, 코일 감지 센서, 쿨링 에어가이드 설계, 타이머, 화구 자동 OFF",O,X,"2,000(3,400)","1,400","1,400",쿼드인버터,세라믹 글라스+강화 글라스,글라스터치,화이트(조작부: 미스트 에센스 화이트),560 x 65 x 480,10.6,580 x 59 x 520,O,O,O,O,O,KC 인증 필 유무,공정거래위원회(소비자24)제공 인증정보 조회,SM07005-22008,R-C-LGE-LCWB-008,R-R-LGE-BEF3ANHL4,,220V / 60Hz,"3,400",2025-07,신성델타테크(주),한국,결함·하자 등에 따른 소비자피해에 대해서는 소비자분쟁해결기준(소비자기본법 제 16조)에 따라 보상 가능,LG전자서비스센터 / 1544-7777,1등급,"2,800",,,,,,,,,,,,,,,,,,,,,,,,,,,,,,,,,,,,,,,,,,,,,,,,,,,,,,,,,,,,,,,,,,,,,,,,,,,,,,,,,,
전기레인지,https://www.lge.co.kr/electric-ranges/bei3amb4e,LG 디오스 인덕션1등급미라듀어,BEI3AMB4E,판매중,"1,987,000원","1,790,000원","1,571,700원",포인트 최대 0 멤버십 포인트 적립 | 제휴카드혜택 LGE.COM 플러스 서비스 최대 100만원 조건부 할인+ 10% 캐시백 | 결제일 할인 신용카드 7% 결제일 할인 (신한/현대/국민/롯데) | 무이자 카드사별 무이자 할부 혜택 | 간편결제 네이버페이 7% 포인트 적립(최대 10만원) 토스페이 1% 포인트 적립 (최대 2만원),"월 33,800 원","월 7,800원",5.0,"['https://www.lge.co.kr/kr/images/electric-ranges/md10372842/gallery/small-interior01.jpg', 'https://www.lge.co.kr/kr/images/electric-ranges/md10372842/gallery/small01.jpg', 'https://www.lge.co.kr/kr/images/electric-ranges/md10372842/gallery/small02.jpg', 'https://www.lge.co.kr/kr/images/electric-ranges/md10372842/gallery/small03.jpg', 'https://www.lge.co.kr/kr/images/electric-ranges/md10372842/gallery/small04.jpg', 'https://www.lge.co.kr/kr/images/electric-ranges/md10372842/gallery/small05.jpg']",인덕션 3구,"3,400",21,"220℃ 내열 코일, Fan Lock 안전장치, 고/저전압 보호설계, 고성능 단열재, 변속 쿨링팬, 분리벽 코일 설계, 상판 과열 방지, 소프트웨어 안전인증(KTL), 시간제어, 용기감지, 일시낮춤, 잔열표시 ""H"", 잠금기능, 전류퓨즈, 전원 자동 OFF, 정전기 방지 시스템, 출력제어, 코일 감지 센서, 쿨링 에어가이드 설계, 타이머, 화구 자동 OFF",O,X,"2,000(3,400)","1,400(2,200)","1,100(2,200)",쿼드인버터,미라듀어 글라스,글라스터치,블랙,560 x 65 x 480,10.1,575 x 59 x 515,O,O,O,O,O,KC 인증 필 유무,공정거래위원회(소비자24)제공 인증정보 조회,SM07005-21007,R-C-LGE-LCWB-008,R-R-LGE-BEI3ANHL4,,220V / 60Hz,"3,400",2025-07,신성델타테크(주),한국,결함·하자 등에 따른 소비자피해에 대해서는 소비자분쟁해결기준(소비자기본법 제 16조)에 따라 보상 가능,LG전자서비스센터 / 1544-7777,1등급,,,,,,,,,,,,,,,,,,,,,,,,,,,,,,,,,,,,,,,,,,,,,,,,,,,,,,,,,,,,,,,,,,,,,,,,,,,,,,,,,,,
전기레인지,https://www.lge.co.kr/electric-ranges/bei3asmloe,LG 디오스 인덕션1등급매트라인,BEI3ASMLOE,판매중,"1,540,000원","1,331,000원","1,172,800원",포인트 최대 0 멤버십 포인트 적립 | 제휴카드혜택 LGE.COM 플러스 서비스 최대 100만원 조건부 할인+ 10% 캐시백 | 결제일 할인 신용카드 7% 결제일 할인 (신한/현대/국민/롯데) | 무이자 카드사별 무이자 할부 혜택 | 간편결제 네이버페이 7% 포인트 적립(최대 10만원) 토스페이 1% 포인트 적립 (최대 2만원),,,5.0,"['https://www.lge.co.kr/kr/images/electric-ranges/md10643837/gallery/BEI3ASMLOE_interior_mo.jpg', 'https://www.lge.co.kr/kr/images/electric-ranges/md10596844/gallery/small01.jpg', 'https://www.lge.co.kr/kr/images/electric-ranges/md10596844/gallery/small02.jpg', 'https://www.lge.co.kr/kr/images/electric-ranges/md10596844/gallery/small03.jpg', 'https://www.lge.co.kr/kr/images/electric-ranges/md10596844/gallery/small04.jpg', 'https://www.lge.co.kr/kr/images/electric-ranges/md10596844/gallery/small05.jpg']",인덕션 3구,"3,400",21,"220℃ 내열 코일, Fan Lock 안전장치, 고/저전압 보호설계, 고성능 단열재, 변속 쿨링팬, 분리벽 코일 설계, 상판 과열 방지, 소프트웨어 안전인증(KTL), 시간제어, 용기감지, 일시낮춤, 잔열표시 ""H"", 잠금기능, 전류퓨즈, 전원 자동 OFF, 정전기 방지 시스템, 출력제어, 코일 감지 센서, 쿨링 에어가이드 설계, 타이머, 화구 자동 OFF",O,X,"2,000(3,400)","1,400","1,100",쿼드인버터,매트라인 글라스,글라스터치,무광블랙,560 x 65 x 480,10.1,575 x 59 x 515,O,O,O,O,O,KC 인증 필 유무,공정거래위원회(소비자24)제공 인증정보 조회,SM07005-21007,R-C-LGE-LCWB-008,R-R-LGE-BEI3ANHL4,,220V / 60Hz,"3,400",2025-07,신성델타테크(주),한국,결함·하자 등에 따른 소비자피해에 대해서는 소비자분쟁해결기준(소비자기본법 제 16조)에 따라 보상 가능,LG전자서비스센터 / 1544-7777,1등급,,,,,,,,,,,,,,,,,,,,,,,,,,,,,,,,,,,,,,,,,,,,,,,,,,,,,,,,,,,,,,,,,,,,,,,,,,,,,,,,,,,
전기레인지,https://www.lge.co.kr/electric-ranges/hei1v9e,LG 디오스 포터블 인덕션블랙 세라믹,HEI1V9E,판매중,"176,000원","159,000원","159,000원",포인트 최대 0 멤버십 포인트 적립 | 제휴카드혜택 LGE.COM 플러스 서비스 최대 100만원 조건부 할인+ 10% 캐시백 | 결제일 할인 신용카드 7% 결제일 할인 (신한/현대/국민/롯데) | 무이자 카드사별 무이자 할부 혜택 | 간편결제 네이버페이 7% 포인트 적립(최대 10만원) 토스페이 1% 포인트 적립 (최대 2만원),,,5.0,"['https://www.lge.co.kr/kr/images/electric-ranges/md08043610/gallery/small-interior01.jpg', 'https://www.lge.co.kr/kr/images/electric-ranges/md08043610/gallery/small01.jpg', 'https://www.lge.co.kr/kr/images/electric-ranges/md08043610/gallery/small02.jpg', 'https://www.lge.co.kr/kr/images/electric-ranges/md08043610/gallery/small03.jpg', 'https://www.lge.co.kr/kr/images/electric-ranges/md08043610/gallery/small04.jpg', 'https://www.lge.co.kr/kr/images/electric-ranges/md08043610/gallery/small05.jpg', 'https://www.lge.co.kr/kr/images/electric-ranges/md08043610/gallery/small06.jpg']",인덕션 1구,"2,000",8,"용기감지, 잔열표시 ""H"", 잠금기능, 전류퓨즈, 전원 자동 OFF, 출력제어, 타이머, 화구 자동 OFF",X,X,,,,,세라믹 글라스,글라스터치,블랙,,3.2,300 x 410 x 40,X,X,X,X,X,KC 인증 필 유무,공정거래위원회(소비자24)제공 인증정보 조회,SU071736-21003,,MSIP-REI-LGE-HU411PAH5,만족,220V / 60Hz,"2,000",2025-07,Midea,중국,결함·하자 등에 따른 소비자피해에 대해서는 소비자분쟁해결기준(소비자기본법 제 16조)에 따라 보상 가능,LG전자서비스센터 / 1544-7777,3등급,,"2,000",,,,,,,,,,,,,,,,,,,,,,,,,,,,,,,,,,,,,,,,,,,,,,,,,,,,,,,,,,,,,,,,,,,,,,,,,,,,,,,,,
전기레인지,https://www.lge.co.kr/electric-ranges/bei3ass4e,LG 디오스 인덕션1등급클리어트랜스,BEI3ASS4E,판매중,"1,765,000원","1,590,000원","1,385,700원",포인트 최대 0 멤버십 포인트 적립 | 제휴카드혜택 LGE.COM 플러스 서비스 최대 100만원 조건부 할인+ 10% 캐시백 | 결제일 할인 신용카드 7% 결제일 할인 (신한/현대/국민/롯데) | 무이자 카드사별 무이자 할부 혜택 | 간편결제 네이버페이 7% 포인트 적립(최대 10만원) 토스페이 1% 포인트 적립 (최대 2만원),"월 30,600 원","월 4,600원",5.0,"['https://www.lge.co.kr/kr/images/electric-ranges/md10372845/gallery/small-interior01.jpg', 'https://www.lge.co.kr/kr/images/electric-ranges/md10372845/gallery/small01.jpg', 'https://www.lge.co.kr/kr/images/electric-ranges/md10372845/gallery/small02.jpg', 'https://www.lge.co.kr/kr/images/electric-ranges/md10372845/gallery/small03.jpg', 'https://www.lge.co.kr/kr/images/electric-ranges/md10372845/gallery/small04.jpg', 'https://www.lge.co.kr/kr/images/electric-ranges/md10372845/gallery/small05.jpg']",인덕션 3구,"3,400",21,"220℃ 내열 코일, Fan Lock 안전장치, 고/저전압 보호설계, 고성능 단열재, 변속 쿨링팬, 분리벽 코일 설계, 상판 과열 방지, 소프트웨어 안전인증(KTL), 시간제어, 용기감지, 일시낮춤, 잔열표시 ""H"", 잠금기능, 전류퓨즈, 전원 자동 OFF, 정전기 방지 시스템, 출력제어, 코일 감지 센서, 쿨링 에어가이드 설계, 타이머, 화구 자동 OFF",O,X,"2,000(3,400)","1,400(2,200)","1,100(2,200)",쿼드인버터,클리어트랜스 글라스,글라스터치,크리스탈 코튼 실버,560 x 65 x 480,10.1,575 x 59 x 515,O,O,O,O,O,KC 인증 필 유무,공정거래위원회(소비자24)제공 인증정보 조회,SM07005-21007,R-C-LGE-LCWB-008,R-R-LGE-BEI3ANHL4,,220V / 60Hz,"3,400",2025-07,신성델타테크(주),한국,결함·하자 등에 따른 소비자피해에 대해서는 소비자분쟁해결기준(소비자기본법 제 16조)에 따라 보상 가능,LG전자서비스센터 / 1544-7777,1등급,,,,,,,,,,,,,,,,,,,,,,,,,,,,,,,,,,,,,,,,,,,,,,,,,,,,,,,,,,,,,,,,,,,,,,,,,,,,,,,,,,,
전기레인지,https://www.lge.co.kr/electric-ranges/bei3anhle,LG 디오스 오브제컬렉션 인덕션1등급오브제 화이트,BEI3ANHLE,판매중,"1,931,000원","1,740,000원","1,525,200원",포인트 최대 0 멤버십 포인트 적립 | 제휴카드혜택 LGE.COM 플러스 서비스 최대 100만원 조건부 할인+ 10% 캐시백 | 결제일 할인 신용카드 7% 결제일 할인 (신한/현대/국민/롯데) | 무이자 카드사별 무이자 할부 혜택 | 간편결제 네이버페이 7% 포인트 적립(최대 10만원) 토스페이 1% 포인트 적립 (최대 2만원),"월 34,000 원","월 8,000원",5.0,"['https://www.lge.co.kr/kr/images/electric-ranges/md10511828/gallery/small-interior01.jpg', 'https://www.lge.co.kr/kr/images/electric-ranges/md10370826/gallery/small01.jpg', 'https://www.lge.co.kr/kr/images/electric-ranges/md10370826/gallery/small02.jpg', 'https://www.lge.co.kr/kr/images/electric-ranges/md10370826/gallery/small03.jpg', 'https://www.lge.co.kr/kr/images/electric-ranges/md10370826/gallery/small04.jpg', 'https://www.lge.co.kr/kr/images/electric-ranges/md10370826/gallery/small05.jpg']",인덕션 3구,"3,400",21,"220℃ 내열 코일, Fan Lock 안전장치, 고/저전압 보호설계, 고성능 단열재, 변속 쿨링팬, 분리벽 코일 설계, 상판 과열 방지, 소프트웨어 안전인증(KTL), 시간제어, 용기감지, 일시낮춤, 잔열표시 ""H"", 잠금기능, 전류퓨즈, 전원 자동 OFF, 정전기 방지 시스템, 출력제어, 코일 감지 센서, 쿨링 에어가이드 설계, 타이머, 화구 자동 OFF",O,X,"2,000(3,400)","1,400(2,200)","1,100(2,200)",쿼드인버터,세라믹 글라스+강화 글라스,글라스터치,화이트(조작부: 미스트 에센스 화이트),560 x 65 x 480,10.1,580 x 59 x 520,O,O,O,O,O,KC 인증 필 유무,공정거래위원회(소비자24)제공 인증정보 조회,SM07005-21007,R-C-LGE-LCWB-008,R-R-LGE-BEI3ANHL4,,220V / 60Hz,"3,400",2025-07,신성델타테크(주),한국,결함·하자 등에 따른 소비자피해에 대해서는 소비자분쟁해결기준(소비자기본법 제 16조)에 따라 보상 가능,LG전자서비스센터 / 1544-7777,1등급,,,,,,,,,,,,,,,,,,,,,,,,,,,,,,,,,,,,,,,,,,,,,,,,,,,,,,,,,,,,,,,,,,,,,,,,,,,,,,,,,,,
전기레인지,https://www.lge.co.kr/electric-ranges/bey3srble,LG 디오스 하이브리드블랙 세라믹,BEY3SRBLE,판매중,"890,000원","710,000원","632,400원",포인트 최대 0 멤버십 포인트 적립 | 제휴카드혜택 LGE.COM 플러스 서비스 최대 100만원 조건부 할인+ 10% 캐시백 | 결제일 할인 신용카드 7% 결제일 할인 (신한/현대/국민/롯데) | 무이자 카드사별 무이자 할부 혜택 | 간편결제 네이버페이 7% 포인트 적립(최대 10만원) 토스페이 1% 포인트 적립 (최대 2만원),"월 15,100 원",월 0원,5.0,"['https://www.lge.co.kr/kr/images/electric-ranges/md10428829/gallery/small-interior01.jpg', 'https://www.lge.co.kr/kr/images/electric-ranges/md10428829/gallery/small01.jpg', 'https://www.lge.co.kr/kr/images/electric-ranges/md10428829/gallery/small02.jpg', 'https://www.lge.co.kr/kr/images/electric-ranges/md10428829/gallery/small03.jpg', 'https://www.lge.co.kr/kr/images/electric-ranges/md10428829/gallery/small04.jpg', 'https://www.lge.co.kr/kr/images/electric-ranges/md10428829/gallery/small05.jpg']",인덕션 2구 + 라디언트 1구,"3,400",16,"220℃ 내열 코일, 고/저전압 보호설계, 고성능 단열재, 분리벽 코일 설계, 상판 과열 방지, 시간제어, 온도퓨즈, 용기감지, 일시낮춤, 잔열표시 ""H"", 잠금기능, 전류퓨즈, 전원 자동 OFF, 출력제어, 타이머, 화구 자동 OFF",X,X,"2,100(3,300)","1,300",,듀얼인버터,세라믹 글라스,글라스터치,블랙,560 x 65 x 480,9.62,575 x 54 x 515,O,X,O,X,X,KC 인증 필 유무,공정거래위원회(소비자24)제공 인증정보 조회,SM07005-18001,R-C-LGE-LCWB-008,R-R-LGE-BEY3MS3,,220V / 60Hz,"3,400",2025-07,신성델타테크(주),한국,결함·하자 등에 따른 소비자피해에 대해서는 소비자분쟁해결기준(소비자기본법 제 16조)에 따라 보상 가능,LG전자서비스센터 / 1544-7777,3등급,,,"1,050",,,,,,,,,,,,,,,,,,,,,,,,,,,,,,,,,,,,,,,,,,,,,,,,,,,,,,,,,,,,,,,,,,,,,,,,,,,,,,,,
전기레인지,https://www.lge.co.kr/electric-ranges/bei3anbloe,LG 디오스 오브제컬렉션 인덕션1등급오브제 화이트,BEI3ANBLOE,판매중,"1,540,000원","1,250,000원","1,097,400원",포인트 최대 0 멤버십 포인트 적립 | 제휴카드혜택 LGE.COM 플러스 서비스 최대 100만원 조건부 할인+ 10% 캐시백 | 결제일 할인 신용카드 7% 결제일 할인 (신한/현대/국민/롯데) | 무이자 카드사별 무이자 할부 혜택 | 간편결제 네이버페이 7% 포인트 적립(최대 10만원) 토스페이 1% 포인트 적립 (최대 2만원),"월 28,100 원","월 2,100원",5.0,"['https://www.lge.co.kr/kr/images/electric-ranges/md10525832/gallery/small-interior01.jpg', 'https://www.lge.co.kr/kr/images/electric-ranges/md10525832/gallery/small01.jpg', 'https://www.lge.co.kr/kr/images/electric-ranges/md10525832/gallery/small02.jpg', 'https://www.lge.co.kr/kr/images/electric-ranges/md10525832/gallery/small03.jpg', 'https://www.lge.co.kr/kr/images/electric-ranges/md10525832/gallery/small04.jpg', 'https://www.lge.co.kr/kr/images/electric-ranges/md10525832/gallery/small05.jpg']",인덕션 3구,"3,400",21,"220℃ 내열 코일, Fan Lock 안전장치, 고/저전압 보호설계, 고성능 단열재, 변속 쿨링팬, 분리벽 코일 설계, 상판 과열 방지, 소프트웨어 안전인증(KTL), 시간제어, 용기감지, 일시낮춤, 잔열표시 ""H"", 잠금기능, 전류퓨즈, 전원 자동 OFF, 정전기 방지 시스템, 출력제어, 코일 감지 센서, 쿨링 에어가이드 설계, 타이머, 화구 자동 OFF",O,X,"2,000(3,400)","1,400","1,100",쿼드인버터,세라믹 글라스+강화 글라스,글라스터치,화이트(조작부: 미스트 베이지),560 x 65 x 480,10.1,580 x 59 x 520,O,O,O,O,O,KC 인증 필 유무,공정거래위원회(소비자24)제공 인증정보 조회,SM07005-21007,R-C-LGE-LCWB-008,R-R-LGE-BEI3ANHL4,,220V / 60Hz,"3,400",2025-07,신성델타테크(주),한국,결함·하자 등에 따른 소비자피해에 대해서는 소비자분쟁해결기준(소비자기본법 제 16조)에 따라 보상 가능,LG전자서비스센터 / 1544-7777,1등급,,,,,,,,,,,,,,,,,,,,,,,,,,,,,,,,,,,,,,,,,,,,,,,,,,,,,,,,,,,,,,,,,,,,,,,,,,,,,,,,,,,
전기레인지,https://www.lge.co.kr/electric-ranges/bey3mse,LG 디오스 하이브리드미라듀어,BEY3MSE,판매중,"1,376,000원","1,240,000원","1,088,100원",포인트 최대 0 멤버십 포인트 적립 | 제휴카드혜택 LGE.COM 플러스 서비스 최대 100만원 조건부 할인+ 10% 캐시백 | 결제일 할인 신용카드 7% 결제일 할인 (신한/현대/국민/롯데) | 무이자 카드사별 무이자 할부 혜택 | 간편결제 네이버페이 7% 포인트 적립(최대 10만원) 토스페이 1% 포인트 적립 (최대 2만원),"월 24,100 원",월 0원,5.0,"['https://www.lge.co.kr/kr/images/electric-ranges/md10336829/gallery/small-interior01.jpg', 'https://www.lge.co.kr/kr/images/electric-ranges/md09892832/gallery/small01.jpg', 'https://www.lge.co.kr/kr/images/electric-ranges/md09892832/gallery/small02.jpg', 'https://www.lge.co.kr/kr/images/electric-ranges/md09892832/gallery/small03.jpg', 'https://www.lge.co.kr/kr/images/electric-ranges/md09892832/gallery/small04.jpg', 'https://www.lge.co.kr/kr/images/electric-ranges/md09892832/gallery/small05.jpg']",인덕션 2구 + 라디언트 1구,"3,400",16,"220℃ 내열 코일, 고/저전압 보호설계, 고성능 단열재, 분리벽 코일 설계, 상판 과열 방지, 시간제어, 온도퓨즈, 용기감지, 일시낮춤, 잔열표시 ""H"", 잠금기능, 전류퓨즈, 전원 자동 OFF, 출력제어, 타이머, 화구 자동 OFF",X,X,"2,100(3,300)","1,300",,듀얼인버터,미라듀어 글라스,글라스터치,블랙,560 x 65 x 480,10.2,575 x 54 x 515,O,X,O,X,X,KC 인증 필 유무,공정거래위원회(소비자24)제공 인증정보 조회,SM07005-18001,R-C-LGE-LCWB-008,R-R-LGE-BEY3MS3,,220V / 60Hz,"3,400",2025-07,신성델타테크(주),한국,결함·하자 등에 따른 소비자피해에 대해서는 소비자분쟁해결기준(소비자기본법 제 16조)에 따라 보상 가능,LG전자서비스센터 / 1544-7777,3등급,,,"1,050",,,,,,,,,,,,,,,,,,,,,,,,,,,,,,,,,,,,,,,,,,,,,,,,,,,,,,,,,,,,,,,,,,,,,,,,,,,,,,,,
전기레인지,https://www.lge.co.kr/electric-ranges/bei3asmle,LG 디오스 인덕션1등급매트라인,BEI3ASMLE,판매중,"1,914,000원","1,740,000원","1,525,200원",포인트 최대 0 멤버십 포인트 적립 | 제휴카드혜택 LGE.COM 플러스 서비스 최대 100만원 조건부 할인+ 10% 캐시백 | 결제일 할인 신용카드 7% 결제일 할인 (신한/현대/국민/롯데) | 무이자 카드사별 무이자 할부 혜택 | 간편결제 네이버페이 7% 포인트 적립(최대 10만원) 토스페이 1% 포인트 적립 (최대 2만원),"월 32,500 원","월 6,500원",5.0,"['https://www.lge.co.kr/kr/images/electric-ranges/md10596844/gallery/small-interior01.jpg', 'https://www.lge.co.kr/kr/images/electric-ranges/md10596844/gallery/small01.jpg', 'https://www.lge.co.kr/kr/images/electric-ranges/md10596844/gallery/small02.jpg', 'https://www.lge.co.kr/kr/images/electric-ranges/md10596844/gallery/small03.jpg', 'https://www.lge.co.kr/kr/images/electric-ranges/md10596844/gallery/small04.jpg', 'https://www.lge.co.kr/kr/images/electric-ranges/md10596844/gallery/small05.jpg']",인덕션 3구,"3,400",21,"220℃ 내열 코일, Fan Lock 안전장치, 고/저전압 보호설계, 고성능 단열재, 변속 쿨링팬, 분리벽 코일 설계, 상판 과열 방지, 소프트웨어 안전인증(KTL), 시간제어, 용기감지, 일시낮춤, 잔열표시 ""H"", 잠금기능, 전류퓨즈, 전원 자동 OFF, 정전기 방지 시스템, 출력제어, 코일 감지 센서, 쿨링 에어가이드 설계, 타이머, 화구 자동 OFF",O,X,"2,000(3,400)","1,400(2,200)","1,100(2,200)",쿼드인버터,매트라인 글라스,글라스터치,무광블랙,560 x 65 x 480,10.03,575 x 59 x 515,O,O,O,O,O,KC 인증 필 유무,공정거래위원회(소비자24)제공 인증정보 조회,SM07005-21007,R-C-LGE-LCWB-008,R-R-LGE-BEI3ANHL4,,220V / 60Hz,"3,400",2025-07,신성델타테크(주),한국,결함·하자 등에 따른 소비자피해에 대해서는 소비자분쟁해결기준(소비자기본법 제 16조)에 따라 보상 가능,LG전자서비스센터 / 1544-7777,1등급,,,,,,,,,,,,,,,,,,,,,,,,,,,,,,,,,,,,,,,,,,,,,,,,,,,,,,,,,,,,,,,,,,,,,,,,,,,,,,,,,,,
전기레인지,https://www.lge.co.kr/electric-ranges/bey3gs2,LG 디오스 하이브리드블랙 세라믹,BEY3GS2,판매중,"1,265,000원","1,140,000원","1,032,300원",포인트 최대 0 멤버십 포인트 적립 | 제휴카드혜택 LGE.COM 플러스 서비스 최대 100만원 조건부 할인+ 10% 캐시백 | 결제일 할인 신용카드 7% 결제일 할인 (신한/현대/국민/롯데) | 무이자 카드사별 무이자 할부 혜택 | 간편결제 네이버페이 7% 포인트 적립(최대 10만원) 토스페이 1% 포인트 적립 (최대 2만원),,,5.0,"['https://www.lge.co.kr/kr/images/electric-ranges/md10336830/gallery/small-interior01.jpg', 'https://www.lge.co.kr/kr/images/electric-ranges/md09892833/gallery/small01.jpg', 'https://www.lge.co.kr/kr/images/electric-ranges/md09892833/gallery/small02.jpg', 'https://www.lge.co.kr/kr/images/electric-ranges/md09892833/gallery/small03.jpg', 'https://www.lge.co.kr/kr/images/electric-ranges/md09892833/gallery/small04.jpg', 'https://www.lge.co.kr/kr/images/electric-ranges/md09892833/gallery/small05.jpg']",인덕션 2구 + 라디언트 1구,"3,400",16,"220℃ 내열 코일, 고/저전압 보호설계, 고성능 단열재, 분리벽 코일 설계, 상판 과열 방지, 시간제어, 온도퓨즈, 용기감지, 일시낮춤, 잔열표시 ""H"", 잠금기능, 전류퓨즈, 전원 자동 OFF, 출력제어, 타이머, 화구 자동 OFF",X,X,"2,100(3,300)","1,300",,,세라믹 글라스,글라스터치,블랙,560 x 65 x 480,10.2,575 x 54 x 515,O,,O,X,,KC 인증 필 유무,공정거래위원회(소비자24)제공 인증정보 조회,SM07005-18001,R-C-LGE-LCWB-001,R-R-LGE-BEY3MS3,만족,220V / 60Hz,"3,400",2024-07,신성델타테크(주),한국,결함·하자 등에 따른 소비자피해에 대해서는 소비자분쟁해결기준(소비자기본법 제 16조)에 따라 보상 가능,LG전자서비스센터 / 1544-7777,,,,"1,050",,,,,,,,,,,,,,,,,,,,,,,,,,,,,,,,,,,,,,,,,,,,,,,,,,,,,,,,,,,,,,,,,,,,,,,,,,,,,,,,
전기레인지,https://www.lge.co.kr/electric-ranges/bei3asb2oe,LG 디오스 인덕션1등급블랙 세라믹,BEI3ASB2OE,판매중,"1,490,000원","1,356,000원","1,196,000원",포인트 최대 0 멤버십 포인트 적립 | 제휴카드혜택 LGE.COM 플러스 서비스 최대 100만원 조건부 할인+ 10% 캐시백 | 결제일 할인 신용카드 7% 결제일 할인 (신한/현대/국민/롯데) | 무이자 카드사별 무이자 할부 혜택 | 간편결제 네이버페이 7% 포인트 적립(최대 10만원) 토스페이 1% 포인트 적립 (최대 2만원),,,5.0,"['https://www.lge.co.kr/kr/images/electric-ranges/md10372833/gallery/small-interior01.jpg', 'https://www.lge.co.kr/kr/images/electric-ranges/md10372833/gallery/small01.jpg', 'https://www.lge.co.kr/kr/images/electric-ranges/md10372833/gallery/small02.jpg', 'https://www.lge.co.kr/kr/images/electric-ranges/md10372833/gallery/small03.jpg', 'https://www.lge.co.kr/kr/images/electric-ranges/md10372833/gallery/small04.jpg', 'https://www.lge.co.kr/kr/images/electric-ranges/md10372833/gallery/small05.jpg']",인덕션 3구,"3,400",21,"220℃ 내열 코일, Fan Lock 안전장치, 고/저전압 보호설계, 고성능 단열재, 변속 쿨링팬, 분리벽 코일 설계, 상판 과열 방지, 소프트웨어 안전인증(KTL), 시간제어, 용기감지, 일시낮춤, 잔열표시 ""H"", 잠금기능, 전류퓨즈, 전원 자동 OFF, 정전기 방지 시스템, 출력제어, 코일 감지 센서, 쿨링 에어가이드 설계, 타이머, 화구 자동 OFF",O,X,"2,000(3,400)","1,400","1,100",쿼드인버터,세라믹 글라스,글라스터치,블랙,560 x 65 x 480,10.1,575 x 59 x 515,O,O,O,O,O,KC 인증 필 유무,공정거래위원회(소비자24)제공 인증정보 조회,SM07005-21007,R-C-LGE-LCWB-008,R-R-LGE-BEI3ANHL4,,220V / 60Hz,"3,400",2025-07,신성델타테크(주),한국,결함·하자 등에 따른 소비자피해에 대해서는 소비자분쟁해결기준(소비자기본법 제 16조)에 따라 보상 가능,LG전자서비스센터 / 1544-7777,1등급,,,,,,,,,,,,,,,,,,,,,,,,,,,,,,,,,,,,,,,,,,,,,,,,,,,,,,,,,,,,,,,,,,,,,,,,,,,,,,,,,,,
전기레인지,https://www.lge.co.kr/electric-ranges/bef3anbl,LG 디오스 오브제컬렉션 인덕션오브제 화이트,BEF3ANBL,판매중,"2,098,000원","1,890,000원","1,664,700원",포인트 최대 0 멤버십 포인트 적립 | 제휴카드혜택 LGE.COM 플러스 서비스 최대 100만원 조건부 할인+ 10% 캐시백 | 결제일 할인 신용카드 7% 결제일 할인 (신한/현대/국민/롯데) | 무이자 카드사별 무이자 할부 혜택 | 간편결제 네이버페이 7% 포인트 적립(최대 10만원) 토스페이 1% 포인트 적립 (최대 2만원),"월 36,900 원","월 10,900원",5.0,"['https://www.lge.co.kr/kr/images/electric-ranges/md10517827/gallery/small-interior01.jpg', 'https://www.lge.co.kr/kr/images/electric-ranges/md10372839/gallery/small01.jpg', 'https://www.lge.co.kr/kr/images/electric-ranges/md10372839/gallery/small02.jpg', 'https://www.lge.co.kr/kr/images/electric-ranges/md10372839/gallery/small03.jpg', 'https://www.lge.co.kr/kr/images/electric-ranges/md10372839/gallery/small04.jpg', 'https://www.lge.co.kr/kr/images/electric-ranges/md10372839/gallery/small05.jpg']",인덕션 3구,"3,400",21,"220℃ 내열 코일, Fan Lock 안전장치, 고/저전압 보호설계, 고성능 단열재, 변속 쿨링팬, 분리벽 코일 설계, 상판 과열 방지, 소프트웨어 안전인증(KTL), 시간제어, 용기감지, 일시낮춤, 잔열표시 ""H"", 잠금기능, 전류퓨즈, 전원 자동 OFF, 정전기 방지 시스템, 출력제어, 코일 감지 센서, 쿨링 에어가이드 설계, 타이머, 화구 자동 OFF",O,X,"2,000(3,400)","1,400(2,200)","1,400(2,200)",,세라믹 글라스+강화 글라스,글라스터치,화이트(조작부: 미스트 베이지),560 x 65 x 480,10.6,580 x 59 x 520,O,O,O,O,,KC 인증 필 유무,공정거래위원회(소비자24)제공 인증정보 조회,SM07005-22008,R-C-LGE-LCWB-001,R-R-LGE-BEF3ANHL4,만족,220V / 60Hz,"3,400",2024-12,신성델타테크(주),한국,결함·하자 등에 따른 소비자피해에 대해서는 소비자분쟁해결기준(소비자기본법 제 16조)에 따라 보상 가능,LG전자서비스센터 / 1544-7777,,"2,800(3,400)",,,,,,,,,,,,,,,,,,,,,,,,,,,,,,,,,,,,,,,,,,,,,,,,,,,,,,,,,,,,,,,,,,,,,,,,,,,,,,,,,,
전기레인지,https://www.lge.co.kr/electric-ranges/bei3asb4e,LG 디오스 인덕션1등급블랙 세라믹,BEI3ASB4E,판매중,"1,765,000원","1,590,000원","1,385,700원",포인트 최대 0 멤버십 포인트 적립 | 제휴카드혜택 LGE.COM 플러스 서비스 최대 100만원 조건부 할인+ 10% 캐시백 | 결제일 할인 신용카드 7% 결제일 할인 (신한/현대/국민/롯데) | 무이자 카드사별 무이자 할부 혜택 | 간편결제 네이버페이 7% 포인트 적립(최대 10만원) 토스페이 1% 포인트 적립 (최대 2만원),"월 30,400 원","월 4,400원",5.0,"['https://www.lge.co.kr/kr/images/electric-ranges/md10372832/gallery/small-interior01.jpg', 'https://www.lge.co.kr/kr/images/electric-ranges/md10372832/gallery/small01.jpg', 'https://www.lge.co.kr/kr/images/electric-ranges/md10372832/gallery/small02.jpg', 'https://www.lge.co.kr/kr/images/electric-ranges/md10372832/gallery/small03.jpg', 'https://www.lge.co.kr/kr/images/electric-ranges/md10372832/gallery/small04.jpg', 'https://www.lge.co.kr/kr/images/electric-ranges/md10372832/gallery/small05.jpg']",인덕션 3구,"3,400",21,"220℃ 내열 코일, Fan Lock 안전장치, 고/저전압 보호설계, 고성능 단열재, 변속 쿨링팬, 분리벽 코일 설계, 상판 과열 방지, 소프트웨어 안전인증(KTL), 시간제어, 용기감지, 일시낮춤, 잔열표시 ""H"", 잠금기능, 전류퓨즈, 전원 자동 OFF, 정전기 방지 시스템, 출력제어, 코일 감지 센서, 쿨링 에어가이드 설계, 타이머, 화구 자동 OFF",O,X,"2,000(3,400)","1,400(2,200)","1,100(2,200)",쿼드인버터,세라믹 글라스,글라스터치,블랙,560 x 65 x 480,10.1,575 x 59 x 515,O,O,O,O,O,KC 인증 필 유무,공정거래위원회(소비자24)제공 인증정보 조회,SM07005-21007,R-C-LGE-LCWB-008,R-R-LGE-BEI3ANHL4,,220V / 60Hz,"3,400",2025-07,신성델타테크(주),한국,결함·하자 등에 따른 소비자피해에 대해서는 소비자분쟁해결기준(소비자기본법 제 16조)에 따라 보상 가능,LG전자서비스센터 / 1544-7777,1등급,,,,,,,,,,,,,,,,,,,,,,,,,,,,,,,,,,,,,,,,,,,,,,,,,,,,,,,,,,,,,,,,,,,,,,,,,,,,,,,,,,,
전기레인지,https://www.lge.co.kr/electric-ranges/bey3gsu1e,LG 디오스 하이브리드블랙 세라믹,BEY3GSU1E,판매중,"1,140,000원","887,000원","797,100원",포인트 최대 0 멤버십 포인트 적립 | 제휴카드혜택 LGE.COM 플러스 서비스 최대 100만원 조건부 할인+ 10% 캐시백 | 결제일 할인 신용카드 7% 결제일 할인 (신한/현대/국민/롯데) | 무이자 카드사별 무이자 할부 혜택 | 간편결제 네이버페이 7% 포인트 적립(최대 10만원) 토스페이 1% 포인트 적립 (최대 2만원),,,5.0,"['https://www.lge.co.kr/kr/images/electric-ranges/md10336831/gallery/small-interior01.jpg', 'https://www.lge.co.kr/kr/images/electric-ranges/md09892834/gallery/small01.jpg', 'https://www.lge.co.kr/kr/images/electric-ranges/md09892834/gallery/small02.jpg', 'https://www.lge.co.kr/kr/images/electric-ranges/md09892834/gallery/small03.jpg', 'https://www.lge.co.kr/kr/images/electric-ranges/md09892834/gallery/small04.jpg', 'https://www.lge.co.kr/kr/images/electric-ranges/md09892834/gallery/small05.jpg']",인덕션 2구 + 라디언트 1구,"3,400",16,"220℃ 내열 코일, 고/저전압 보호설계, 고성능 단열재, 분리벽 코일 설계, 상판 과열 방지, 시간제어, 온도퓨즈, 용기감지, 일시낮춤, 잔열표시 ""H"", 잠금기능, 전류퓨즈, 전원 자동 OFF, 출력제어, 타이머, 화구 자동 OFF",X,X,"2,100(3,300)","1,300",,듀얼인버터,세라믹 글라스,글라스터치,블랙,560 x 65 x 480,10.2,575 x 54 x 515,O,X,O,X,X,KC 인증 필 유무,공정거래위원회(소비자24)제공 인증정보 조회,SM07005-18001,R-C-LGE-LCWB-008,R-R-LGE-BEY3MS3,,220V / 60Hz,"3,400",2025-07,신성델타테크(주),한국,결함·하자 등에 따른 소비자피해에 대해서는 소비자분쟁해결기준(소비자기본법 제 16조)에 따라 보상 가능,LG전자서비스센터 / 1544-7777,3등급,,,"1,050",,,,,,,,,,,,,,,,,,,,,,,,,,,,,,,,,,,,,,,,,,,,,,,,,,,,,,,,,,,,,,,,,,,,,,,,,,,,,,,,
전기레인지,https://www.lge.co.kr/electric-ranges/bey3gs2e,LG 디오스 하이브리드블랙 세라믹,BEY3GS2E,판매중,"1,265,000원","1,140,000원","1,032,300원",포인트 최대 0 멤버십 포인트 적립 | 제휴카드혜택 LGE.COM 플러스 서비스 최대 100만원 조건부 할인+ 10% 캐시백 | 결제일 할인 신용카드 7% 결제일 할인 (신한/현대/국민/롯데) | 무이자 카드사별 무이자 할부 혜택 | 간편결제 네이버페이 7% 포인트 적립(최대 10만원) 토스페이 1% 포인트 적립 (최대 2만원),"월 21,500 원",월 0원,4.8,"['https://www.lge.co.kr/kr/images/electric-ranges/md10336830/gallery/small-interior01.jpg', 'https://www.lge.co.kr/kr/images/electric-ranges/md09892833/gallery/small01.jpg', 'https://www.lge.co.kr/kr/images/electric-ranges/md09892833/gallery/small02.jpg', 'https://www.lge.co.kr/kr/images/electric-ranges/md09892833/gallery/small03.jpg', 'https://www.lge.co.kr/kr/images/electric-ranges/md09892833/gallery/small04.jpg', 'https://www.lge.co.kr/kr/images/electric-ranges/md09892833/gallery/small05.jpg']",인덕션 2구 + 라디언트 1구,"3,400",16,"220℃ 내열 코일, 고/저전압 보호설계, 고성능 단열재, 분리벽 코일 설계, 상판 과열 방지, 시간제어, 온도퓨즈, 용기감지, 일시낮춤, 잔열표시 ""H"", 잠금기능, 전류퓨즈, 전원 자동 OFF, 출력제어, 타이머, 화구 자동 OFF",X,X,"2,100(3,300)","1,300",,듀얼인버터,세라믹 글라스,글라스터치,블랙,560 x 65 x 480,10.2,575 x 54 x 515,O,X,O,X,X,KC 인증 필 유무,공정거래위원회(소비자24)제공 인증정보 조회,SM07005-18001,R-C-LGE-LCWB-008,R-R-LGE-BEY3MS3,,220V / 60Hz,"3,400",2025-07,신성델타테크(주),한국,결함·하자 등에 따른 소비자피해에 대해서는 소비자분쟁해결기준(소비자기본법 제 16조)에 따라 보상 가능,LG전자서비스센터 / 1544-7777,3등급,,,"1,050",,,,,,,,,,,,,,,,,,,,,,,,,,,,,,,,,,,,,,,,,,,,,,,,,,,,,,,,,,,,,,,,,,,,,,,,,,,,,,,,
전기레인지,https://www.lge.co.kr/electric-ranges/bef3ansl,LG 디오스 오브제컬렉션 인덕션오브제 화이트,BEF3ANSL,판매중,"2,098,000원","1,890,000원","1,664,700원",포인트 최대 0 멤버십 포인트 적립 | 제휴카드혜택 LGE.COM 플러스 서비스 최대 100만원 조건부 할인+ 10% 캐시백 | 결제일 할인 신용카드 7% 결제일 할인 (신한/현대/국민/롯데) | 무이자 카드사별 무이자 할부 혜택 | 간편결제 네이버페이 7% 포인트 적립(최대 10만원) 토스페이 1% 포인트 적립 (최대 2만원),"월 36,900 원","월 10,900원",5.0,"['https://www.lge.co.kr/kr/images/electric-ranges/md10517829/gallery/small-interior01.jpg', 'https://www.lge.co.kr/kr/images/electric-ranges/md10517829/gallery/BEF3ANSL.jpg', 'https://www.lge.co.kr/kr/images/electric-ranges/md10372841/gallery/small01.jpg', 'https://www.lge.co.kr/kr/images/electric-ranges/md10372841/gallery/small02.jpg', 'https://www.lge.co.kr/kr/images/electric-ranges/md10372841/gallery/small03.jpg', 'https://www.lge.co.kr/kr/images/electric-ranges/md10372841/gallery/small04.jpg', 'https://www.lge.co.kr/kr/images/electric-ranges/md10372841/gallery/small05.jpg']",인덕션 3구,"3,400",21,"220℃ 내열 코일, Fan Lock 안전장치, 고/저전압 보호설계, 고성능 단열재, 변속 쿨링팬, 분리벽 코일 설계, 상판 과열 방지, 소프트웨어 안전인증(KTL), 시간제어, 용기감지, 일시낮춤, 잔열표시 ""H"", 잠금기능, 전류퓨즈, 전원 자동 OFF, 정전기 방지 시스템, 출력제어, 코일 감지 센서, 쿨링 에어가이드 설계, 타이머, 화구 자동 OFF",O,X,"2,000(3,400)","1,400(2,200)","1,400(2,200)",,세라믹 글라스+강화 글라스,글라스터치,화이트(조작부: 미스트 크림 스카이),560 x 65 x 480,10.6,580 x 59 x 520,O,O,O,O,,KC 인증 필 유무,공정거래위원회(소비자24)제공 인증정보 조회,SM07005-22008,R-C-LGE-LCWB-001,R-R-LGE-BEF3ANHL4,만족,220V / 60Hz,"3,400",2024-12,신성델타테크(주),한국,결함·하자 등에 따른 소비자피해에 대해서는 소비자분쟁해결기준(소비자기본법 제 16조)에 따라 보상 가능,LG전자서비스센터 / 1544-7777,,"2,800(3,400)",,,,,,,,,,,,,,,,,,,,,,,,,,,,,,,,,,,,,,,,,,,,,,,,,,,,,,,,,,,,,,,,,,,,,,,,,,,,,,,,,,
전기레인지,https://www.lge.co.kr/electric-ranges/bei3asml,LG 디오스 인덕션1등급매트라인,BEI3ASML,판매중,"1,914,000원","1,740,000원","1,525,200원",포인트 최대 0 멤버십 포인트 적립 | 제휴카드혜택 LGE.COM 플러스 서비스 최대 100만원 조건부 할인+ 10% 캐시백 | 결제일 할인 신용카드 7% 결제일 할인 (신한/현대/국민/롯데) | 무이자 카드사별 무이자 할부 혜택 | 간편결제 네이버페이 7% 포인트 적립(최대 10만원) 토스페이 1% 포인트 적립 (최대 2만원),"월 32,500 원","월 6,500원",5.0,"['https://www.lge.co.kr/kr/images/electric-ranges/md10596844/gallery/small-interior01.jpg', 'https://www.lge.co.kr/kr/images/electric-ranges/md10596844/gallery/small01.jpg', 'https://www.lge.co.kr/kr/images/electric-ranges/md10596844/gallery/small02.jpg', 'https://www.lge.co.kr/kr/images/electric-ranges/md10596844/gallery/small03.jpg', 'https://www.lge.co.kr/kr/images/electric-ranges/md10596844/gallery/small04.jpg', 'https://www.lge.co.kr/kr/images/electric-ranges/md10596844/gallery/small05.jpg']",인덕션 3구,"3,400",21,"220℃ 내열 코일, Fan Lock 안전장치, 고/저전압 보호설계, 고성능 단열재, 변속 쿨링팬, 분리벽 코일 설계, 상판 과열 방지, 소프트웨어 안전인증(KTL), 시간제어, 용기감지, 일시낮춤, 잔열표시 ""H"", 잠금기능, 전류퓨즈, 전원 자동 OFF, 정전기 방지 시스템, 출력제어, 코일 감지 센서, 쿨링 에어가이드 설계, 타이머, 화구 자동 OFF",O,X,"2,000(3,400)","1,400(2,200)","1,100(2,200)",쿼드인버터,매트라인 글라스,글라스터치,무광블랙,560 x 65 x 480,10.03,575 x 59 x 515,O,O,O,O,O,KC 인증 필 유무,공정거래위원회(소비자24)제공 인증정보 조회,SM07005-21007,R-C-LGE-LCWB-001,R-R-LGE-BEI3ANHL4,만족,220V / 60Hz,"3,400",2025-05,신성델타테크(주),한국,결함·하자 등에 따른 소비자피해에 대해서는 소비자분쟁해결기준(소비자기본법 제 16조)에 따라 보상 가능,LG전자서비스센터 / 1544-7777,1등급,,,,,,,,,,,,,,,,,,,,,,,,,,,,,,,,,,,,,,,,,,,,,,,,,,,,,,,,,,,,,,,,,,,,,,,,,,,,,,,,,,,
전기레인지,https://www.lge.co.kr/electric-ranges/bei3anpl,LG 디오스 오브제컬렉션 인덕션오브제 화이트,BEI3ANPL,판매중,"1,987,000원","1,790,000원","1,571,700원",포인트 최대 0 멤버십 포인트 적립 | 제휴카드혜택 LGE.COM 플러스 서비스 최대 100만원 조건부 할인+ 10% 캐시백 | 결제일 할인 신용카드 7% 결제일 할인 (신한/현대/국민/롯데) | 무이자 카드사별 무이자 할부 혜택 | 간편결제 네이버페이 7% 포인트 적립(최대 10만원) 토스페이 1% 포인트 적립 (최대 2만원),"월 34,000 원","월 8,000원",5.0,"['https://www.lge.co.kr/kr/images/electric-ranges/md10511829/gallery/small-interior01.jpg', 'https://www.lge.co.kr/kr/images/electric-ranges/md10511829/gallery/BEI3ANPL.jpg', 'https://www.lge.co.kr/kr/images/electric-ranges/md10382845/gallery/small01.jpg', 'https://www.lge.co.kr/kr/images/electric-ranges/md10382845/gallery/small02.jpg', 'https://www.lge.co.kr/kr/images/electric-ranges/md10382845/gallery/small03.jpg', 'https://www.lge.co.kr/kr/images/electric-ranges/md10382845/gallery/small04.jpg', 'https://www.lge.co.kr/kr/images/electric-ranges/md10382845/gallery/small05.jpg']",인덕션 3구,"3,400",21,"220℃ 내열 코일, Fan Lock 안전장치, 고/저전압 보호설계, 고성능 단열재, 변속 쿨링팬, 분리벽 코일 설계, 상판 과열 방지, 소프트웨어 안전인증(KTL), 시간제어, 용기감지, 일시낮춤, 잔열표시 ""H"", 잠금기능, 전류퓨즈, 전원 자동 OFF, 정전기 방지 시스템, 출력제어, 코일 감지 센서, 쿨링 에어가이드 설계, 타이머, 화구 자동 OFF",O,X,"2,000(3,400)","1,400(2,200)","1,100(2,200)",,세라믹 글라스+강화 글라스,글라스터치,화이트(조작부: 미스트 핑크),560 x 65 x 480,10.1,580 x 59 x 520,O,O,O,O,,KC 인증 필 유무,공정거래위원회(소비자24)제공 인증정보 조회,SM07005-21007,R-C-LGE-LCWB-001,R-R-LGE-BEI3ANHL4,만족,220V / 60Hz,"3,400",2024-12,신성델타테크(주),한국,결함·하자 등에 따른 소비자피해에 대해서는 소비자분쟁해결기준(소비자기본법 제 16조)에 따라 보상 가능,LG전자서비스센터 / 1544-7777,,,,,,,,,,,,,,,,,,,,,,,,,,,,,,,,,,,,,,,,,,,,,,,,,,,,,,,,,,,,,,,,,,,,,,,,,,,,,,,,,,,,
전기레인지,https://www.lge.co.kr/electric-ranges/bei3qrbl,LG 디오스 인덕션블랙 세라믹,BEI3QRBL,판매중,"1,040,000원","728,000원","649,200원",포인트 최대 0 멤버십 포인트 적립 | 제휴카드혜택 LGE.COM 플러스 서비스 최대 100만원 조건부 할인+ 10% 캐시백 | 결제일 할인 신용카드 7% 결제일 할인 (신한/현대/국민/롯데) | 무이자 카드사별 무이자 할부 혜택 | 간편결제 네이버페이 7% 포인트 적립(최대 10만원) 토스페이 1% 포인트 적립 (최대 2만원),,,5.0,"['https://www.lge.co.kr/kr/images/electric-ranges/md10444826/gallery/small-interior01.jpg', 'https://www.lge.co.kr/kr/images/electric-ranges/md10444826/gallery/BEI3QRBL.jpg', 'https://www.lge.co.kr/kr/images/electric-ranges/md10444826/gallery/small01.jpg', 'https://www.lge.co.kr/kr/images/electric-ranges/md10444826/gallery/small02.jpg', 'https://www.lge.co.kr/kr/images/electric-ranges/md10444826/gallery/small03.jpg', 'https://www.lge.co.kr/kr/images/electric-ranges/md10444826/gallery/small04.jpg', 'https://www.lge.co.kr/kr/images/electric-ranges/md10444826/gallery/small05.jpg']",인덕션 3구,"3,400",21,"220℃ 내열 코일, Fan Lock 안전장치, 고/저전압 보호설계, 고성능 단열재, 변속 쿨링팬, 분리벽 코일 설계, 상판 과열 방지, 소프트웨어 안전인증(KTL), 시간제어, 용기감지, 일시낮춤, 잔열표시 ""H"", 잠금기능, 전류퓨즈, 전원 자동 OFF, 정전기 방지 시스템, 출력제어, 코일 감지 센서, 쿨링 에어가이드 설계, 타이머, 화구 자동 OFF",O,X,"2,000(3,400)","1,400(2,200)","1,100(2,200)",,세라믹 글라스,글라스터치,블랙,560 x 65 x 480,10.1,575 x 59 x 515,O,O,O,O,,KC 인증 필 유무,공정거래위원회(소비자24)제공 인증정보 조회,SM07005-21007,R-C-LGE-LCWB-001,R-R-LGE-BEI3ANHL4,만족,220V / 60Hz,"3,400",2024-11,신성델타테크(주),한국,결함·하자 등에 따른 소비자피해에 대해서는 소비자분쟁해결기준(소비자기본법 제 16조)에 따라 보상 가능,LG전자서비스센터 / 1544-7777,,,,,,,,,,,,,,,,,,,,,,,,,,,,,,,,,,,,,,,,,,,,,,,,,,,,,,,,,,,,,,,,,,,,,,,,,,,,,,,,,,,,
전기레인지,https://www.lge.co.kr/electric-ranges/bei3anslo,LG 디오스 오브제컬렉션 인덕션오브제 화이트,BEI3ANSLO,판매중,"1,540,000원","1,401,000원","1,237,900원",포인트 최대 0 멤버십 포인트 적립 | 제휴카드혜택 LGE.COM 플러스 서비스 최대 100만원 조건부 할인+ 10% 캐시백 | 결제일 할인 신용카드 7% 결제일 할인 (신한/현대/국민/롯데) | 무이자 카드사별 무이자 할부 혜택 | 간편결제 네이버페이 7% 포인트 적립(최대 10만원) 토스페이 1% 포인트 적립 (최대 2만원),,,4.6,"['https://www.lge.co.kr/kr/images/electric-ranges/md10529851/gallery/small-interior01.jpg', 'https://www.lge.co.kr/kr/images/electric-ranges/md10529851/gallery/BEI3ANSLO.jpg', 'https://www.lge.co.kr/kr/images/electric-ranges/md10372828/gallery/small01.jpg', 'https://www.lge.co.kr/kr/images/electric-ranges/md10372828/gallery/small02.jpg', 'https://www.lge.co.kr/kr/images/electric-ranges/md10372828/gallery/small03.jpg', 'https://www.lge.co.kr/kr/images/electric-ranges/md10372828/gallery/small04.jpg', 'https://www.lge.co.kr/kr/images/electric-ranges/md10372828/gallery/small05.jpg']",인덕션 3구,"3,400",21,"220℃ 내열 코일, Fan Lock 안전장치, 고/저전압 보호설계, 고성능 단열재, 변속 쿨링팬, 분리벽 코일 설계, 상판 과열 방지, 소프트웨어 안전인증(KTL), 시간제어, 용기감지, 일시낮춤, 잔열표시 ""H"", 잠금기능, 전류퓨즈, 전원 자동 OFF, 정전기 방지 시스템, 출력제어, 코일 감지 센서, 쿨링 에어가이드 설계, 타이머, 화구 자동 OFF",O,X,"2,000(3,400)","1,400","1,100",,세라믹 글라스+강화 글라스,글라스터치,화이트(조작부: 미스트 크림 스카이),560 x 65 x 480,10.1,580 x 59 x 520,O,O,O,O,,KC 인증 필 유무,공정거래위원회(소비자24)제공 인증정보 조회,SM07005-21007,R-C-LGE-LCWB-001,R-R-LGE-BEI3ANHL4,만족,220V / 60Hz,"3,400",2025-01,신성델타테크(주),한국,결함·하자 등에 따른 소비자피해에 대해서는 소비자분쟁해결기준(소비자기본법 제 16조)에 따라 보상 가능,LG전자서비스센터 / 1544-7777,,,,,,,,,,,,,,,,,,,,,,,,,,,,,,,,,,,,,,,,,,,,,,,,,,,,,,,,,,,,,,,,,,,,,,,,,,,,,,,,,,,,
전기레인지,https://www.lge.co.kr/electric-ranges/bef3wbqt,LG 디오스 오브제컬렉션 인덕션오브제 화이트,BEF3WBQT,판매중,"2,098,000원","1,890,000원","1,664,700원",포인트 최대 0 멤버십 포인트 적립 | 제휴카드혜택 LGE.COM 플러스 서비스 최대 100만원 조건부 할인+ 10% 캐시백 | 결제일 할인 신용카드 7% 결제일 할인 (신한/현대/국민/롯데) | 무이자 카드사별 무이자 할부 혜택 | 간편결제 네이버페이 7% 포인트 적립(최대 10만원) 토스페이 1% 포인트 적립 (최대 2만원),,,5.0,"['https://www.lge.co.kr/kr/images/electric-ranges/md09436826/gallery/small-interior01.jpg', 'https://www.lge.co.kr/kr/images/electric-ranges/md09436826/gallery/BEI3WBQT.jpg', 'https://www.lge.co.kr/kr/images/electric-ranges/md09436826/gallery/small01.jpg', 'https://www.lge.co.kr/kr/images/electric-ranges/md09436826/gallery/small02.jpg', 'https://www.lge.co.kr/kr/images/electric-ranges/md09436826/gallery/small03.jpg', 'https://www.lge.co.kr/kr/images/electric-ranges/md09436826/gallery/small04.jpg']",인덕션 3구,"3,400",21,"220℃ 내열 코일, Fan Lock 안전장치, 고/저전압 보호설계, 고성능 단열재, 변속 쿨링팬, 분리벽 코일 설계, 상판 과열 방지, 소프트웨어 안전인증(KTL), 시간제어, 용기감지, 일시낮춤, 잔열표시 ""H"", 잠금기능, 전류퓨즈, 전원 자동 OFF, 정전기 방지 시스템, 출력제어, 코일 감지 센서, 쿨링 에어가이드 설계, 타이머, 화구 자동 OFF",O,X,"2,000(3,400)","1,400(2,200)","1,400(2,200)",,세라믹 글라스+강화 글라스,글라스터치,화이트(조작부: 미스트 베이지),560 x 63 x 480,10.6,580 x 59 x 520,O,O,O,,,KC 인증 필 유무,공정거래위원회(소비자24)제공 인증정보 조회,SM07005-22008,R-C-LGE-LCWB-001,R-R-LGE-BEF3WWQT2,만족,220V / 60Hz,"3,400",,LG전자㈜,한국,결함·하자 등에 따른 소비자피해에 대해서는 소비자분쟁해결기준(소비자기본법 제 16조)에 따라 보상 가능,LG전자서비스센터 / 1544-7777,,"2,800(3,400)",,,O,-,-,O,2022-10,,,,,,,,,,,,,,,,,,,,,,,,,,,,,,,,,,,,,,,,,,,,,,,,,,,,,,,,,,,,,,,,,,,,,,,,,,,
전기레인지,https://www.lge.co.kr/electric-ranges/6ew3e-qkboe,LG 디오스 AI 오브제컬렉션 식기세척기 + LG 디오스 오브제컬렉션 인덕션,6EW3E-QKBOE,판매중,"3,210,000원","2,374,000원","2,096,300원",포인트 최대 0 멤버십 포인트 적립 | 제휴카드혜택 LGE.COM 플러스 서비스 최대 100만원 조건부 할인+ 10% 캐시백 | 결제일 할인 신용카드 7% 결제일 할인 (신한/현대/국민/롯데) | 무이자 카드사별 무이자 할부 혜택 | 간편결제 네이버페이 7% 포인트 적립(최대 10만원) 토스페이 1% 포인트 적립 (최대 2만원),,,5.0,['https://www.lge.co.kr/kr/images/dishwashers/md10677829/gallery/small01.jpg'],,,,,,,,,,,,,,,,,,O,,,,KC 인증 필 유무,공정거래위원회(소비자24)제공 인증정보 조회,ZM07006-23002,,,,,"1,600",2025-01,LG전자(주),한국,결함·하자 등에 따른 소비자피해에 대해서는 소비자분쟁해결기준(소비자기본법 제 16조)에 따라 보상 가능,LG전자서비스센터 / 1544-7777,1등급,,,,O,,,,,LED,빌트인전용,전면터치버튼,3~5인가구용 (14인용),150mm,네이처 베이지,Full-Down,다크그레이,오렌지,O,O,O,O,X,Fully,Fully,O (3 Level),O (높이조절),300,220,O,O,Best,O,X,O,O,7,O,O,O,7,O,O,O,O,O,O,O,O,O(다운로드),O,O,"O(다운로드,스팀옵션기본)",O,O,O,O,O,O,열풍건조,O,54,O,O,O (상단선반 전면접이식 / 하단선반 전면접이식),O,O,"3단(최상단,상단,하단)",O,O,O,X,598 x 815 x 567,45,567,815,598,"1,600",220,R-C-LGE-LCWB-008,R-R-LGE-DUE6BG23,AC 220 V / 60 Hz,DUE6BGL3E.AKOR,598 x 815 x 567
전기레인지,https://www.lge.co.kr/electric-ranges/1bge-qkboe,LG 디오스 오브제컬렉션 식기세척기 + LG 디오스 오브제컬렉션 인덕션,1BGE-QKBOE,판매중,"2,330,000원","1,817,000원","1,596,900원",포인트 최대 0 멤버십 포인트 적립 | 제휴카드혜택 LGE.COM 플러스 서비스 최대 100만원 조건부 할인+ 10% 캐시백 | 결제일 할인 신용카드 7% 결제일 할인 (신한/현대/국민/롯데) | 무이자 카드사별 무이자 할부 혜택 | 간편결제 네이버페이 7% 포인트 적립(최대 10만원) 토스페이 1% 포인트 적립 (최대 2만원),,,,['https://www.lge.co.kr/kr/images/dishwashers/md10677836/gallery/small01.jpg'],,,,,,,,,,,,,,,,,,O,,,,KC 인증 필 유무,공정거래위원회(소비자24)제공 인증정보 조회,ZM07006-23003,,,,,"1,600",2025-01,LG전자(주),한국,결함·하자 등에 따른 소비자피해에 대해서는 소비자분쟁해결기준(소비자기본법 제 16조)에 따라 보상 가능,LG전자서비스센터 / 1544-7777,1등급,,,,O,,,,,LED,빌트인전용,전면터치버튼,3~5인가구용 (12인용),150mm,네이처 베이지,Full-Down,다크그레이,노블그레이,X,O,O,O,X,Half,Half,"O (2 Level, 선반 탈착식)",X,300,270,X,X,Basic,X,X,X,O,7,O,O,O,6,X,O,O,O,O,X,X,O,O(기본코스),O,O,O(다운로드),O,O,O,O,O,O,자동문열림,O,54,O,O,O (상단선반 부분접이식 / 하단선반 부분접이식),X,X,"3단(최상단,상단,하단)",X,X,O,X,598 x 815 x 567,39,567,815,598,"1,600",220,R-C-LGE-LCWB-008,R-R-LGE-DUE6BG23,AC 220 V / 60 Hz,DUE1BGLE.AKOR,598 x 815 x 567
전기레인지,https://www.lge.co.kr/electric-ranges/6bg2e-amboe,LG 디오스 AI 오브제컬렉션 식기세척기 + LG 디오스 인덕션,6BG2E-AMBOE,판매중,"3,620,000원","2,792,000원","2,485,000원",포인트 최대 0 멤버십 포인트 적립 | 제휴카드혜택 LGE.COM 플러스 서비스 최대 100만원 조건부 할인+ 10% 캐시백 | 결제일 할인 신용카드 7% 결제일 할인 (신한/현대/국민/롯데) | 무이자 카드사별 무이자 할부 혜택 | 간편결제 네이버페이 7% 포인트 적립(최대 10만원) 토스페이 1% 포인트 적립 (최대 2만원),,,,['https://www.lge.co.kr/kr/images/dishwashers/md10677837/gallery/small01.jpg'],,,,,,,,,,,,,,,,,,O,,,,KC 인증 필 유무,공정거래위원회(소비자24)제공 인증정보 조회,ZM07006-23002,,,,,"1,600",2025-01,LG전자(주),한국,결함·하자 등에 따른 소비자피해에 대해서는 소비자분쟁해결기준(소비자기본법 제 16조)에 따라 보상 가능,LG전자서비스센터 / 1544-7777,1등급,,,,O,,,,,LED,빌트인전용,상부터치버튼,3~5인가구용 (14인용),150mm,네이처 베이지,Full-Down,다크그레이,오렌지,O,O,O,O,X,Fully,Fully,O (3 Level),O (높이조절),300,220,O,O,Best,X,X,O,O,7,O,O,O,7,O,O,O,O,O,O,O,O,O(다운로드),O,O,"O(다운로드,스팀옵션기본)",O,O,O,O,O,O,열풍건조,O,54,O,O,O (상단선반 전면접이식 / 하단선반 전면접이식),O,O,"3단(최상단,상단,하단)",O,O,O,O,598 x 815 x 567,45,567,815,598,"1,600",220,R-C-LGE-LCWB-008,R-R-LGE-DUE6BG23,AC 220 V / 60 Hz,DUE6BGL2E.AKOR,598 x 815 x 567
전기레인지,https://www.lge.co.kr/electric-ranges/6bg2e-qkboe,LG 디오스 AI 오브제컬렉션 식기세척기 +  LG 디오스 오브제컬렉션 인덕션,6BG2E-QKBOE,판매중,"3,270,000원","2,474,000원","2,189,300원",포인트 최대 0 멤버십 포인트 적립 | 제휴카드혜택 LGE.COM 플러스 서비스 최대 100만원 조건부 할인+ 10% 캐시백 | 결제일 할인 신용카드 7% 결제일 할인 (신한/현대/국민/롯데) | 무이자 카드사별 무이자 할부 혜택 | 간편결제 네이버페이 7% 포인트 적립(최대 10만원) 토스페이 1% 포인트 적립 (최대 2만원),,,5.0,['https://www.lge.co.kr/kr/images/dishwashers/md10677827/gallery/small01.jpg'],,,,,,,,,,,,,,,,,,O,,,,KC 인증 필 유무,공정거래위원회(소비자24)제공 인증정보 조회,ZM07006-23002,,,,,"1,600",2025-01,LG전자(주),한국,결함·하자 등에 따른 소비자피해에 대해서는 소비자분쟁해결기준(소비자기본법 제 16조)에 따라 보상 가능,LG전자서비스센터 / 1544-7777,1등급,,,,O,,,,,LED,빌트인전용,상부터치버튼,3~5인가구용 (14인용),150mm,네이처 베이지,Full-Down,다크그레이,오렌지,O,O,O,O,X,Fully,Fully,O (3 Level),O (높이조절),300,220,O,O,Best,X,X,O,O,7,O,O,O,7,O,O,O,O,O,O,O,O,O(다운로드),O,O,"O(다운로드,스팀옵션기본)",O,O,O,O,O,O,열풍건조,O,54,O,O,O (상단선반 전면접이식 / 하단선반 전면접이식),O,O,"3단(최상단,상단,하단)",O,O,O,O,598 x 815 x 567,45,567,815,598,"1,600",220,R-C-LGE-LCWB-008,R-R-LGE-DUE6BG23,AC 220 V / 60 Hz,DUE6BGL2E.AKOR,598 x 815 x 567
전기레인지,https://www.lge.co.kr/electric-ranges/4bge-qkboe,LG 디오스 오브제컬렉션 식기세척기 + LG 디오스 오브제컬렉션 인덕션,4BGE-QKBOE,판매중,"2,660,000원","1,964,000원","1,733,600원",포인트 최대 0 멤버십 포인트 적립 | 제휴카드혜택 LGE.COM 플러스 서비스 최대 100만원 조건부 할인+ 10% 캐시백 | 결제일 할인 신용카드 7% 결제일 할인 (신한/현대/국민/롯데) | 무이자 카드사별 무이자 할부 혜택 | 간편결제 네이버페이 7% 포인트 적립(최대 10만원) 토스페이 1% 포인트 적립 (최대 2만원),,,,['https://www.lge.co.kr/kr/images/dishwashers/md10677835/gallery/small01.jpg'],,,,,,,,,,,,,,,,,,O,,,,KC 인증 필 유무,공정거래위원회(소비자24)제공 인증정보 조회,ZM07006-23003,,,,,"1,600",2025-08,LG전자(주),한국,결함·하자 등에 따른 소비자피해에 대해서는 소비자분쟁해결기준(소비자기본법 제 16조)에 따라 보상 가능,LG전자서비스센터 / 1544-7777,1등급,,,,O,,,,,LED,빌트인전용,전면터치버튼,3~5인가구용 (12인용),150mm,네이처 베이지,Full-Down,다크그레이,노블그레이,X,O,O,O,X,Half,Half,O (3 Level),X,300,270,X,X,Good,X,X,X,O,7,O,O,O,7,O,O,O,O,O,X,X,O,O(기본코스),O,O,"O(다운로드,스팀옵션기본)",O,O,O,O,O,O,자동문열림,O,54,O,O,O (상단선반 부분접이식 / 하단선반 부분접이식),O,O,"3단(최상단,상단,하단)",X,X,O,X,598 x 815 x 567,39,567,815,598,"1,600",220,R-C-LGE-LCWB-008,R-R-LGE-DUE6BG23,AC 220 V / 60 Hz,DUE4BGE.AKOR,598 x 815 x 567
전기레인지,https://www.lge.co.kr/electric-ranges/6pf3e-qeboe,LG 디오스 AI 오브제컬렉션 식기세척기 + LG 디오스 인덕션,6PF3E-QEBOE,판매중,"2,910,000원","2,201,000원","1,935,400원",포인트 최대 0 멤버십 포인트 적립 | 제휴카드혜택 LGE.COM 플러스 서비스 최대 100만원 조건부 할인+ 10% 캐시백 | 결제일 할인 신용카드 7% 결제일 할인 (신한/현대/국민/롯데) | 무이자 카드사별 무이자 할부 혜택 | 간편결제 네이버페이 7% 포인트 적립(최대 10만원) 토스페이 1% 포인트 적립 (최대 2만원),,,5.0,['https://www.lge.co.kr/kr/images/dishwashers/md10677832/gallery/small01.jpg'],,,,,,,,,,,,,,,,,,O,,,,KC 인증 필 유무,공정거래위원회(소비자24)제공 인증정보 조회,ZM07006-23002,,,,,"1,600",2025-01,LG전자(주),한국,결함·하자 등에 따른 소비자피해에 대해서는 소비자분쟁해결기준(소비자기본법 제 16조)에 따라 보상 가능,LG전자서비스센터 / 1544-7777,1등급,,,,O,,,,,LED,빌트인전용,전면터치버튼,3~5인가구용 (14인용),150mm,네이처 프라임 실버,Full-Down,다크그레이,오렌지,O,O,O,O,X,Fully,Fully,O (3 Level),O (높이조절),300,220,O,O,Best,O,X,O,O,7,O,O,O,7,O,O,O,O,O,O,O,O,O(다운로드),O,O,"O(다운로드,스팀옵션기본)",O,O,O,O,O,O,열풍건조,O,54,O,O,O (상단선반 전면접이식 / 하단선반 전면접이식),O,O,"3단(최상단,상단,하단)",O,O,O,X,598 x 815 x 567,45,567,815,598,"1,600",220,R-C-LGE-LCWB-008,R-R-LGE-DUE6BG23,AC 220 V / 60 Hz,DUE6PFL3E.AKOR,598 x 815 x 567
전기레인지,https://www.lge.co.kr/electric-ranges/6ew2e-qkhoe,LG 디오스 AI 오브제컬렉션 식기세척기 + LG 디오스 오브제컬렉션 인덕션,6EW2E-QKHOE,판매중,"3,270,000원","2,574,000원","2,282,300원",포인트 최대 0 멤버십 포인트 적립 | 제휴카드혜택 LGE.COM 플러스 서비스 최대 100만원 조건부 할인+ 10% 캐시백 | 결제일 할인 신용카드 7% 결제일 할인 (신한/현대/국민/롯데) | 무이자 카드사별 무이자 할부 혜택 | 간편결제 네이버페이 7% 포인트 적립(최대 10만원) 토스페이 1% 포인트 적립 (최대 2만원),,,5.0,['https://www.lge.co.kr/kr/images/dishwashers/md10677834/gallery/small01.jpg'],,,,,,,,,,,,,,,,,,O,,,,KC 인증 필 유무,공정거래위원회(소비자24)제공 인증정보 조회,ZM07006-23002,,,,,"1,600",2025-01,LG전자(주),한국,결함·하자 등에 따른 소비자피해에 대해서는 소비자분쟁해결기준(소비자기본법 제 16조)에 따라 보상 가능,LG전자서비스센터 / 1544-7777,1등급,,,,O,,,,,LED,빌트인전용,상부터치버튼,3~5인가구용 (14인용),150mm,네이처 에센스 화이트,Full-Down,다크그레이,오렌지,O,O,O,O,X,Fully,Fully,O (3 Level),O (높이조절),300,220,O,O,Best,X,X,O,O,7,O,O,O,7,O,O,O,O,O,O,O,O,O(다운로드),O,O,"O(다운로드,스팀옵션기본)",O,O,O,O,O,O,열풍건조,O,54,O,O,O (상단선반 전면접이식 / 하단선반 전면접이식),O,O,"3단(최상단,상단,하단)",O,O,O,O,598 x 815 x 567,45,567,815,598,"1,600",220,R-C-LGE-LCWB-008,R-R-LGE-DUE6BG23,AC 220 V / 60 Hz,DUE6EWL2E.AKOR,598 x 815 x 567
전기레인지,https://www.lge.co.kr/electric-ranges/6ew2e-anhoe,LG 디오스 AI 오브제컬렉션 식기세척기 + LG 디오스 오브제컬렉션 인덕션,6EW2E-ANHOE,판매중,"3,670,000원","2,838,000원","2,527,800원",포인트 최대 0 멤버십 포인트 적립 | 제휴카드혜택 LGE.COM 플러스 서비스 최대 100만원 조건부 할인+ 10% 캐시백 | 결제일 할인 신용카드 7% 결제일 할인 (신한/현대/국민/롯데) | 무이자 카드사별 무이자 할부 혜택 | 간편결제 네이버페이 7% 포인트 적립(최대 10만원) 토스페이 1% 포인트 적립 (최대 2만원),,,,['https://www.lge.co.kr/kr/images/dishwashers/md10677833/gallery/small01.jpg'],,,,,,,,,,,,,,,,,,O,,,,KC 인증 필 유무,공정거래위원회(소비자24)제공 인증정보 조회,ZM07006-23002,,,,,"1,600",2025-01,LG전자(주),한국,결함·하자 등에 따른 소비자피해에 대해서는 소비자분쟁해결기준(소비자기본법 제 16조)에 따라 보상 가능,LG전자서비스센터 / 1544-7777,1등급,,,,O,,,,,LED,빌트인전용,상부터치버튼,3~5인가구용 (14인용),150mm,네이처 에센스 화이트,Full-Down,다크그레이,오렌지,O,O,O,O,X,Fully,Fully,O (3 Level),O (높이조절),300,220,O,O,Best,X,X,O,O,7,O,O,O,7,O,O,O,O,O,O,O,O,O(다운로드),O,O,"O(다운로드,스팀옵션기본)",O,O,O,O,O,O,열풍건조,O,54,O,O,O (상단선반 전면접이식 / 하단선반 전면접이식),O,O,"3단(최상단,상단,하단)",O,O,O,O,598 x 815 x 567,45,567,815,598,"1,600",220,R-C-LGE-LCWB-008,R-R-LGE-DUE6BG23,AC 220 V / 60 Hz,DUE6EWL2E.AKOR,598 x 815 x 567
전기레인지,https://www.lge.co.kr/electric-ranges/6ew2e-qkboe,LG 디오스 AI 오브제컬렉션 식기세척기 + LG 디오스 오브제컬렉션 인덕션,6EW2E-QKBOE,판매중,"3,270,000원","2,474,000원","2,189,300원",포인트 최대 0 멤버십 포인트 적립 | 제휴카드혜택 LGE.COM 플러스 서비스 최대 100만원 조건부 할인+ 10% 캐시백 | 결제일 할인 신용카드 7% 결제일 할인 (신한/현대/국민/롯데) | 무이자 카드사별 무이자 할부 혜택 | 간편결제 네이버페이 7% 포인트 적립(최대 10만원) 토스페이 1% 포인트 적립 (최대 2만원),,,,['https://www.lge.co.kr/kr/images/dishwashers/md10677828/gallery/small01.jpg'],,,,,,,,,,,,,,,,,,O,,,,KC 인증 필 유무,공정거래위원회(소비자24)제공 인증정보 조회,ZM07006-23002,,,,,"1,600",2025-01,LG전자(주),한국,결함·하자 등에 따른 소비자피해에 대해서는 소비자분쟁해결기준(소비자기본법 제 16조)에 따라 보상 가능,LG전자서비스센터 / 1544-7777,1등급,,,,O,,,,,LED,빌트인전용,상부터치버튼,3~5인가구용 (14인용),150mm,네이처 에센스 화이트,Full-Down,다크그레이,오렌지,O,O,O,O,X,Fully,Fully,O (3 Level),O (높이조절),300,220,O,O,Best,X,X,O,O,7,O,O,O,7,O,O,O,O,O,O,O,O,O(다운로드),O,O,"O(다운로드,스팀옵션기본)",O,O,O,O,O,O,열풍건조,O,54,O,O,O (상단선반 전면접이식 / 하단선반 전면접이식),O,O,"3단(최상단,상단,하단)",O,O,O,O,598 x 815 x 567,45,567,815,598,"1,600",220,R-C-LGE-LCWB-008,R-R-LGE-DUE6BG23,AC 220 V / 60 Hz,DUE6EWL2E.AKOR,598 x 815 x 567
전기레인지,https://www.lge.co.kr/electric-ranges/6pf3e-asmoe,LG 디오스 AI 오브제컬렉션 식기세척기 + LG 디오스 인덕션,6PF3E-ASMOE,판매중,"3,460,000원","2,631,000원","2,335,300원",포인트 최대 0 멤버십 포인트 적립 | 제휴카드혜택 LGE.COM 플러스 서비스 최대 100만원 조건부 할인+ 10% 캐시백 | 결제일 할인 신용카드 7% 결제일 할인 (신한/현대/국민/롯데) | 무이자 카드사별 무이자 할부 혜택 | 간편결제 네이버페이 7% 포인트 적립(최대 10만원) 토스페이 1% 포인트 적립 (최대 2만원),,,,['https://www.lge.co.kr/kr/images/dishwashers/md10677831/gallery/small01.jpg'],,,,,,,,,,,,,,,,,,O,,,,KC 인증 필 유무,공정거래위원회(소비자24)제공 인증정보 조회,ZM07006-23002,,,,,"1,600",2025-01,LG전자(주),한국,결함·하자 등에 따른 소비자피해에 대해서는 소비자분쟁해결기준(소비자기본법 제 16조)에 따라 보상 가능,LG전자서비스센터 / 1544-7777,1등급,,,,O,,,,,LED,빌트인전용,전면터치버튼,3~5인가구용 (14인용),150mm,네이처 프라임 실버,Full-Down,다크그레이,오렌지,O,O,O,O,X,Fully,Fully,O (3 Level),O (높이조절),300,220,O,O,Best,O,X,O,O,7,O,O,O,7,O,O,O,O,O,O,O,O,O(다운로드),O,O,"O(다운로드,스팀옵션기본)",O,O,O,O,O,O,열풍건조,O,54,O,O,O (상단선반 전면접이식 / 하단선반 전면접이식),O,O,"3단(최상단,상단,하단)",O,O,O,X,598 x 815 x 567,45,567,815,598,"1,600",220,R-C-LGE-LCWB-008,R-R-LGE-DUE6BG23,AC 220 V / 60 Hz,DUE6PFL3E.AKOR,598 x 815 x 567
전기레인지,https://www.lge.co.kr/electric-ranges/bei3anhlo,LG 디오스 오브제컬렉션 인덕션오브제 화이트,BEI3ANHLO,일시품절,"1,540,000원",,"1,440,000원",포인트 최대 0 멤버십 포인트 적립 | 제휴카드혜택 LGE.COM 플러스 서비스 최대 100만원 조건부 할인+ 10% 캐시백 | 결제일 할인 신용카드 7% 결제일 할인 (신한/현대/국민/롯데) | 무이자 카드사별 무이자 할부 혜택 | 간편결제 네이버페이 7% 포인트 적립(최대 10만원) 토스페이 1% 포인트 적립 (최대 2만원),"월 28,100 원","월 2,100원",5.0,"['https://www.lge.co.kr/kr/images/electric-ranges/md10525831/gallery/small-interior01.jpg', 'https://www.lge.co.kr/kr/images/electric-ranges/md10525831/gallery/BEI3ANHL.jpg', 'https://www.lge.co.kr/kr/images/electric-ranges/md10370826/gallery/small01.jpg', 'https://www.lge.co.kr/kr/images/electric-ranges/md10370826/gallery/small02.jpg', 'https://www.lge.co.kr/kr/images/electric-ranges/md10370826/gallery/small03.jpg', 'https://www.lge.co.kr/kr/images/electric-ranges/md10370826/gallery/small04.jpg', 'https://www.lge.co.kr/kr/images/electric-ranges/md10370826/gallery/small05.jpg']",인덕션 3구,"3,400",21,"220℃ 내열 코일, Fan Lock 안전장치, 고/저전압 보호설계, 고성능 단열재, 변속 쿨링팬, 분리벽 코일 설계, 상판 과열 방지, 소프트웨어 안전인증(KTL), 시간제어, 용기감지, 일시낮춤, 잔열표시 ""H"", 잠금기능, 전류퓨즈, 전원 자동 OFF, 정전기 방지 시스템, 출력제어, 코일 감지 센서, 쿨링 에어가이드 설계, 타이머, 화구 자동 OFF",O,X,"2,000(3,400)","1,400","1,100",,세라믹 글라스+강화 글라스,글라스터치,화이트(조작부: 미스트 에센스 화이트),560 x 65 x 480,10.1,580 x 59 x 520,O,O,O,O,,KC 인증 필 유무,공정거래위원회(소비자24)제공 인증정보 조회,SM07005-21007,R-C-LGE-LCWB-001,R-R-LGE-BEI3ANHL4,만족,220V / 60Hz,"3,400",2024-12,신성델타테크(주),한국,결함·하자 등에 따른 소비자피해에 대해서는 소비자분쟁해결기준(소비자기본법 제 16조)에 따라 보상 가능,LG전자서비스센터 / 1544-7777,,,,,,,,,,,,,,,,,,,,,,,,,,,,,,,,,,,,,,,,,,,,,,,,,,,,,,,,,,,,,,,,,,,,,,,,,,,,,,,,,,,,
전기레인지,https://www.lge.co.kr/electric-ranges/bef3anhlo,LG 디오스 오브제컬렉션 인덕션오브제 화이트,BEF3ANHLO,일시품절,"1,690,000원","1,538,000원","1,337,400원",포인트 최대 0 멤버십 포인트 적립 | 제휴카드혜택 LGE.COM 플러스 서비스 최대 100만원 조건부 할인+ 10% 캐시백 | 결제일 할인 신용카드 7% 결제일 할인 (신한/현대/국민/롯데) | 무이자 카드사별 무이자 할부 혜택 | 간편결제 네이버페이 7% 포인트 적립(최대 10만원) 토스페이 1% 포인트 적립 (최대 2만원),"월 30,800 원","월 4,800원",5.0,"['https://www.lge.co.kr/kr/images/electric-ranges/md10524829/gallery/small-interior01.jpg', 'https://www.lge.co.kr/kr/images/electric-ranges/md10524829/gallery/small01.jpg', 'https://www.lge.co.kr/kr/images/electric-ranges/md10524829/gallery/small02.jpg', 'https://www.lge.co.kr/kr/images/electric-ranges/md10524829/gallery/small03.jpg', 'https://www.lge.co.kr/kr/images/electric-ranges/md10524829/gallery/small04.jpg', 'https://www.lge.co.kr/kr/images/electric-ranges/md10524829/gallery/small05.jpg']",인덕션 3구,"3,400",21,"220℃ 내열 코일, Fan Lock 안전장치, 고/저전압 보호설계, 고성능 단열재, 변속 쿨링팬, 분리벽 코일 설계, 상판 과열 방지, 소프트웨어 안전인증(KTL), 시간제어, 용기감지, 일시낮춤, 잔열표시 ""H"", 잠금기능, 전류퓨즈, 전원 자동 OFF, 정전기 방지 시스템, 출력제어, 코일 감지 센서, 쿨링 에어가이드 설계, 타이머, 화구 자동 OFF",O,X,"2,000(3,400)","1,400","1,400",,세라믹 글라스+강화 글라스,글라스터치,화이트(조작부: 미스트 에센스 화이트),560 x 65 x 480,10.6,580 x 59 x 520,O,O,O,O,,KC 인증 필 유무,공정거래위원회(소비자24)제공 인증정보 조회,SM07005-22008,R-C-LGE-LCWB-001,R-R-LGE-BEF3ANHL4,만족,220V / 60Hz,"3,400",2024-12,신성델타테크(주),한국,결함·하자 등에 따른 소비자피해에 대해서는 소비자분쟁해결기준(소비자기본법 제 16조)에 따라 보상 가능,LG전자서비스센터 / 1544-7777,,"2,800",,,,,,,,,,,,,,,,,,,,,,,,,,,,,,,,,,,,,,,,,,,,,,,,,,,,,,,,,,,,,,,,,,,,,,,,,,,,,,,,,,
전기레인지,https://www.lge.co.kr/electric-ranges/bey3srbl,LG 디오스 하이브리드블랙 세라믹,BEY3SRBL,일시품절,"890,000원","801,000원","717,100원",포인트 최대 0 멤버십 포인트 적립 | 제휴카드혜택 LGE.COM 플러스 서비스 최대 100만원 조건부 할인+ 10% 캐시백 | 결제일 할인 신용카드 7% 결제일 할인 (신한/현대/국민/롯데) | 무이자 카드사별 무이자 할부 혜택 | 간편결제 네이버페이 7% 포인트 적립(최대 10만원) 토스페이 1% 포인트 적립 (최대 2만원),,,5.0,"['https://www.lge.co.kr/kr/images/electric-ranges/md10428829/gallery/small-interior01.jpg', 'https://www.lge.co.kr/kr/images/electric-ranges/md10428829/gallery/small01.jpg', 'https://www.lge.co.kr/kr/images/electric-ranges/md10428829/gallery/small02.jpg', 'https://www.lge.co.kr/kr/images/electric-ranges/md10428829/gallery/small03.jpg', 'https://www.lge.co.kr/kr/images/electric-ranges/md10428829/gallery/small04.jpg', 'https://www.lge.co.kr/kr/images/electric-ranges/md10428829/gallery/small05.jpg']",인덕션 2구 + 라디언트 1구,"3,400",16,"220℃ 내열 코일, 고/저전압 보호설계, 고성능 단열재, 분리벽 코일 설계, 상판 과열 방지, 시간제어, 온도퓨즈, 용기감지, 일시낮춤, 잔열표시 ""H"", 잠금기능, 전류퓨즈, 전원 자동 OFF, 출력제어, 타이머, 화구 자동 OFF",X,X,"2,100(3,300)","1,300",,,세라믹 글라스,글라스터치,블랙,560 x 65 x 480,9.62,575 x 54 x 515,O,X,O,X,,KC 인증 필 유무,공정거래위원회(소비자24)제공 인증정보 조회,SM07005-18001,R-C-LGE-LCWB-001,R-R-LGE-BEY3MS3,만족,220V / 60Hz,"3,400",2024-08,신성델타테크(주),한국,결함·하자 등에 따른 소비자피해에 대해서는 소비자분쟁해결기준(소비자기본법 제 16조)에 따라 보상 가능,LG전자서비스센터 / 1544-7777,,,,"1,050",,,,,,,,,,,,,,,,,,,,,,,,,,,,,,,,,,,,,,,,,,,,,,,,,,,,,,,,,,,,,,,,,,,,,,,,,,,,,,,,
전기레인지,https://www.lge.co.kr/electric-ranges/bei3asb4,LG 디오스 인덕션1등급블랙 세라믹,BEI3ASB4,일시품절,"1,765,000원","1,590,000원","1,385,700원",포인트 최대 0 멤버십 포인트 적립 | 제휴카드혜택 LGE.COM 플러스 서비스 최대 100만원 조건부 할인+ 10% 캐시백 | 결제일 할인 신용카드 7% 결제일 할인 (신한/현대/국민/롯데) | 무이자 카드사별 무이자 할부 혜택 | 간편결제 네이버페이 7% 포인트 적립(최대 10만원) 토스페이 1% 포인트 적립 (최대 2만원),"월 30,400 원","월 4,400원",5.0,"['https://www.lge.co.kr/kr/images/electric-ranges/md10372832/gallery/small-interior01.jpg', 'https://www.lge.co.kr/kr/images/electric-ranges/md10372832/gallery/small01.jpg', 'https://www.lge.co.kr/kr/images/electric-ranges/md10372832/gallery/small02.jpg', 'https://www.lge.co.kr/kr/images/electric-ranges/md10372832/gallery/small03.jpg', 'https://www.lge.co.kr/kr/images/electric-ranges/md10372832/gallery/small04.jpg', 'https://www.lge.co.kr/kr/images/electric-ranges/md10372832/gallery/small05.jpg']",인덕션 3구,"3,400",21,"220℃ 내열 코일, Fan Lock 안전장치, 고/저전압 보호설계, 고성능 단열재, 변속 쿨링팬, 분리벽 코일 설계, 상판 과열 방지, 소프트웨어 안전인증(KTL), 시간제어, 용기감지, 일시낮춤, 잔열표시 ""H"", 잠금기능, 전류퓨즈, 전원 자동 OFF, 정전기 방지 시스템, 출력제어, 코일 감지 센서, 쿨링 에어가이드 설계, 타이머, 화구 자동 OFF",O,X,"2,000(3,400)","1,400(2,200)","1,100(2,200)",쿼드인버터,세라믹 글라스,글라스터치,블랙,560 x 65 x 480,10.1,575 x 59 x 515,O,O,O,O,O,KC 인증 필 유무,공정거래위원회(소비자24)제공 인증정보 조회,SM07005-21007,R-C-LGE-LCWB-001,R-R-LGE-BEI3ANHL4,만족,220V / 60Hz,"3,400",2024-11,신성델타테크(주),한국,결함·하자 등에 따른 소비자피해에 대해서는 소비자분쟁해결기준(소비자기본법 제 16조)에 따라 보상 가능,LG전자서비스센터 / 1544-7777,1등급,,,,,,,,,,,,,,,,,,,,,,,,,,,,,,,,,,,,,,,,,,,,,,,,,,,,,,,,,,,,,,,,,,,,,,,,,,,,,,,,,,,
전기레인지,https://www.lge.co.kr/electric-ranges/6bg1e-qkhe,LG 디오스 AI 오브제컬렉션 식기세척기 +  LG 디오스 오브제컬렉션 인덕션,6BG1E-QKHE,판매예정,,,,,,,4.3,['https://www.lge.co.kr/kr/images/dishwashers/md10676831/gallery/small01.jpg'],,,,,,,,,,,,,,,,,,O,,,,KC 인증 필 유무,공정거래위원회(소비자24)제공 인증정보 조회,ZM07006-23002,,,,,"1,600",2025-01,LG전자(주),한국,결함·하자 등에 따른 소비자피해에 대해서는 소비자분쟁해결기준(소비자기본법 제 16조)에 따라 보상 가능,LG전자서비스센터 / 1544-7777,1등급,,,,O,,,,,LED,빌트인전용,상부터치버튼,3~5인가구용 (14인용),150mm,네이처 베이지,Full-Down,다크그레이,오렌지,O,O,O,O,X,Fully,Fully,O (3 Level),O (높이조절),300,220,O,O,Best,O,X,O,O,7,O,O,O,7,O,O,O,O,O,O,O,O,O(다운로드),O,O,"O(다운로드,스팀옵션기본)",O,O,O,O,O,O,열풍건조,O,54,O,O,O (상단선반 전면접이식 / 하단선반 전면접이식),O,O,"3단(최상단,상단,하단)",O,O,O,O,598 x 815 x 567,45,567,815,598,"1,600",220,R-C-LGE-LCWB-008,R-R-LGE-DUE6BG23,AC 220 V / 60 Hz,DUE6BGL1E.AKOR,598 x 815 x 567
전기레인지,https://www.lge.co.kr/electric-ranges/5bg1e-qkhe,LG 디오스 AI 오브제컬렉션 식기세척기 + LG 디오스 오브제컬렉션 인덕션,5BG1E-QKHE,판매예정,,,,,,,5.0,['https://www.lge.co.kr/kr/images/dishwashers/md10677839/gallery/small01.jpg'],,,,,,,,,,,,,,,,,,O,,,,KC 인증 필 유무,공정거래위원회(소비자24)제공 인증정보 조회,ZM07006-23003,,,,,"1,600",2025-01,LG전자(주),한국,결함·하자 등에 따른 소비자피해에 대해서는 소비자분쟁해결기준(소비자기본법 제 16조)에 따라 보상 가능,LG전자서비스센터 / 1544-7777,1등급,,,,O,,,,,LED,빌트인전용,전면터치버튼,3~5인가구용 (14인용),150mm,네이처 베이지,Full-Down,다크그레이,오렌지,O,O,O,O,X,Fully,Fully,O (3 Level),O (높이조절),300,220,O,O,Best,X,X,O,O,7,O,O,O,7,O,O,O,O,O,X,X,O,O(기본코스),O,O,"O(다운로드,스팀옵션기본)",O,O,O,O,O,O,자동문열림,O,54,O,O,O (상단선반 전면접이식 / 하단선반 전면접이식),O,O,"3단(최상단,상단,하단)",X,X,O,X,598 x 815 x 567,43,567,815,598,"1,600",220,R-C-LGE-LCWB-008,R-R-LGE-DUE6BG23,AC 220 V / 60 Hz,DUE5BGL1E.AKOR,598 x 815 x 567
전기레인지,https://www.lge.co.kr/electric-ranges/6bg1e-asb2e,LG 디오스 AI 오브제컬렉션 식기세척기 + LG 디오스 인덕션,6BG1E-ASB2E,판매예정,,,,,,,5.0,['https://www.lge.co.kr/kr/images/dishwashers/md10677838/gallery/small01.jpg'],,,,,,,,,,,,,,,,,,O,,,,KC 인증 필 유무,공정거래위원회(소비자24)제공 인증정보 조회,ZM07006-23002,,,,,"1,600",2025-01,LG전자(주),한국,결함·하자 등에 따른 소비자피해에 대해서는 소비자분쟁해결기준(소비자기본법 제 16조)에 따라 보상 가능,LG전자서비스센터 / 1544-7777,1등급,,,,O,,,,,LED,빌트인전용,상부터치버튼,3~5인가구용 (14인용),150mm,네이처 베이지,Full-Down,다크그레이,오렌지,O,O,O,O,X,Fully,Fully,O (3 Level),O (높이조절),300,220,O,O,Best,O,X,O,O,7,O,O,O,7,O,O,O,O,O,O,O,O,O(다운로드),O,O,"O(다운로드,스팀옵션기본)",O,O,O,O,O,O,열풍건조,O,54,O,O,O (상단선반 전면접이식 / 하단선반 전면접이식),O,O,"3단(최상단,상단,하단)",O,O,O,O,598 x 815 x 567,45,567,815,598,"1,600",220,R-C-LGE-LCWB-008,R-R-LGE-DUE6BG23,AC 220 V / 60 Hz,DUE6BGL1E.AKOR,598 x 815 x 567
전기레인지,https://www.lge.co.kr/electric-ranges/5bg1e-asb2e,LG 디오스 AI 오브제컬렉션 식기세척기 + LG 디오스 인덕션,5BG1E-ASB2E,판매예정,,,,,,,,['https://www.lge.co.kr/kr/images/dishwashers/md10677840/gallery/small01.jpg'],,,,,,,,,,,,,,,,,,O,,,,KC 인증 필 유무,공정거래위원회(소비자24)제공 인증정보 조회,ZM07006-23003,,,,,"1,600",2025-01,LG전자(주),한국,결함·하자 등에 따른 소비자피해에 대해서는 소비자분쟁해결기준(소비자기본법 제 16조)에 따라 보상 가능,LG전자서비스센터 / 1544-7777,1등급,,,,O,,,,,LED,빌트인전용,전면터치버튼,3~5인가구용 (14인용),150mm,네이처 베이지,Full-Down,다크그레이,오렌지,O,O,O,O,X,Fully,Fully,O (3 Level),O (높이조절),300,220,O,O,Best,X,X,O,O,7,O,O,O,7,O,O,O,O,O,X,X,O,O(기본코스),O,O,"O(다운로드,스팀옵션기본)",O,O,O,O,O,O,자동문열림,O,54,O,O,O (상단선반 전면접이식 / 하단선반 전면접이식),O,O,"3단(최상단,상단,하단)",X,X,O,X,598 x 815 x 567,43,567,815,598,"1,600",220,R-C-LGE-LCWB-008,R-R-LGE-DUE6BG23,AC 220 V / 60 Hz,DUE5BGL1E.AKOR,598 x 815 x 567
